ISO-10303-21;
HEADER;
FILE_DESCRIPTION (( 'STEP AP214' ),
    '1' );
FILE_NAME ('52100001009.STEP',
    '2024-08-07T08:24:59',
    ( '' ),
    ( '' ),
    'SwSTEP 2.0',
    'SolidWorks 2024',
    '' );
FILE_SCHEMA (( 'AUTOMOTIVE_DESIGN' ));
ENDSEC;

DATA;
#1 = ORIENTED_EDGE ( 'NONE', *, *, #1936, .T. ) ;
#2 = CARTESIAN_POINT ( 'NONE',  ( 0.000000000000000000, -1.454076847109852411, 6.126799657709470992 ) ) ;
#3 = DIRECTION ( 'NONE',  ( -1.000000000000000000, 0.000000000000000000, 0.000000000000000000 ) ) ;
#4 = EDGE_LOOP ( 'NONE', ( #1117, #1460, #2464, #2489, #337, #120 ) ) ;
#5 = CARTESIAN_POINT ( 'NONE',  ( 2.887564937478166893, -2.234865282865877045, 7.167274393290615109 ) ) ;
#6 = EDGE_CURVE ( 'NONE', #2334, #1706, #1018, .T. ) ;
#7 =( BOUNDED_SURFACE ( )  B_SPLINE_SURFACE ( 3, 3, ( 
 ( #361, #907, #1296, #918 ),
 ( #2563, #2239, #1120, #128 ),
 ( #682, #838, #1139, #1064 ),
 ( #2769, #1611, #2817, #699 ) ),
 .UNSPECIFIED., .F., .F., .F. ) 
 B_SPLINE_SURFACE_WITH_KNOTS ( ( 4, 4 ),
 ( 4, 4 ),
 ( 0.000000000000000000, 1.000000000000000000 ),
 ( 0.000000000000000000, 1.000000000000000000 ),
 .UNSPECIFIED. ) 
 GEOMETRIC_REPRESENTATION_ITEM ( )  RATIONAL_B_SPLINE_SURFACE ( (
 ( 1.000000000000000000, 0.3333333333333256543, 0.3333333333333256543, 1.000000000000000000),
 ( 0.9466378794718093292, 0.3155459598239291896, 0.3155459598239291896, 0.9466378794718093292),
 ( 0.9466378794718093292, 0.3155459598239291896, 0.3155459598239291896, 0.9466378794718093292),
 ( 1.000000000000000000, 0.3333333333333256543, 0.3333333333333256543, 1.000000000000000000) ) ) 
 REPRESENTATION_ITEM ( '' )  SURFACE ( )  );
#8 = ORIENTED_EDGE ( 'NONE', *, *, #2596, .F. ) ;
#9 = CARTESIAN_POINT ( 'NONE',  ( 2.803711553880455565, -2.263747712513390464, 7.040748615689729206 ) ) ;
#10 = CARTESIAN_POINT ( 'NONE',  ( 2.000000000000000000, 2.506950374042860030, 2.000000000000000000 ) ) ;
#11 = CYLINDRICAL_SURFACE ( 'NONE', #922, 2.111517552952840049 ) ;
#12 = DIRECTION ( 'NONE',  ( 1.000000000000000000, 0.000000000000000000, 0.000000000000000000 ) ) ;
#13 = CARTESIAN_POINT ( 'NONE',  ( 2.000000000000000000, -2.166966284473390569, 6.981735383786030091 ) ) ;
#14 = CARTESIAN_POINT ( 'NONE',  ( 2.904187702616581213, 2.563489578860555618, 8.934261314953287680 ) ) ;
#15 = ORIENTED_EDGE ( 'NONE', *, *, #2737, .T. ) ;
#16 = CARTESIAN_POINT ( 'NONE',  ( 0.6000000000000009770, -2.506950374042850260, -2.000000000000000000 ) ) ;
#17 = CARTESIAN_POINT ( 'NONE',  ( -2.000000000000000000, -2.006950374042860030, 2.983123814582119948 ) ) ;
#18 = VERTEX_POINT ( 'NONE', #2230 ) ;
#19 = CARTESIAN_POINT ( 'NONE',  ( 2.803711553880458673, -2.263747712513383803, 7.040748615689728318 ) ) ;
#20 = ORIENTED_EDGE ( 'NONE', *, *, #205, .F. ) ;
#21 = EDGE_CURVE ( 'NONE', #2476, #538, #384, .T. ) ;
#22 = EDGE_CURVE ( 'NONE', #1397, #649, #1072, .T. ) ;
#23 = DIRECTION ( 'NONE',  ( 0.000000000000000000, 0.000000000000000000, -1.000000000000000000 ) ) ;
#24 = CARTESIAN_POINT ( 'NONE',  ( 2.399999999999999911, -2.293049625957139792, 1.032867151468250083E-16 ) ) ;
#25 = VERTEX_POINT ( 'NONE', #2434 ) ;
#26 = CARTESIAN_POINT ( 'NONE',  ( 2.200000000000000178, 2.706950374042849994, 1.084202172485504434E-16 ) ) ;
#27 = EDGE_CURVE ( 'NONE', #2270, #1041, #1653, .T. ) ;
#28 = CARTESIAN_POINT ( 'NONE',  ( -0.3600000000005569856, -2.506950374043780183, -3.283808552445110163 ) ) ;
#29 = CARTESIAN_POINT ( 'NONE',  ( 2.000000000000000000, -2.189746988851569931, 8.981579697442930055 ) ) ;
#30 = ORIENTED_EDGE ( 'NONE', *, *, #22, .F. ) ;
#31 = FACE_OUTER_BOUND ( 'NONE', #4, .T. ) ;
#32 = DIRECTION ( 'NONE',  ( 0.000000000000000000, 1.802288556821790108E-16, 1.000000000000000000 ) ) ;
#33 = CARTESIAN_POINT ( 'NONE',  ( -0.2400000000004869904, 2.506950374043590557, -3.698122778900680530 ) ) ;
#34 = VERTEX_POINT ( 'NONE', #565 ) ;
#35 = CIRCLE ( 'NONE', #2507, 0.4999999999999922284 ) ;
#36 = FACE_OUTER_BOUND ( 'NONE', #1385, .T. ) ;
#37 = DIRECTION ( 'NONE',  ( -1.000000000000000000, -0.000000000000000000, -0.000000000000000000 ) ) ;
#38 = VECTOR ( 'NONE', #1790, 1000.000000000000000 ) ;
#39 = VERTEX_POINT ( 'NONE', #1267 ) ;
#40 = AXIS2_PLACEMENT_3D ( 'NONE', #2695, #574, #1284 ) ;
#41 = AXIS2_PLACEMENT_3D ( 'NONE', #1008, #2197, #2449 ) ;
#42 = CYLINDRICAL_SURFACE ( 'NONE', #1128, 2.511550608801529361 ) ;
#43 = LINE ( 'NONE', #951, #295 ) ;
#44 = VECTOR ( 'NONE', #2025, 1000.000000000000000 ) ;
#45 = AXIS2_PLACEMENT_3D ( 'NONE', #3028, #2037, #2996 ) ;
#46 = ORIENTED_EDGE ( 'NONE', *, *, #903, .F. ) ;
#47 = CARTESIAN_POINT ( 'NONE',  ( 2.500000000000000000, -0.009876157712706000111, 8.012535240600110242 ) ) ;
#48 = CARTESIAN_POINT ( 'NONE',  ( 0.000000000000000000, 2.506950374042850260, 0.000000000000000000 ) ) ;
#49 = CARTESIAN_POINT ( 'NONE',  ( -2.000000000000000000, -2.101411997443690005, 3.015941518713856961 ) ) ;
#50 = EDGE_CURVE ( 'NONE', #2340, #1492, #139, .T. ) ;
#51 = LINE ( 'NONE', #393, #186 ) ;
#52 = CARTESIAN_POINT ( 'NONE',  ( 2.817157287525382525, 2.753602053428420238, 7.109852912024376081 ) ) ;
#53 = FACE_OUTER_BOUND ( 'NONE', #1191, .T. ) ;
#54 = CARTESIAN_POINT ( 'NONE',  ( 2.803711553880456009, 2.663747712513388599, 7.040748615689729206 ) ) ;
#55 = ORIENTED_EDGE ( 'NONE', *, *, #807, .F. ) ;
#56 = CARTESIAN_POINT ( 'NONE',  ( -2.000000000000000000, 1.854076847109850545, 6.126799657709467439 ) ) ;
#57 = EDGE_CURVE ( 'NONE', #2908, #2159, #51, .T. ) ;
#58 = ORIENTED_EDGE ( 'NONE', *, *, #69, .F. ) ;
#59 = CARTESIAN_POINT ( 'NONE',  ( 2.803711553880452900, -2.263747712513390908, 7.040748615689728318 ) ) ;
#60 = CARTESIAN_POINT ( 'NONE',  ( 2.817157287525381637, -2.353602053428421215, 7.109852912024380522 ) ) ;
#61 = ORIENTED_EDGE ( 'NONE', *, *, #2948, .T. ) ;
#62 = DIRECTION ( 'NONE',  ( -1.000000000000000000, -0.000000000000000000, -0.000000000000000000 ) ) ;
#63 = CARTESIAN_POINT ( 'NONE',  ( -0.5760000000000989884, -2.106950374043039975, -2.151695218389699793 ) ) ;
#64 = DIRECTION ( 'NONE',  ( 0.000000000000000000, -0.000000000000000000, -1.000000000000000000 ) ) ;
#65 = ORIENTED_EDGE ( 'NONE', *, *, #2546, .T. ) ;
#66 = CARTESIAN_POINT ( 'NONE',  ( 2.700000000000000178, -2.189746988851569931, 8.781579697442930765 ) ) ;
#67 = LINE ( 'NONE', #2467, #927 ) ;
#68 = EDGE_CURVE ( 'NONE', #1578, #3038, #899, .T. ) ;
#69 = EDGE_CURVE ( 'NONE', #89, #1148, #2154, .T. ) ;
#70 = FACE_OUTER_BOUND ( 'NONE', #294, .T. ) ;
#71 = VERTEX_POINT ( 'NONE', #643 ) ;
#72 = LINE ( 'NONE', #312, #487 ) ;
#73 = ORIENTED_EDGE ( 'NONE', *, *, #181, .T. ) ;
#74 = DIRECTION ( 'NONE',  ( -1.000000000000000000, -0.000000000000000000, 0.000000000000000000 ) ) ;
#75 = CARTESIAN_POINT ( 'NONE',  ( -2.000000000000000000, 2.318662170010689749, 9.648631048310480907 ) ) ;
#76 = ORIENTED_EDGE ( 'NONE', *, *, #1333, .T. ) ;
#77 = CARTESIAN_POINT ( 'NONE',  ( 2.887564937478168670, 2.634865282865876512, 7.167274393290615109 ) ) ;
#78 = FACE_OUTER_BOUND ( 'NONE', #1651, .T. ) ;
#79 = DIRECTION ( 'NONE',  ( 1.000000000000000000, 0.000000000000000000, 0.000000000000000000 ) ) ;
#80 = VERTEX_POINT ( 'NONE', #2289 ) ;
#81 = CARTESIAN_POINT ( 'NONE',  ( 2.747126555043929219, -2.288260793921126357, 8.963823674521410823 ) ) ;
#82 = DIRECTION ( 'NONE',  ( 0.000000000000000000, 0.000000000000000000, -1.000000000000000000 ) ) ;
#83 = CARTESIAN_POINT ( 'NONE',  ( -0.3600000000005569856, 2.506950374043779739, -3.283808552445119933 ) ) ;
#84 = EDGE_CURVE ( 'NONE', #1495, #914, #132, .T. ) ;
#85 = ORIENTED_EDGE ( 'NONE', *, *, #1989, .T. ) ;
#86 = AXIS2_PLACEMENT_3D ( 'NONE', #1544, #2754, #3030 ) ;
#87 = CIRCLE ( 'NONE', #290, 0.1999999999999996503 ) ;
#88 = EDGE_CURVE ( 'NONE', #2396, #243, #625, .T. ) ;
#89 = VERTEX_POINT ( 'NONE', #843 ) ;
#90 = VECTOR ( 'NONE', #216, 1000.000000000000114 ) ;
#91 = CARTESIAN_POINT ( 'NONE',  ( 2.891497491970473011, -2.216642858289487705, 7.211077309130380364 ) ) ;
#92 = AXIS2_PLACEMENT_3D ( 'NONE', #387, #163, #1326 ) ;
#93 = VECTOR ( 'NONE', #2881, 1000.000000000000000 ) ;
#94 = ORIENTED_EDGE ( 'NONE', *, *, #1994, .F. ) ;
#95 = DIRECTION ( 'NONE',  ( 0.000000000000000000, 0.000000000000000000, -1.000000000000000000 ) ) ;
#96 = CARTESIAN_POINT ( 'NONE',  ( -2.000000000000000000, -2.489768704622322915, 3.113071725902204712 ) ) ;
#97 = CIRCLE ( 'NONE', #740, 0.2000000000000000944 ) ;
#98 = DIRECTION ( 'NONE',  ( 0.5185577694022754924, 0.4839071401999904265, -0.7049338404815044257 ) ) ;
#99 = ORIENTED_EDGE ( 'NONE', *, *, #169, .F. ) ;
#100 = AXIS2_PLACEMENT_3D ( 'NONE', #2494, #2587, #1831 ) ;
#101 = DIRECTION ( 'NONE',  ( 0.000000000000000000, 0.9790281682483125136, -0.2037249267427869437 ) ) ;
#102 = CARTESIAN_POINT ( 'NONE',  ( 2.817157287525385190, 0.7703263358789009807, 7.977726515156256859 ) ) ;
#103 = CARTESIAN_POINT ( 'NONE',  ( -2.970713952610280670E-16, 2.506950374042830276, -4.043989427158519945 ) ) ;
#104 = CARTESIAN_POINT ( 'NONE',  ( 2.700000000000000178, -2.166966284473393678, 7.181735383786037374 ) ) ;
#105 = ORIENTED_EDGE ( 'NONE', *, *, #2220, .T. ) ;
#106 = CARTESIAN_POINT ( 'NONE',  ( 2.500000000000000000, -1.885898336976628453, 8.981579697442930055 ) ) ;
#107 = CARTESIAN_POINT ( 'NONE',  ( 2.500000000000000000, 0.3901238422872940204, 8.012535240600110242 ) ) ;
#108 = VERTEX_POINT ( 'NONE', #1574 ) ;
#109 = ADVANCED_FACE ( 'NONE', ( #165 ), #2504, .T. ) ;
#110 = EDGE_CURVE ( 'NONE', #1924, #1273, #2038, .T. ) ;
#111 = ORIENTED_EDGE ( 'NONE', *, *, #152, .F. ) ;
#112 = CARTESIAN_POINT ( 'NONE',  ( 0.6000000000000009770, -2.106950374042849905, -2.000000000000000000 ) ) ;
#113 = B_SPLINE_CURVE_WITH_KNOTS ( 'NONE', 3,
 ( #2925, #1466, #566, #1501, #365, #133 ),
 .UNSPECIFIED., .F., .F.,
 ( 4, 2, 4 ),
 ( 0.000000000000000000, 0.5000000000000000000, 1.000000000000000000 ),
 .UNSPECIFIED. ) ;
#114 = CARTESIAN_POINT ( 'NONE',  ( 2.727652719185556851, -2.384366340456535838, 8.910430444653758997 ) ) ;
#115 = DIRECTION ( 'NONE',  ( -0.000000000000000000, -1.000000000000000000, -0.000000000000000000 ) ) ;
#116 = CARTESIAN_POINT ( 'NONE',  ( 2.000000000000000000, -2.006950374042860030, 2.983123814582119948 ) ) ;
#117 = DIRECTION ( 'NONE',  ( 0.000000000000000000, 0.000000000000000000, 1.000000000000000000 ) ) ;
#118 = LINE ( 'NONE', #767, #1033 ) ;
#119 = DIRECTION ( 'NONE',  ( -0.000000000000000000, -1.000000000000000000, 0.000000000000000000 ) ) ;
#120 = ORIENTED_EDGE ( 'NONE', *, *, #50, .F. ) ;
#121 = LINE ( 'NONE', #106, #1768 ) ;
#122 = FACE_OUTER_BOUND ( 'NONE', #508, .T. ) ;
#123 = ORIENTED_EDGE ( 'NONE', *, *, #1889, .F. ) ;
#124 = DIRECTION ( 'NONE',  ( -0.000000000000000000, -6.938893903907230350E-16, -1.000000000000000000 ) ) ;
#125 = EDGE_LOOP ( 'NONE', ( #2057, #812, #162, #2957, #874, #2943 ) ) ;
#126 = EDGE_CURVE ( 'NONE', #2385, #1063, #265, .T. ) ;
#127 = ADVANCED_FACE ( 'NONE', ( #364 ), #2243, .F. ) ;
#128 = CARTESIAN_POINT ( 'NONE',  ( 2.760299765612876488, 2.688260793921121827, 8.953939044356888033 ) ) ;
#129 = CARTESIAN_POINT ( 'NONE',  ( 2.815272636010002660, -2.462117315995421940, 8.758570798701418525 ) ) ;
#130 = CARTESIAN_POINT ( 'NONE',  ( 2.500000000000000000, 2.266146021551218137, 8.981579697442930055 ) ) ;
#131 = EDGE_CURVE ( 'NONE', #25, #39, #2502, .T. ) ;
#132 = LINE ( 'NONE', #1329, #1317 ) ;
#133 = CARTESIAN_POINT ( 'NONE',  ( 2.899999999999896438, -1.377996969973340091, 8.781579242731419654 ) ) ;
#134 = DIRECTION ( 'NONE',  ( 1.000000000000000000, 0.000000000000000000, 0.000000000000000000 ) ) ;
#135 = DIRECTION ( 'NONE',  ( 0.000000000000000000, 0.000000000000000000, -1.000000000000000000 ) ) ;
#136 = ORIENTED_EDGE ( 'NONE', *, *, #1196, .F. ) ;
#137 = LINE ( 'NONE', #1075, #2416 ) ;
#138 = ORIENTED_EDGE ( 'NONE', *, *, #988, .T. ) ;
#139 = CIRCLE ( 'NONE', #2657, 0.1999999999999999833 ) ;
#140 = DIRECTION ( 'NONE',  ( 0.000000000000000000, 0.000000000000000000, -1.000000000000000000 ) ) ;
#141 = ORIENTED_EDGE ( 'NONE', *, *, #6, .F. ) ;
#142 = CIRCLE ( 'NONE', #2156, 0.2000000000000000944 ) ;
#143 = CARTESIAN_POINT ( 'NONE',  ( 2.887741902192990651, -2.257981699003843712, 8.791428681725241390 ) ) ;
#144 = AXIS2_PLACEMENT_3D ( 'NONE', #1053, #1992, #1552 ) ;
#145 = DIRECTION ( 'NONE',  ( 0.000000000000000000, 0.000000000000000000, -1.000000000000000000 ) ) ;
#146 = DIRECTION ( 'NONE',  ( -1.000000000000000000, -0.000000000000000000, -0.000000000000000000 ) ) ;
#147 = AXIS2_PLACEMENT_3D ( 'NONE', #2395, #2848, #297 ) ;
#148 = DIRECTION ( 'NONE',  ( 0.000000000000000000, -1.000000000000000000, -0.000000000000000000 ) ) ;
#149 = AXIS2_PLACEMENT_3D ( 'NONE', #1985, #1777, #818 ) ;
#150 = CARTESIAN_POINT ( 'NONE',  ( 2.700000000000000178, -0.3703263359638137575, 7.977726493325848267 ) ) ;
#151 = DIRECTION ( 'NONE',  ( 1.000000000000000000, 0.000000000000000000, 0.000000000000000000 ) ) ;
#152 = EDGE_CURVE ( 'NONE', #1690, #1472, #2522, .T. ) ;
#153 = DIRECTION ( 'NONE',  ( 0.000000000000000000, -1.000000000000000000, -0.000000000000000000 ) ) ;
#154 = CIRCLE ( 'NONE', #1810, 0.09999999999999766020 ) ;
#155 = EDGE_LOOP ( 'NONE', ( #2519, #1208, #1032, #2175 ) ) ;
#156 = CARTESIAN_POINT ( 'NONE',  ( -0.5280000000002720295, -2.106950374045314600, -2.441838184034749393 ) ) ;
#157 = LINE ( 'NONE', #617, #1524 ) ;
#158 = AXIS2_PLACEMENT_3D ( 'NONE', #1819, #1846, #220 ) ;
#159 = ORIENTED_EDGE ( 'NONE', *, *, #1812, .T. ) ;
#160 = EDGE_CURVE ( 'NONE', #89, #2330, #684, .T. ) ;
#161 = DIRECTION ( 'NONE',  ( 0.000000000000000000, -1.000000000000000000, -0.000000000000000000 ) ) ;
#162 = ORIENTED_EDGE ( 'NONE', *, *, #391, .F. ) ;
#163 = DIRECTION ( 'NONE',  ( 1.000000000000000000, 0.000000000000000000, 0.000000000000000000 ) ) ;
#164 = CARTESIAN_POINT ( 'NONE',  ( 2.200000000000000178, -2.293049625957139792, 9.757819552369539906E-16 ) ) ;
#165 = FACE_OUTER_BOUND ( 'NONE', #1166, .T. ) ;
#166 = CARTESIAN_POINT ( 'NONE',  ( 2.000000000000000000, -2.493049625957143522, 2.000000000000000444 ) ) ;
#167 = CARTESIAN_POINT ( 'NONE',  ( 2.000000000000000000, 0.000000000000000000, 8.000000000000000000 ) ) ;
#168 = ORIENTED_EDGE ( 'NONE', *, *, #21, .F. ) ;
#169 = EDGE_CURVE ( 'NONE', #1290, #2908, #2967, .T. ) ;
#170 = EDGE_CURVE ( 'NONE', #427, #1495, #2776, .T. ) ;
#171 = VERTEX_POINT ( 'NONE', #657 ) ;
#172 = ORIENTED_EDGE ( 'NONE', *, *, #877, .F. ) ;
#173 = DIRECTION ( 'NONE',  ( -0.000000000000000000, 0.3326963527921852348, -0.9430340061942505958 ) ) ;
#174 = CARTESIAN_POINT ( 'NONE',  ( 2.000000000000000000, 2.506950374042853369, 2.983123814582120392 ) ) ;
#175 = DIRECTION ( 'NONE',  ( 0.000000000000000000, 0.000000000000000000, -1.000000000000000000 ) ) ;
#176 = CARTESIAN_POINT ( 'NONE',  ( 2.000000000000000000, 2.207472492326545410, 10.26561407150419036 ) ) ;
#177 = LINE ( 'NONE', #2744, #2070 ) ;
#178 = ORIENTED_EDGE ( 'NONE', *, *, #68, .F. ) ;
#179 = ORIENTED_EDGE ( 'NONE', *, *, #2899, .T. ) ;
#180 = FACE_OUTER_BOUND ( 'NONE', #417, .T. ) ;
#181 = EDGE_CURVE ( 'NONE', #1559, #649, #883, .T. ) ;
#182 = EDGE_LOOP ( 'NONE', ( #1261, #2828, #1106, #2412, #1525 ) ) ;
#183 = CARTESIAN_POINT ( 'NONE',  ( 0.000000000000000000, 2.554865279386000498, 10.06731551639139965 ) ) ;
#184 = EDGE_CURVE ( 'NONE', #2908, #1794, #1817, .T. ) ;
#185 = ORIENTED_EDGE ( 'NONE', *, *, #995, .T. ) ;
#186 = VECTOR ( 'NONE', #598, 1000.000000000000000 ) ;
#187 = CARTESIAN_POINT ( 'NONE',  ( 2.900000000000005684, 1.794971568908142023, 7.064790190981675266 ) ) ;
#188 = DIRECTION ( 'NONE',  ( 0.000000000000000000, 0.4913561050383910556, 0.8709587694268320357 ) ) ;
#189 = VECTOR ( 'NONE', #3074, 1000.000000000000000 ) ;
#190 = CARTESIAN_POINT ( 'NONE',  ( 0.000000000000000000, 2.207472492326549851, 10.26561407150419925 ) ) ;
#191 = DIRECTION ( 'NONE',  ( 1.000000000000000000, -0.000000000000000000, 0.000000000000000000 ) ) ;
#192 = DIRECTION ( 'NONE',  ( 0.000000000000000000, 0.000000000000000000, -1.000000000000000000 ) ) ;
#193 = FACE_OUTER_BOUND ( 'NONE', #1077, .T. ) ;
#194 = AXIS2_PLACEMENT_3D ( 'NONE', #2152, #1689, #738 ) ;
#195 = DIRECTION ( 'NONE',  ( -1.000000000000000000, 0.000000000000000000, -0.000000000000000000 ) ) ;
#196 = AXIS2_PLACEMENT_3D ( 'NONE', #1412, #1446, #2882 ) ;
#197 = VERTEX_POINT ( 'NONE', #2535 ) ;
#198 = AXIS2_PLACEMENT_3D ( 'NONE', #2863, #1941, #2440 ) ;
#199 = AXIS2_PLACEMENT_3D ( 'NONE', #1845, #2572, #12 ) ;
#200 = AXIS2_PLACEMENT_3D ( 'NONE', #1463, #2181, #64 ) ;
#201 = EDGE_LOOP ( 'NONE', ( #2888, #2393, #865, #2178 ) ) ;
#202 = CARTESIAN_POINT ( 'NONE',  ( 0.1200000000002799938, 2.906950374043966612, -3.955777927878620037 ) ) ;
#203 = VECTOR ( 'NONE', #469, 1000.000000000000000 ) ;
#204 = VERTEX_POINT ( 'NONE', #2492 ) ;
#205 = EDGE_CURVE ( 'NONE', #25, #34, #422, .T. ) ;
#206 = ADVANCED_FACE ( 'NONE', ( #2552 ), #2586, .T. ) ;
#207 = FACE_OUTER_BOUND ( 'NONE', #1336, .T. ) ;
#208 = CARTESIAN_POINT ( 'NONE',  ( 2.000000000000000000, -2.106950374042850349, 2.000000000000000000 ) ) ;
#209 = CARTESIAN_POINT ( 'NONE',  ( 2.500000000000000000, -1.445872768983590184, 6.981735383786030091 ) ) ;
#210 = CYLINDRICAL_SURFACE ( 'NONE', #1330, 0.5000000000000022204 ) ;
#211 = CARTESIAN_POINT ( 'NONE',  ( 2.700000000000000178, 1.785764572353550239, 6.981735383786030091 ) ) ;
#212 = ORIENTED_EDGE ( 'NONE', *, *, #356, .F. ) ;
#213 = ORIENTED_EDGE ( 'NONE', *, *, #2659, .F. ) ;
#214 = CYLINDRICAL_SURFACE ( 'NONE', #2561, 0.1999999999999996503 ) ;
#215 = EDGE_LOOP ( 'NONE', ( #2761, #2749, #526, #1761 ) ) ;
#216 = DIRECTION ( 'NONE',  ( 0.000000000000000000, -0.4913561050383770112, -0.8709587694268399183 ) ) ;
#217 = ORIENTED_EDGE ( 'NONE', *, *, #2125, .T. ) ;
#218 = DIRECTION ( 'NONE',  ( 0.000000000000000000, 1.000000000000000000, 0.000000000000000000 ) ) ;
#219 = FILL_AREA_STYLE ('',( #2087 ) ) ;
#220 = DIRECTION ( 'NONE',  ( 0.000000000000000000, -0.2037249267427869159, 0.9790281682483124026 ) ) ;
#221 = CARTESIAN_POINT ( 'NONE',  ( 2.899999999999999911, 1.845872768983590095, 7.181736872816009587 ) ) ;
#222 = EDGE_CURVE ( 'NONE', #3035, #1233, #35, .T. ) ;
#223 = ORIENTED_EDGE ( 'NONE', *, *, #2318, .T. ) ;
#224 = ORIENTED_EDGE ( 'NONE', *, *, #933, .T. ) ;
#225 = MANIFOLD_SOLID_BREP ( 'Combine1', #284 ) ;
#226 = CARTESIAN_POINT ( 'NONE',  ( 2.817157287525382525, 2.970823919200647811, 7.673848124747030930 ) ) ;
#227 = PLANE ( 'NONE',  #2974 ) ;
#228 = VERTEX_POINT ( 'NONE', #2382 ) ;
#229 = CARTESIAN_POINT ( 'NONE',  ( 2.847463886787333642, -2.263747712513388688, 7.072933355385075060 ) ) ;
#230 = ORIENTED_EDGE ( 'NONE', *, *, #3026, .T. ) ;
#231 = CARTESIAN_POINT ( 'NONE',  ( 2.900000000000000355, 0.9703248229937178060, 7.978504430182574048 ) ) ;
#232 = DIRECTION ( 'NONE',  ( 0.000000000000000000, 0.000000000000000000, -1.000000000000000000 ) ) ;
#233 = CARTESIAN_POINT ( 'NONE',  ( -0.6000000000000009770, 2.506950374042856922, 0.000000000000000000 ) ) ;
#234 = DIRECTION ( 'NONE',  ( 0.000000000000000000, 0.000000000000000000, -1.000000000000000000 ) ) ;
#235 =( GEOMETRIC_REPRESENTATION_CONTEXT ( 3 ) GLOBAL_UNCERTAINTY_ASSIGNED_CONTEXT ( ( #3043 ) ) GLOBAL_UNIT_ASSIGNED_CONTEXT ( ( #669, #1599, #1634 ) ) REPRESENTATION_CONTEXT ( 'NONE', 'WORKASPACE' ) );
#236 = ORIENTED_EDGE ( 'NONE', *, *, #2247, .F. ) ;
#237 = DIRECTION ( 'NONE',  ( 0.000000000000000000, 0.000000000000000000, -1.000000000000000000 ) ) ;
#238 = CARTESIAN_POINT ( 'NONE',  ( 2.500000000000000000, -2.300146472711220191, 6.981735383786030091 ) ) ;
#239 = VECTOR ( 'NONE', #1178, 1000.000000000000114 ) ;
#240 = EDGE_CURVE ( 'NONE', #204, #2771, #142, .T. ) ;
#241 = AXIS2_PLACEMENT_3D ( 'NONE', #48, #1238, #318 ) ;
#242 = AXIS2_PLACEMENT_3D ( 'NONE', #1883, #972, #270 ) ;
#243 = VERTEX_POINT ( 'NONE', #1844 ) ;
#244 = FACE_OUTER_BOUND ( 'NONE', #1629, .T. ) ;
#245 = CIRCLE ( 'NONE', #41, 0.1999999999999996503 ) ;
#246 = AXIS2_PLACEMENT_3D ( 'NONE', #1054, #1254, #1528 ) ;
#247 = ORIENTED_EDGE ( 'NONE', *, *, #2620, .F. ) ;
#248 = CARTESIAN_POINT ( 'NONE',  ( 0.000000000000000000, 1.861839066429387346, 9.652957669751176084 ) ) ;
#249 = CARTESIAN_POINT ( 'NONE',  ( 2.000000000000000000, -1.807472492326549940, 10.26561407150419925 ) ) ;
#250 = DIRECTION ( 'NONE',  ( -1.000000000000000000, -0.000000000000000000, -0.000000000000000000 ) ) ;
#251 = SHAPE_DEFINITION_REPRESENTATION ( #445, #2089 ) ;
#252 = FACE_OUTER_BOUND ( 'NONE', #1022, .T. ) ;
#253 = CARTESIAN_POINT ( 'NONE',  ( 0.000000000000000000, 0.000000000000000000, 8.000000000000000000 ) ) ;
#254 = ORIENTED_EDGE ( 'NONE', *, *, #1144, .T. ) ;
#255 = DIRECTION ( 'NONE',  ( 0.000000000000000000, 0.000000000000000000, 1.000000000000000000 ) ) ;
#256 = CARTESIAN_POINT ( 'NONE',  ( 2.000000000000000000, -1.835157621338211253, 6.258895361867145013 ) ) ;
#257 = EDGE_CURVE ( 'NONE', #2644, #737, #1645, .T. ) ;
#258 = EDGE_CURVE ( 'NONE', #2589, #2329, #714, .T. ) ;
#259 = ORIENTED_EDGE ( 'NONE', *, *, #1763, .F. ) ;
#260 = DIRECTION ( 'NONE',  ( -0.000000000000000000, 0.000000000000000000, -1.000000000000000000 ) ) ;
#261 = EDGE_CURVE ( 'NONE', #1352, #311, #87, .T. ) ;
#262 = ORIENTED_EDGE ( 'NONE', *, *, #946, .T. ) ;
#263 = CARTESIAN_POINT ( 'NONE',  ( 2.861729069707802164, -2.263747712513389132, 7.083426994660921849 ) ) ;
#264 = LINE ( 'NONE', #75, #1227 ) ;
#265 = B_SPLINE_CURVE_WITH_KNOTS ( 'NONE', 3,
 ( #2024, #1299, #1069, #855, #1129, #2997 ),
 .UNSPECIFIED., .F., .F.,
 ( 4, 2, 4 ),
 ( 0.000000000000000000, 0.5000000000000008882, 1.000000000000000000 ),
 .UNSPECIFIED. ) ;
#266 = CARTESIAN_POINT ( 'NONE',  ( 2.000000000000000000, -1.986632298580399913, 5.132807035752089853 ) ) ;
#267 = CARTESIAN_POINT ( 'NONE',  ( -0.1200000000002799938, -2.106950374043219831, -3.955777927880609557 ) ) ;
#268 = CARTESIAN_POINT ( 'NONE',  ( 2.804464742970532498, 2.688260793921123604, 8.920799479395132181 ) ) ;
#269 = ORIENTED_EDGE ( 'NONE', *, *, #2256, .F. ) ;
#270 = DIRECTION ( 'NONE',  ( 0.000000000000000000, 0.000000000000000000, -1.000000000000000000 ) ) ;
#271 = CARTESIAN_POINT ( 'NONE',  ( 2.000000000000000000, -1.852688690668791160, 6.981735383786030091 ) ) ;
#272 = CARTESIAN_POINT ( 'NONE',  ( 2.700000000000000178, 0.4098761577127060240, 8.012535240600110242 ) ) ;
#273 = ORIENTED_EDGE ( 'NONE', *, *, #2373, .F. ) ;
#274 = DIRECTION ( 'NONE',  ( 0.000000000000000000, -4.336808689942025625E-15, -1.000000000000000000 ) ) ;
#275 = EDGE_CURVE ( 'NONE', #2334, #1063, #1905, .T. ) ;
#276 = ORIENTED_EDGE ( 'NONE', *, *, #2125, .F. ) ;
#277 = ADVANCED_FACE ( 'NONE', ( #2132 ), #11, .F. ) ;
#278 = CARTESIAN_POINT ( 'NONE',  ( 2.899999999999999023, -0.8408336293062010913, 8.909057062611736910 ) ) ;
#279 = CARTESIAN_POINT ( 'NONE',  ( 2.700000000000000178, 2.566966284473390481, 7.181735383786030269 ) ) ;
#280 = ORIENTED_EDGE ( 'NONE', *, *, #1972, .T. ) ;
#281 = CARTESIAN_POINT ( 'NONE',  ( 2.708723078756582137, 2.653594861235149427, 6.993667519201752114 ) ) ;
#282 = CARTESIAN_POINT ( 'NONE',  ( 2.899999999998891465, 1.784219759067359856, 7.181736872816009587 ) ) ;
#283 = LINE ( 'NONE', #221, #885 ) ;
#284 = CLOSED_SHELL ( 'NONE', ( #380, #522, #2487, #878, #1182, #1158, #1096, #1367, #1607, #1364, #1742, #2850, #606, #677, #1294, #127, #800, #2978, #1259, #2296, #2503, #355, #2751, #2140, #898, #1387, #1520, #1519, #729, #2531, #1916, #392, #1177, #1632, #2085, #1121, #711, #2219, #2240, #1350, #2877, #564, #1537, #206, #1644, #570, #2781, #2910, #1693, #2376, #1157, #2488, #2835, #1272, #2020, #302, #2049, #1480, #712, #2681, #1386, #1758, #277, #2722, #678, #1990, #619, #1743, #1688, #336, #2257, #790, #660, #1793, #2451, #1141, #580, #2030, #2068, #3045, #2791, #2696, #1048, #2224, #2106, #109, #2833 ) ) ;
#285 = ORIENTED_EDGE ( 'NONE', *, *, #1705, .T. ) ;
#286 = LINE ( 'NONE', #2, #1961 ) ;
#287 = CARTESIAN_POINT ( 'NONE',  ( 2.900000000000000355, 0.9684686478586078673, 8.455718786872301607 ) ) ;
#288 = CARTESIAN_POINT ( 'NONE',  ( -2.000000000000000000, 2.501411997443689916, 3.015941518713856517 ) ) ;
#289 = ORIENTED_EDGE ( 'NONE', *, *, #2621, .F. ) ;
#290 = AXIS2_PLACEMENT_3D ( 'NONE', #1658, #250, #1188 ) ;
#291 = CARTESIAN_POINT ( 'NONE',  ( 2.399999999999999911, 2.506950374042850260, 9.026472928769379343E-16 ) ) ;
#292 = VECTOR ( 'NONE', #1359, 1000.000000000000000 ) ;
#293 = DIRECTION ( 'NONE',  ( 1.000000000000000000, 0.000000000000000000, 0.000000000000000000 ) ) ;
#294 = EDGE_LOOP ( 'NONE', ( #1788, #2936, #1383, #1826 ) ) ;
#295 = VECTOR ( 'NONE', #984, 1000.000000000000000 ) ;
#296 = CARTESIAN_POINT ( 'NONE',  ( 2.900000000000000355, -0.5703248230616366765, 7.978504412718223193 ) ) ;
#297 = DIRECTION ( 'NONE',  ( 0.000000000000000000, 0.000000000000000000, -1.000000000000000000 ) ) ;
#298 = CIRCLE ( 'NONE', #2018, 1.000000000000000000 ) ;
#299 = VECTOR ( 'NONE', #1318, 1000.000000000000114 ) ;
#300 = ORIENTED_EDGE ( 'NONE', *, *, #2322, .T. ) ;
#301 = EDGE_CURVE ( 'NONE', #1063, #171, #686, .T. ) ;
#302 = ADVANCED_FACE ( 'NONE', ( #497 ), #2098, .T. ) ;
#303 = CARTESIAN_POINT ( 'NONE',  ( 0.000000000000000000, 2.906950374042859941, 0.000000000000000000 ) ) ;
#304 = AXIS2_PLACEMENT_3D ( 'NONE', #1104, #3034, #2262 ) ;
#305 = DIRECTION ( 'NONE',  ( -1.000000000000000000, -0.000000000000000000, -0.000000000000000000 ) ) ;
#306 = CARTESIAN_POINT ( 'NONE',  ( 0.000000000000000000, -1.835157621338209921, 6.258895361867150342 ) ) ;
#307 = ORIENTED_EDGE ( 'NONE', *, *, #3046, .T. ) ;
#308 = CARTESIAN_POINT ( 'NONE',  ( 2.000000000000000000, -1.807472492326552826, 10.26561407150419747 ) ) ;
#309 = CARTESIAN_POINT ( 'NONE',  ( 2.699999999999999734, 0.7680061169600145288, 8.574244461018428964 ) ) ;
#310 = CARTESIAN_POINT ( 'NONE',  ( 0.3600000000005659784, 2.506950374042429708, -3.283808552441100481 ) ) ;
#311 = VERTEX_POINT ( 'NONE', #1893 ) ;
#312 = CARTESIAN_POINT ( 'NONE',  ( -0.6000000000000009770, -2.506950374042850260, 0.000000000000000000 ) ) ;
#313 = ORIENTED_EDGE ( 'NONE', *, *, #603, .F. ) ;
#314 = CARTESIAN_POINT ( 'NONE',  ( 2.817157287525381637, -2.378353790090421249, 8.848118968001374540 ) ) ;
#315 = EDGE_LOOP ( 'NONE', ( #1724, #919, #1365, #3059 ) ) ;
#316 = CYLINDRICAL_SURFACE ( 'NONE', #2112, 0.1000000000000028644 ) ;
#317 =( BOUNDED_SURFACE ( )  B_SPLINE_SURFACE ( 3, 3, ( 
 ( #1260, #1937, #533, #54 ),
 ( #1226, #1453, #2423, #2636 ),
 ( #734, #1735, #2622, #1010 ),
 ( #755, #1244, #1488, #2171 ) ),
 .UNSPECIFIED., .F., .F., .F. ) 
 B_SPLINE_SURFACE_WITH_KNOTS ( ( 4, 4 ),
 ( 4, 4 ),
 ( 0.000000000000000000, 1.000000000000000000 ),
 ( 0.000000000000000000, 1.000000000000000000 ),
 .UNSPECIFIED. ) 
 GEOMETRIC_REPRESENTATION_ITEM ( )  RATIONAL_B_SPLINE_SURFACE ( (
 ( 1.000000000000000000, 0.3333333333333315940, 0.3333333333333315940, 1.000000000000000000),
 ( 0.9132349005865918468, 0.3044116335288623576, 0.3044116335288623576, 0.9132349005865918468),
 ( 0.9132349005865918468, 0.3044116335288623576, 0.3044116335288623576, 0.9132349005865918468),
 ( 1.000000000000000000, 0.3333333333333315940, 0.3333333333333315940, 1.000000000000000000) ) ) 
 REPRESENTATION_ITEM ( '' )  SURFACE ( )  );
#318 = DIRECTION ( 'NONE',  ( -1.000000000000000000, 0.000000000000000000, -0.000000000000000000 ) ) ;
#319 = PLANE ( 'NONE',  #200 ) ;
#320 = DIRECTION ( 'NONE',  ( 0.000000000000000000, 0.000000000000000000, -1.000000000000000000 ) ) ;
#321 = LINE ( 'NONE', #2198, #2365 ) ;
#322 = CARTESIAN_POINT ( 'NONE',  ( -0.4560000000004559850, 2.506950374043660279, -2.837311437048029905 ) ) ;
#323 = EDGE_CURVE ( 'NONE', #1721, #676, #726, .T. ) ;
#324 = VERTEX_POINT ( 'NONE', #2613 ) ;
#325 = ORIENTED_EDGE ( 'NONE', *, *, #2091, .T. ) ;
#326 = CARTESIAN_POINT ( 'NONE',  ( 2.700000000000000178, 1.785764572353550239, 6.981735383786029203 ) ) ;
#327 = ORIENTED_EDGE ( 'NONE', *, *, #1401, .T. ) ;
#328 = CARTESIAN_POINT ( 'NONE',  ( 2.399999999999999911, -2.293049625957139792, 9.392146240569460611E-16 ) ) ;
#329 = DIRECTION ( 'NONE',  ( -0.000000000000000000, 0.3326963527921850683, 0.9430340061942508179 ) ) ;
#330 = DIRECTION ( 'NONE',  ( 0.000000000000000000, -0.9790281682483125136, 0.2037249267427869437 ) ) ;
#331 = ORIENTED_EDGE ( 'NONE', *, *, #811, .F. ) ;
#332 = CARTESIAN_POINT ( 'NONE',  ( 2.900000000000005684, 0.8531684216959591893, 7.978048738110531168 ) ) ;
#333 = CARTESIAN_POINT ( 'NONE',  ( 0.5280000000002820215, 2.906950374042690299, -2.441838184032779857 ) ) ;
#334 = EDGE_LOOP ( 'NONE', ( #2988, #1874, #1402, #2989, #1842 ) ) ;
#335 = EDGE_CURVE ( 'NONE', #604, #3022, #1431, .T. ) ;
#336 = ADVANCED_FACE ( 'NONE', ( #986 ), #1696, .T. ) ;
#337 = ORIENTED_EDGE ( 'NONE', *, *, #1593, .F. ) ;
#338 = AXIS2_PLACEMENT_3D ( 'NONE', #1051, #431, #1841 ) ;
#339 = CARTESIAN_POINT ( 'NONE',  ( 2.614969931919892243, -2.216642858289491702, 7.007660326594639777 ) ) ;
#340 = VECTOR ( 'NONE', #1168, 1000.000000000000000 ) ;
#341 = DIRECTION ( 'NONE',  ( 1.000000000000000000, 0.000000000000000000, 0.000000000000000000 ) ) ;
#342 = AXIS2_PLACEMENT_3D ( 'NONE', #1800, #1134, #2075 ) ;
#343 = VERTEX_POINT ( 'NONE', #328 ) ;
#344 = LINE ( 'NONE', #1944, #2015 ) ;
#345 = VECTOR ( 'NONE', #2731, 1000.000000000000000 ) ;
#346 = LINE ( 'NONE', #1510, #2714 ) ;
#347 = VECTOR ( 'NONE', #2084, 1000.000000000000000 ) ;
#348 = CARTESIAN_POINT ( 'NONE',  ( 2.500000000000000000, 1.845872768983590095, 6.981735383786030091 ) ) ;
#349 = DIRECTION ( 'NONE',  ( -1.000000000000000000, -0.000000000000000000, -0.000000000000000000 ) ) ;
#350 = AXIS2_PLACEMENT_3D ( 'NONE', #2246, #397, #135 ) ;
#351 = DIRECTION ( 'NONE',  ( 0.2867423817582269718, -0.8751193516677977513, -0.3898011375562578928 ) ) ;
#352 = DIRECTION ( 'NONE',  ( 1.000000000000000000, 0.000000000000000000, -0.000000000000000000 ) ) ;
#353 = FACE_OUTER_BOUND ( 'NONE', #125, .T. ) ;
#354 = ORIENTED_EDGE ( 'NONE', *, *, #2205, .F. ) ;
#355 = ADVANCED_FACE ( 'NONE', ( #1017 ), #2397, .T. ) ;
#356 = EDGE_CURVE ( 'NONE', #915, #2884, #1448, .T. ) ;
#357 = VERTEX_POINT ( 'NONE', #2430 ) ;
#358 = DIRECTION ( 'NONE',  ( 0.000000000000000000, -2.818925648462230749E-14, -1.000000000000000000 ) ) ;
#359 = EDGE_CURVE ( 'NONE', #463, #2454, #1717, .T. ) ;
#360 = ORIENTED_EDGE ( 'NONE', *, *, #1573, .T. ) ;
#361 = CARTESIAN_POINT ( 'NONE',  ( 2.804464742970533386, 2.688260793921123160, 8.920799479395132181 ) ) ;
#362 = LINE ( 'NONE', #2490, #2861 ) ;
#363 = DIRECTION ( 'NONE',  ( 0.000000000000000000, 0.000000000000000000, 1.000000000000000000 ) ) ;
#364 = FACE_OUTER_BOUND ( 'NONE', #381, .T. ) ;
#365 = CARTESIAN_POINT ( 'NONE',  ( 2.899999999999999911, -1.378357324552052399, 8.833938073317462170 ) ) ;
#366 = CARTESIAN_POINT ( 'NONE',  ( 2.399999999999999911, 2.506950374042860030, 2.000000000000000000 ) ) ;
#367 = DIRECTION ( 'NONE',  ( 1.000000000000000000, 0.000000000000000000, 0.000000000000000000 ) ) ;
#368 = ORIENTED_EDGE ( 'NONE', *, *, #1211, .T. ) ;
#369 = CARTESIAN_POINT ( 'NONE',  ( 2.200000000000000178, 2.906950374042855056, 2.000000000000000000 ) ) ;
#370 = ORIENTED_EDGE ( 'NONE', *, *, #771, .T. ) ;
#371 = LINE ( 'NONE', #1322, #977 ) ;
#372 = EDGE_LOOP ( 'NONE', ( #1609, #2580, #1625, #2182 ) ) ;
#373 = EDGE_CURVE ( 'NONE', #629, #1924, #747, .T. ) ;
#374 = CARTESIAN_POINT ( 'NONE',  ( 2.877953555425128318, -2.277598816561074546, 8.842105431395619775 ) ) ;
#375 = DIRECTION ( 'NONE',  ( 0.000000000000000000, 0.000000000000000000, -1.000000000000000000 ) ) ;
#376 = CARTESIAN_POINT ( 'NONE',  ( 2.500000000000000000, 2.778353790090422493, 8.848118968001370988 ) ) ;
#377 = CARTESIAN_POINT ( 'NONE',  ( 2.399999999999999911, -2.293049625957139348, 2.000000000000000000 ) ) ;
#378 = CARTESIAN_POINT ( 'NONE',  ( 2.500000000000000000, -1.445872768983590184, 8.981579697442930055 ) ) ;
#379 = LINE ( 'NONE', #1589, #929 ) ;
#380 = ADVANCED_FACE ( 'NONE', ( #1710 ), #2124, .T. ) ;
#381 = EDGE_LOOP ( 'NONE', ( #2557, #743, #2285, #616 ) ) ;
#382 = DIRECTION ( 'NONE',  ( 1.000000000000000000, 0.000000000000000000, 0.000000000000000000 ) ) ;
#383 = VERTEX_POINT ( 'NONE', #2207 ) ;
#384 = CIRCLE ( 'NONE', #2406, 0.09999999999999288625 ) ;
#385 = DIRECTION ( 'NONE',  ( -1.000000000000000000, -0.000000000000000000, -0.000000000000000000 ) ) ;
#386 = ORIENTED_EDGE ( 'NONE', *, *, #920, .F. ) ;
#387 = CARTESIAN_POINT ( 'NONE',  ( -2.000000000000000000, -1.943590931234010055, 6.228662121080859926 ) ) ;
#388 = VECTOR ( 'NONE', #2228, 1000.000000000000000 ) ;
#389 = CARTESIAN_POINT ( 'NONE',  ( 2.200000000000000178, -2.493049625957139970, 0.5000000000000009992 ) ) ;
#390 = CIRCLE ( 'NONE', #2059, 0.2000000000000005107 ) ;
#391 = EDGE_CURVE ( 'NONE', #2786, #383, #689, .T. ) ;
#392 = ADVANCED_FACE ( 'NONE', ( #2413 ), #316, .T. ) ;
#393 = CARTESIAN_POINT ( 'NONE',  ( -0.6000000000000009770, 2.506950374042850260, 0.000000000000000000 ) ) ;
#394 = CIRCLE ( 'NONE', #1968, 0.09999999999999288625 ) ;
#395 = CARTESIAN_POINT ( 'NONE',  ( 0.000000000000000000, 2.235157621338214717, 6.258895361867151230 ) ) ;
#396 = AXIS2_PLACEMENT_3D ( 'NONE', #1442, #1407, #492 ) ;
#397 = DIRECTION ( 'NONE',  ( 1.000000000000000000, 0.000000000000000000, 0.000000000000000000 ) ) ;
#398 = CARTESIAN_POINT ( 'NONE',  ( 0.4560000000004669762, 2.506950374044477847, -2.837311437044749862 ) ) ;
#399 = AXIS2_PLACEMENT_3D ( 'NONE', #2903, #1239, #363 ) ;
#400 = ORIENTED_EDGE ( 'NONE', *, *, #2573, .F. ) ;
#401 = VERTEX_POINT ( 'NONE', #2918 ) ;
#402 = CARTESIAN_POINT ( 'NONE',  ( -0.2400000000004869627, -2.106950374045554852, -3.698122778900680530 ) ) ;
#403 = FACE_OUTER_BOUND ( 'NONE', #1236, .T. ) ;
#404 = AXIS2_PLACEMENT_3D ( 'NONE', #1356, #2302, #2788 ) ;
#405 = ORIENTED_EDGE ( 'NONE', *, *, #2414, .F. ) ;
#406 = ORIENTED_EDGE ( 'NONE', *, *, #989, .T. ) ;
#407 = CARTESIAN_POINT ( 'NONE',  ( 2.700000000000000178, 0.7703263358789014248, 7.977726515156255083 ) ) ;
#408 = DIRECTION ( 'NONE',  ( 0.000000000000000000, -1.000000000000000000, 1.665334536937733578E-16 ) ) ;
#409 = CARTESIAN_POINT ( 'NONE',  ( 2.700000000000000178, 2.589746988851569842, 8.781579697442930765 ) ) ;
#410 = EDGE_CURVE ( 'NONE', #1721, #1560, #2859, .T. ) ;
#411 = LINE ( 'NONE', #378, #3024 ) ;
#412 = CARTESIAN_POINT ( 'NONE',  ( 2.700000000000000178, -2.166966284473393678, 7.181735383786037374 ) ) ;
#413 = ORIENTED_EDGE ( 'NONE', *, *, #1953, .T. ) ;
#414 = ORIENTED_EDGE ( 'NONE', *, *, #1333, .F. ) ;
#415 = DIRECTION ( 'NONE',  ( 1.000000000000000000, 0.000000000000000000, -0.000000000000000000 ) ) ;
#416 = EDGE_CURVE ( 'NONE', #2332, #204, #1509, .T. ) ;
#417 = EDGE_LOOP ( 'NONE', ( #1316, #1678, #1978, #1319 ) ) ;
#418 = DIRECTION ( 'NONE',  ( 0.000000000000000000, -1.000000000000000000, 0.000000000000000000 ) ) ;
#419 = ORIENTED_EDGE ( 'NONE', *, *, #771, .F. ) ;
#420 = CARTESIAN_POINT ( 'NONE',  ( 2.900000000000006128, 1.248064329701481956, 7.050084243641892456 ) ) ;
#421 = CYLINDRICAL_SURFACE ( 'NONE', #404, 0.1999999999999996503 ) ;
#422 = LINE ( 'NONE', #376, #1167 ) ;
#423 = CARTESIAN_POINT ( 'NONE',  ( 2.500000000000000000, -1.370318771452939899, 7.981616090287829479 ) ) ;
#424 = LINE ( 'NONE', #2350, #2674 ) ;
#425 = CARTESIAN_POINT ( 'NONE',  ( -2.000000000000000000, 2.906950374042850171, -7.228014483236695816E-17 ) ) ;
#426 = ORIENTED_EDGE ( 'NONE', *, *, #659, .F. ) ;
#427 = VERTEX_POINT ( 'NONE', #1237 ) ;
#428 = EDGE_CURVE ( 'NONE', #1690, #1307, #344, .T. ) ;
#429 = EDGE_CURVE ( 'NONE', #2750, #1721, #795, .T. ) ;
#430 = ORIENTED_EDGE ( 'NONE', *, *, #261, .T. ) ;
#431 = DIRECTION ( 'NONE',  ( -0.000000000000000000, 0.3326963527921852348, -0.9430340061942505958 ) ) ;
#432 = EDGE_LOOP ( 'NONE', ( #2495, #2896, #569, #2541 ) ) ;
#433 = CARTESIAN_POINT ( 'NONE',  ( 2.817157287525385190, 1.200891423652460599, 6.965943141584181042 ) ) ;
#434 = FACE_OUTER_BOUND ( 'NONE', #1986, .T. ) ;
#435 = SURFACE_SIDE_STYLE ('',( #2597 ) ) ;
#436 = CARTESIAN_POINT ( 'NONE',  ( 2.500000000000000000, -1.370318771452939899, 7.981616090287829479 ) ) ;
#437 = CARTESIAN_POINT ( 'NONE',  ( 2.700000000000000178, -1.385764572353550550, 6.981735383786029203 ) ) ;
#438 = VECTOR ( 'NONE', #1911, 1000.000000000000000 ) ;
#439 = DIRECTION ( 'NONE',  ( -0.000000000000000000, -1.000000000000000000, -0.000000000000000000 ) ) ;
#440 = VERTEX_POINT ( 'NONE', #512 ) ;
#441 = CIRCLE ( 'NONE', #2818, 0.2000000000000000944 ) ;
#442 = ORIENTED_EDGE ( 'NONE', *, *, #1504, .T. ) ;
#443 = VECTOR ( 'NONE', #37, 1000.000000000000000 ) ;
#444 = CARTESIAN_POINT ( 'NONE',  ( 0.4560000000004669762, -2.106950374044514795, -2.837311437044750306 ) ) ;
#445 = PRODUCT_DEFINITION_SHAPE ( 'NONE', 'NONE',  #1007 ) ;
#446 = VECTOR ( 'NONE', #2951, 1000.000000000000114 ) ;
#447 = VECTOR ( 'NONE', #2071, 1000.000000000000000 ) ;
#448 = ORIENTED_EDGE ( 'NONE', *, *, #584, .T. ) ;
#449 = CARTESIAN_POINT ( 'NONE',  ( -2.000000000000000000, 2.207472492326549851, 10.26561407150419925 ) ) ;
#450 = CIRCLE ( 'NONE', #844, 0.2000000000000002054 ) ;
#451 = EDGE_CURVE ( 'NONE', #1578, #2528, #2901, .T. ) ;
#452 = EDGE_CURVE ( 'NONE', #34, #1805, #3063, .T. ) ;
#453 = ORIENTED_EDGE ( 'NONE', *, *, #152, .T. ) ;
#454 = EDGE_CURVE ( 'NONE', #3022, #1405, #1518, .T. ) ;
#455 = DIRECTION ( 'NONE',  ( 0.000000000000000000, 0.2037249267427869159, -0.9790281682483124026 ) ) ;
#456 = CARTESIAN_POINT ( 'NONE',  ( 2.399999999999999911, 2.506950374042850260, 2.000000000000000000 ) ) ;
#457 = DIRECTION ( 'NONE',  ( -1.000000000000000000, -0.000000000000000000, -0.000000000000000000 ) ) ;
#458 = DIRECTION ( 'NONE',  ( 0.000000000000000000, -0.2037249267427883870, -0.9790281682483120695 ) ) ;
#459 = ORIENTED_EDGE ( 'NONE', *, *, #1151, .F. ) ;
#460 = ORIENTED_EDGE ( 'NONE', *, *, #2930, .T. ) ;
#461 = CARTESIAN_POINT ( 'NONE',  ( 2.817157287525382525, 2.979429019469731710, 8.278167486668358777 ) ) ;
#462 = DIRECTION ( 'NONE',  ( 0.000000000000000000, 0.000000000000000000, -1.000000000000000000 ) ) ;
#463 = VERTEX_POINT ( 'NONE', #652 ) ;
#464 = CARTESIAN_POINT ( 'NONE',  ( -0.5280000000002720295, 2.906950374044776630, -2.441838184034749837 ) ) ;
#465 = EDGE_LOOP ( 'NONE', ( #1152, #1, #1591, #1047 ) ) ;
#466 = DIRECTION ( 'NONE',  ( 1.000000000000000000, 0.000000000000000000, 0.000000000000000000 ) ) ;
#467 = EDGE_CURVE ( 'NONE', #2079, #25, #390, .T. ) ;
#468 = PRESENTATION_STYLE_ASSIGNMENT (( #1145 ) ) ;
#469 = DIRECTION ( 'NONE',  ( -0.000000000000000000, -1.802288556821790108E-16, -1.000000000000000000 ) ) ;
#470 = FACE_OUTER_BOUND ( 'NONE', #680, .T. ) ;
#471 = ORIENTED_EDGE ( 'NONE', *, *, #1424, .F. ) ;
#472 = CARTESIAN_POINT ( 'NONE',  ( 2.000000000000000000, 2.889768704622320161, 3.113071725902230025 ) ) ;
#473 = FACE_OUTER_BOUND ( 'NONE', #2623, .T. ) ;
#474 = EDGE_LOOP ( 'NONE', ( #999, #1335, #1175, #223 ) ) ;
#475 = LINE ( 'NONE', #3066, #733 ) ;
#476 = EDGE_LOOP ( 'NONE', ( #386, #2066, #2419, #2594 ) ) ;
#477 = CARTESIAN_POINT ( 'NONE',  ( 0.000000000000000000, 2.554865279385993393, 10.06731551639140321 ) ) ;
#478 = DIRECTION ( 'NONE',  ( -0.000000000000000000, 0.000000000000000000, -1.000000000000000000 ) ) ;
#479 = DIRECTION ( 'NONE',  ( 1.000000000000000000, 0.000000000000000000, 0.000000000000000000 ) ) ;
#480 = EDGE_CURVE ( 'NONE', #440, #89, #2944, .T. ) ;
#481 = DIRECTION ( 'NONE',  ( -0.000000000000000000, 1.000000000000000000, 0.000000000000000000 ) ) ;
#482 = ORIENTED_EDGE ( 'NONE', *, *, #170, .F. ) ;
#483 = DIRECTION ( 'NONE',  ( 0.000000000000000000, -0.000000000000000000, 1.000000000000000000 ) ) ;
#484 = LINE ( 'NONE', #503, #539 ) ;
#485 = CIRCLE ( 'NONE', #2210, 0.1999999999999996503 ) ;
#486 = AXIS2_PLACEMENT_3D ( 'NONE', #2550, #466, #2823 ) ;
#487 = VECTOR ( 'NONE', #947, 1000.000000000000000 ) ;
#488 = ORIENTED_EDGE ( 'NONE', *, *, #2871, .F. ) ;
#489 = CARTESIAN_POINT ( 'NONE',  ( 2.500000000000000000, 0.4098761577127060240, 8.012535240600110242 ) ) ;
#490 = AXIS2_PLACEMENT_3D ( 'NONE', #2715, #567, #2245 ) ;
#491 = AXIS2_PLACEMENT_3D ( 'NONE', #1291, #2940, #2235 ) ;
#492 = DIRECTION ( 'NONE',  ( 0.000000000000000000, 0.000000000000000000, -1.000000000000000000 ) ) ;
#493 = CIRCLE ( 'NONE', #350, 2.529673665926789994 ) ;
#494 = ORIENTED_EDGE ( 'NONE', *, *, #753, .T. ) ;
#495 = FACE_OUTER_BOUND ( 'NONE', #372, .T. ) ;
#496 = CARTESIAN_POINT ( 'NONE',  ( 2.000000000000000000, -2.154865279386005028, 10.06731551639140854 ) ) ;
#497 = FACE_OUTER_BOUND ( 'NONE', #1262, .T. ) ;
#498 = CARTESIAN_POINT ( 'NONE',  ( 0.4560000000004669762, -2.106950374042550145, -2.837311437044750306 ) ) ;
#499 = CARTESIAN_POINT ( 'NONE',  ( 2.000000000000000000, 2.232936375243379956, 6.981735383786030091 ) ) ;
#500 = VERTEX_POINT ( 'NONE', #1354 ) ;
#501 = EDGE_CURVE ( 'NONE', #401, #1290, #1506, .T. ) ;
#502 = CARTESIAN_POINT ( 'NONE',  ( 0.000000000000000000, -2.154865279386000143, 10.06731551639139965 ) ) ;
#503 = CARTESIAN_POINT ( 'NONE',  ( 2.500000000000000000, -2.189746988851569931, 8.981579697442931831 ) ) ;
#504 = CARTESIAN_POINT ( 'NONE',  ( -0.3600000000005569856, 2.906950374043780538, -3.283808552445119933 ) ) ;
#505 = ORIENTED_EDGE ( 'NONE', *, *, #2638, .T. ) ;
#506 = EDGE_CURVE ( 'NONE', #2309, #761, #2707, .T. ) ;
#507 = CARTESIAN_POINT ( 'NONE',  ( 2.728810370285467357, -2.358812006295949892, 7.050908008582474906 ) ) ;
#508 = EDGE_LOOP ( 'NONE', ( #1255, #662, #552, #2001 ) ) ;
#509 = CARTESIAN_POINT ( 'NONE',  ( 0.000000000000000000, -1.807472492326549940, 10.26561407150419925 ) ) ;
#510 = CARTESIAN_POINT ( 'NONE',  ( 2.900000000000001243, -2.494673120795464882, 8.269405689988690966 ) ) ;
#511 = ORIENTED_EDGE ( 'NONE', *, *, #2947, .F. ) ;
#512 = CARTESIAN_POINT ( 'NONE',  ( 2.700000000000000178, 1.778850146803329979, 8.981579697442930055 ) ) ;
#513 = CARTESIAN_POINT ( 'NONE',  ( -0.4560000000004559850, -2.106950374043659924, -2.837311437048029905 ) ) ;
#514 = CARTESIAN_POINT ( 'NONE',  ( 2.789511326763370658, 2.563489578860556062, 9.020309705205839634 ) ) ;
#515 = ORIENTED_EDGE ( 'NONE', *, *, #2351, .F. ) ;
#516 = DIRECTION ( 'NONE',  ( 0.000000000000000000, 0.4913561050383770112, -0.8709587694268399183 ) ) ;
#517 = DIRECTION ( 'NONE',  ( 0.000000000000000000, 1.665334536937729880E-16, 1.000000000000000000 ) ) ;
#518 = CARTESIAN_POINT ( 'NONE',  ( 2.000000000000000000, -1.943590931234010055, 6.228662121080859926 ) ) ;
#519 = ORIENTED_EDGE ( 'NONE', *, *, #2086, .T. ) ;
#520 = CARTESIAN_POINT ( 'NONE',  ( 2.000000000000000000, 1.948934943372069961, 9.603822059247340448 ) ) ;
#521 = EDGE_CURVE ( 'NONE', #1926, #2929, #637, .T. ) ;
#522 = ADVANCED_FACE ( 'NONE', ( #1384 ), #7, .T. ) ;
#523 = ORIENTED_EDGE ( 'NONE', *, *, #521, .F. ) ;
#524 = LINE ( 'NONE', #2190, #93 ) ;
#525 = CARTESIAN_POINT ( 'NONE',  ( 2.900000000000000355, -2.366890321166564615, 7.700818484385912654 ) ) ;
#526 = ORIENTED_EDGE ( 'NONE', *, *, #2583, .T. ) ;
#527 = CARTESIAN_POINT ( 'NONE',  ( 2.500000000000000000, -2.166966284473390569, 7.181735383786030269 ) ) ;
#528 = CARTESIAN_POINT ( 'NONE',  ( 0.6000000000000009770, -2.506950374042850260, -2.000000000000000000 ) ) ;
#529 = CARTESIAN_POINT ( 'NONE',  ( 2.899999999998891465, 1.784219759067359856, 7.181736872816009587 ) ) ;
#530 = ORIENTED_EDGE ( 'NONE', *, *, #1277, .F. ) ;
#531 = CARTESIAN_POINT ( 'NONE',  ( 2.861802930897140218, -2.288260793921124137, 8.877775284268858869 ) ) ;
#532 = DIRECTION ( 'NONE',  ( 0.000000000000000000, 0.000000000000000000, -1.000000000000000000 ) ) ;
#533 = CARTESIAN_POINT ( 'NONE',  ( 2.803711553880455121, 2.663747712513390375, 7.040748615689730094 ) ) ;
#534 = EDGE_LOOP ( 'NONE', ( #1045, #3016, #2444, #852 ) ) ;
#535 = CARTESIAN_POINT ( 'NONE',  ( 2.648843144351820555, -2.436344579127890153, 7.075069042076224335 ) ) ;
#536 = AXIS2_PLACEMENT_3D ( 'NONE', #2287, #173, #1341 ) ;
#537 = AXIS2_PLACEMENT_3D ( 'NONE', #527, #573, #95 ) ;
#538 = VERTEX_POINT ( 'NONE', #2333 ) ;
#539 = VECTOR ( 'NONE', #2591, 1000.000000000000000 ) ;
#540 = CIRCLE ( 'NONE', #1324, 0.1999999999999999833 ) ;
#541 = LINE ( 'NONE', #509, #2468 ) ;
#542 = DIRECTION ( 'NONE',  ( 0.000000000000000000, 0.000000000000000000, 1.000000000000000000 ) ) ;
#543 = VECTOR ( 'NONE', #1009, 1000.000000000000000 ) ;
#544 = AXIS2_PLACEMENT_3D ( 'NONE', #2033, #2959, #1540 ) ;
#545 = VERTEX_POINT ( 'NONE', #2061 ) ;
#546 = CARTESIAN_POINT ( 'NONE',  ( 2.816315036099227953, 2.758812006295955133, 7.115277487973168391 ) ) ;
#547 = EDGE_CURVE ( 'NONE', #1273, #2834, #1806, .T. ) ;
#548 = AXIS2_PLACEMENT_3D ( 'NONE', #857, #2233, #2483 ) ;
#549 = CYLINDRICAL_SURFACE ( 'NONE', #3062, 0.09999999999999288625 ) ;
#550 = CARTESIAN_POINT ( 'NONE',  ( 2.899999999999999467, 2.665800025339979396, 7.438347472564774243 ) ) ;
#551 =( BOUNDED_SURFACE ( )  B_SPLINE_SURFACE ( 3, 3, ( 
 ( #1898, #956, #1393, #731 ),
 ( #992, #1638, #1192, #2169 ),
 ( #52, #226, #461, #2342 ),
 ( #2136, #1162, #2148, #2810 ) ),
 .UNSPECIFIED., .F., .F., .T. ) 
 B_SPLINE_SURFACE_WITH_KNOTS ( ( 4, 4 ),
 ( 4, 4 ),
 ( 0.000000000000000000, 1.000000000000000000 ),
 ( 0.000000000000000000, 1.000000000000000000 ),
 .UNSPECIFIED. ) 
 GEOMETRIC_REPRESENTATION_ITEM ( )  RATIONAL_B_SPLINE_SURFACE ( (
 ( 1.000000000000000000, 0.9588010167617815327, 0.9588010167617815327, 1.000000000000000000),
 ( 0.8047378541243608296, 0.7715834727611313726, 0.7715834727611313726, 0.8047378541243608296),
 ( 0.8047378541243608296, 0.7715834727611313726, 0.7715834727611313726, 0.8047378541243608296),
 ( 1.000000000000000000, 0.9588010167617815327, 0.9588010167617815327, 1.000000000000000000) ) ) 
 REPRESENTATION_ITEM ( '' )  SURFACE ( )  );
#552 = ORIENTED_EDGE ( 'NONE', *, *, #428, .F. ) ;
#553 = CARTESIAN_POINT ( 'NONE',  ( -2.000000000000000000, -1.548934943372070050, 9.603822059247340448 ) ) ;
#554 = CARTESIAN_POINT ( 'NONE',  ( -2.970713952610280670E-16, 2.906950374042829743, -4.043989427158519945 ) ) ;
#555 = ORIENTED_EDGE ( 'NONE', *, *, #1240, .F. ) ;
#556 = ORIENTED_EDGE ( 'NONE', *, *, #1498, .T. ) ;
#557 = CARTESIAN_POINT ( 'NONE',  ( 2.700000000000000178, -0.7930076064559692384, 8.992828654303181679 ) ) ;
#558 = LINE ( 'NONE', #2679, #1080 ) ;
#559 = CARTESIAN_POINT ( 'NONE',  ( 2.700000000000000178, 2.753602053428419794, 7.109852912024376970 ) ) ;
#560 = VERTEX_POINT ( 'NONE', #1153 ) ;
#561 = DIRECTION ( 'NONE',  ( 0.000000000000000000, -5.320022914188110947E-15, -1.000000000000000000 ) ) ;
#562 = CARTESIAN_POINT ( 'NONE',  ( 2.899999999999999911, -1.445872768983590184, 8.781579242731419654 ) ) ;
#563 = DIRECTION ( 'NONE',  ( -0.000000000000000000, 1.000000000000000000, 0.000000000000000000 ) ) ;
#564 = ADVANCED_FACE ( 'NONE', ( #2095 ), #3052, .T. ) ;
#565 = CARTESIAN_POINT ( 'NONE',  ( 2.700000000000000178, 2.778353790090420272, 8.848118968001370988 ) ) ;
#566 = CARTESIAN_POINT ( 'NONE',  ( 2.804397331752655820, -1.379020633590851030, 8.960022789288300871 ) ) ;
#567 = DIRECTION ( 'NONE',  ( -1.000000000000000000, -0.000000000000000000, -0.000000000000000000 ) ) ;
#568 = DIRECTION ( 'NONE',  ( 0.000000000000000000, 0.000000000000000000, -1.000000000000000000 ) ) ;
#569 = ORIENTED_EDGE ( 'NONE', *, *, #965, .F. ) ;
#570 = ADVANCED_FACE ( 'NONE', ( #36 ), #2346, .T. ) ;
#571 = ORIENTED_EDGE ( 'NONE', *, *, #131, .T. ) ;
#572 = ORIENTED_EDGE ( 'NONE', *, *, #2642, .F. ) ;
#573 = DIRECTION ( 'NONE',  ( 1.000000000000000000, 0.000000000000000000, 0.000000000000000000 ) ) ;
#574 = DIRECTION ( 'NONE',  ( 1.000000000000000000, 0.000000000000000000, -0.000000000000000000 ) ) ;
#575 = CARTESIAN_POINT ( 'NONE',  ( 2.899999999999999467, 2.717213722290586997, 7.704653851246286322 ) ) ;
#576 = CARTESIAN_POINT ( 'NONE',  ( -2.000000000000000000, 2.343590931234010188, 6.228662121080859926 ) ) ;
#577 = DIRECTION ( 'NONE',  ( -1.000000000000000000, -0.000000000000000000, -0.000000000000000000 ) ) ;
#578 = DIRECTION ( 'NONE',  ( 0.000000000000000000, -1.000000000000000000, -0.000000000000000000 ) ) ;
#579 = EDGE_CURVE ( 'NONE', #3036, #171, #653, .T. ) ;
#580 = ADVANCED_FACE ( 'NONE', ( #244 ), #1230, .T. ) ;
#581 = DIRECTION ( 'NONE',  ( 1.000000000000000000, 0.000000000000000000, 0.000000000000000000 ) ) ;
#582 = VERTEX_POINT ( 'NONE', #1925 ) ;
#583 = CYLINDRICAL_SURFACE ( 'NONE', #1567, 0.2000000000000005107 ) ;
#584 = EDGE_CURVE ( 'NONE', #2703, #1037, #2640, .T. ) ;
#585 = DIRECTION ( 'NONE',  ( 0.000000000000000000, -0.8684709341734331289, 0.4957400896598180284 ) ) ;
#586 = VECTOR ( 'NONE', #1374, 1000.000000000000000 ) ;
#587 = ORIENTED_EDGE ( 'NONE', *, *, #3006, .T. ) ;
#588 = CIRCLE ( 'NONE', #1615, 2.129673665926789639 ) ;
#589 = B_SPLINE_CURVE_WITH_KNOTS ( 'NONE', 3,
 ( #1946, #550, #575, #2195, #778, #1040 ),
 .UNSPECIFIED., .F., .F.,
 ( 4, 2, 4 ),
 ( 0.000000000000000000, 0.5000000000000000000, 1.000000000000000000 ),
 .UNSPECIFIED. ) ;
#590 = CIRCLE ( 'NONE', #3017, 0.2000000000000002054 ) ;
#591 = AXIS2_PLACEMENT_3D ( 'NONE', #1107, #2977, #2704 ) ;
#592 = ORIENTED_EDGE ( 'NONE', *, *, #1196, .T. ) ;
#593 = CARTESIAN_POINT ( 'NONE',  ( 2.700000000000000178, -1.370318771452939899, 7.981616090287829479 ) ) ;
#594 = VECTOR ( 'NONE', #2387, 1000.000000000000000 ) ;
#595 = CARTESIAN_POINT ( 'NONE',  ( 2.804464742970532498, -2.288260793921124581, 8.920799479395133957 ) ) ;
#596 = AXIS2_PLACEMENT_3D ( 'NONE', #2697, #1977, #2242 ) ;
#597 = DIRECTION ( 'NONE',  ( 0.000000000000000000, -1.665334536937729880E-16, -1.000000000000000000 ) ) ;
#598 = DIRECTION ( 'NONE',  ( -0.000000000000000000, -1.000000000000000000, -0.000000000000000000 ) ) ;
#599 = VECTOR ( 'NONE', #479, 1000.000000000000000 ) ;
#600 = CARTESIAN_POINT ( 'NONE',  ( 0.6000000000000009770, -2.506950374042850260, 1.445602896647339163E-16 ) ) ;
#601 = CARTESIAN_POINT ( 'NONE',  ( -2.000000000000000000, -1.807472492326552826, 10.26561407150419747 ) ) ;
#602 = CARTESIAN_POINT ( 'NONE',  ( 2.500000000000000000, 1.845872768983590095, 7.981616090287829479 ) ) ;
#603 = EDGE_CURVE ( 'NONE', #2043, #357, #2128, .T. ) ;
#604 = VERTEX_POINT ( 'NONE', #2844 ) ;
#605 = DIRECTION ( 'NONE',  ( 0.000000000000000000, 0.000000000000000000, -1.000000000000000000 ) ) ;
#606 = ADVANCED_FACE ( 'NONE', ( #1406 ), #631, .T. ) ;
#607 = VERTEX_POINT ( 'NONE', #2593 ) ;
#608 = ORIENTED_EDGE ( 'NONE', *, *, #2930, .F. ) ;
#609 = DIRECTION ( 'NONE',  ( -0.000000000000000000, 0.000000000000000000, -1.000000000000000000 ) ) ;
#610 = EDGE_CURVE ( 'NONE', #1755, #3035, #475, .T. ) ;
#611 = DIRECTION ( 'NONE',  ( 1.000000000000000000, 0.000000000000000000, 0.000000000000000000 ) ) ;
#612 = CARTESIAN_POINT ( 'NONE',  ( 2.200000000000000178, 2.906950374042850171, -2.168404344971008868E-16 ) ) ;
#613 = CARTESIAN_POINT ( 'NONE',  ( 0.3600000000005659784, -2.506950374043880103, -3.283808552441100481 ) ) ;
#614 = FACE_OUTER_BOUND ( 'NONE', #1727, .T. ) ;
#615 = LINE ( 'NONE', #248, #736 ) ;
#616 = ORIENTED_EDGE ( 'NONE', *, *, #410, .F. ) ;
#617 = CARTESIAN_POINT ( 'NONE',  ( 0.000000000000000000, 2.506950374042860474, 0.000000000000000000 ) ) ;
#618 = ORIENTED_EDGE ( 'NONE', *, *, #84, .F. ) ;
#619 = ADVANCED_FACE ( 'NONE', ( #1887 ), #2858, .T. ) ;
#620 = EDGE_CURVE ( 'NONE', #311, #2736, #485, .T. ) ;
#621 = DIRECTION ( 'NONE',  ( -1.000000000000000000, -0.000000000000000000, -0.000000000000000000 ) ) ;
#622 = ORIENTED_EDGE ( 'NONE', *, *, #257, .F. ) ;
#623 = DIRECTION ( 'NONE',  ( 0.000000000000000000, 0.000000000000000000, -1.000000000000000000 ) ) ;
#624 = CARTESIAN_POINT ( 'NONE',  ( 2.700000000000000178, -2.248343736084528199, 6.999039706855028520 ) ) ;
#625 = LINE ( 'NONE', #2983, #2958 ) ;
#626 = LINE ( 'NONE', #395, #1809 ) ;
#627 = CARTESIAN_POINT ( 'NONE',  ( 2.700000000000000178, -0.009876157712706000111, 8.012535240600110242 ) ) ;
#628 = CARTESIAN_POINT ( 'NONE',  ( -0.5760000000000989884, 2.506950374044967234, -2.151695218389699793 ) ) ;
#629 = VERTEX_POINT ( 'NONE', #757 ) ;
#630 = PLANE ( 'NONE',  #1123 ) ;
#631 =( BOUNDED_SURFACE ( )  B_SPLINE_SURFACE ( 3, 3, ( 
 ( #1652, #997, #19, #2879 ),
 ( #229, #1673, #507, #2605 ),
 ( #959, #1902, #535, #1165 ),
 ( #5, #2109, #945, #2174 ) ),
 .UNSPECIFIED., .F., .F., .T. ) 
 B_SPLINE_SURFACE_WITH_KNOTS ( ( 4, 4 ),
 ( 4, 4 ),
 ( 0.000000000000000000, 1.000000000000000000 ),
 ( 0.000000000000000000, 1.000000000000000000 ),
 .UNSPECIFIED. ) 
 GEOMETRIC_REPRESENTATION_ITEM ( )  RATIONAL_B_SPLINE_SURFACE ( (
 ( 1.000000000000000000, 0.3333333333333369786, 0.3333333333333369786, 1.000000000000000000),
 ( 0.9482534792767873810, 0.3160844930922659390, 0.3160844930922659390, 0.9482534792767873810),
 ( 0.9482534792767873810, 0.3160844930922659390, 0.3160844930922659390, 0.9482534792767873810),
 ( 1.000000000000000000, 0.3333333333333369786, 0.3333333333333369786, 1.000000000000000000) ) ) 
 REPRESENTATION_ITEM ( '' )  SURFACE ( )  );
#632 = ORIENTED_EDGE ( 'NONE', *, *, #1608, .F. ) ;
#633 = CARTESIAN_POINT ( 'NONE',  ( 2.754036583651826131, -2.010841784425715151, 6.881000370496365370 ) ) ;
#634 = FACE_OUTER_BOUND ( 'NONE', #2577, .T. ) ;
#635 = ORIENTED_EDGE ( 'NONE', *, *, #547, .T. ) ;
#636 = EDGE_CURVE ( 'NONE', #1476, #1702, #2512, .T. ) ;
#637 = CIRCLE ( 'NONE', #2606, 1.000000000000000000 ) ;
#638 = CARTESIAN_POINT ( 'NONE',  ( 2.645682937114046673, -2.462117315995422384, 8.885823866169216600 ) ) ;
#639 = VECTOR ( 'NONE', #2381, 1000.000000000000000 ) ;
#640 = CARTESIAN_POINT ( 'NONE',  ( 2.899999999999999023, -0.4531684217738332632, 7.978048718088612823 ) ) ;
#641 = VECTOR ( 'NONE', #1699, 1000.000000000000000 ) ;
#642 = EDGE_CURVE ( 'NONE', #629, #2786, #1566, .T. ) ;
#643 = CARTESIAN_POINT ( 'NONE',  ( 2.000000000000000000, -1.889976513322292773, 8.981579697442930055 ) ) ;
#644 = VECTOR ( 'NONE', #2435, 1000.000000000000000 ) ;
#645 =( NAMED_UNIT ( * ) PLANE_ANGLE_UNIT ( ) SI_UNIT ( $, .RADIAN. ) );
#646 = VECTOR ( 'NONE', #1562, 1000.000000000000000 ) ;
#647 = CARTESIAN_POINT ( 'NONE',  ( 2.804464742970532498, -2.288260793921123692, 8.920799479395132181 ) ) ;
#648 = CARTESIAN_POINT ( 'NONE',  ( 0.2400000000004919587, 2.506950374044337071, -3.698122778897189988 ) ) ;
#649 = VERTEX_POINT ( 'NONE', #56 ) ;
#650 = CARTESIAN_POINT ( 'NONE',  ( 2.000000000000000000, -1.986632298580399913, 6.981735383786030091 ) ) ;
#651 = ORIENTED_EDGE ( 'NONE', *, *, #2798, .T. ) ;
#652 = CARTESIAN_POINT ( 'NONE',  ( 2.700000000000000178, 1.770318771452939810, 6.981616090287829479 ) ) ;
#653 =( BOUNDED_CURVE ( )  B_SPLINE_CURVE ( 3, ( #1641, #721, #935, #2832 ),
 .UNSPECIFIED., .F., .F. ) 
 B_SPLINE_CURVE_WITH_KNOTS ( ( 4, 4 ),
 ( 0.4999999591126899068, 1.000000000000000000 ),
 .UNSPECIFIED. ) 
 CURVE ( )  GEOMETRIC_REPRESENTATION_ITEM ( )  RATIONAL_B_SPLINE_CURVE ( ( 1.000000000000000000, 0.8015480626943080056, 0.8015480626943080056, 1.000000000000000000 ) ) 
 REPRESENTATION_ITEM ( '' )  );
#654 = ORIENTED_EDGE ( 'NONE', *, *, #1989, .F. ) ;
#655 = CARTESIAN_POINT ( 'NONE',  ( 2.899999999999999467, 0.9721809981288251912, 7.501290073492844712 ) ) ;
#656 = CARTESIAN_POINT ( 'NONE',  ( 2.700000000000000178, -0.3726465683408466956, 7.381208435468547435 ) ) ;
#657 = CARTESIAN_POINT ( 'NONE',  ( 2.899999999998885691, -1.384219987075365532, 7.181735682312402780 ) ) ;
#658 = CARTESIAN_POINT ( 'NONE',  ( 2.700000000000000178, 2.589746988851569842, 8.781579697442930765 ) ) ;
#659 = EDGE_CURVE ( 'NONE', #1550, #440, #816, .T. ) ;
#660 = ADVANCED_FACE ( 'NONE', ( #2783 ), #2513, .T. ) ;
#661 = CARTESIAN_POINT ( 'NONE',  ( -0.1200000000002799799, 2.506950374045147090, -3.955777927880608669 ) ) ;
#662 = ORIENTED_EDGE ( 'NONE', *, *, #2317, .T. ) ;
#663 = CARTESIAN_POINT ( 'NONE',  ( 2.500000000000000000, 2.726951750185580448, 8.981579697442930055 ) ) ;
#664 = ORIENTED_EDGE ( 'NONE', *, *, #110, .F. ) ;
#665 = CARTESIAN_POINT ( 'NONE',  ( 2.200000000000000178, -2.293049625957139348, 2.000000000000000000 ) ) ;
#666 = VERTEX_POINT ( 'NONE', #1839 ) ;
#667 = CARTESIAN_POINT ( 'NONE',  ( 2.699999999999999734, 1.200891423652460155, 6.965943141584181042 ) ) ;
#668 = LINE ( 'NONE', #867, #447 ) ;
#669 =( LENGTH_UNIT ( ) NAMED_UNIT ( * ) SI_UNIT ( .MILLI., .METRE. ) );
#670 = CARTESIAN_POINT ( 'NONE',  ( 0.5280000000002820215, -2.506950374044139895, -2.441838184032779857 ) ) ;
#671 = CARTESIAN_POINT ( 'NONE',  ( 2.899999609167170256, -1.384872397004082378, 7.129379186665950385 ) ) ;
#672 = LINE ( 'NONE', #3033, #789 ) ;
#673 = DIRECTION ( 'NONE',  ( 0.000000000000000000, 0.000000000000000000, 1.000000000000000000 ) ) ;
#674 = APPLICATION_CONTEXT ( 'automotive_design' ) ;
#675 = ORIENTED_EDGE ( 'NONE', *, *, #1936, .F. ) ;
#676 = VERTEX_POINT ( 'NONE', #1337 ) ;
#677 = ADVANCED_FACE ( 'NONE', ( #180 ), #214, .T. ) ;
#678 = ADVANCED_FACE ( 'NONE', ( #2331 ), #679, .T. ) ;
#679 = PLANE ( 'NONE',  #1369 ) ;
#680 = EDGE_LOOP ( 'NONE', ( #1073, #806, #2404, #917 ) ) ;
#681 = EDGE_CURVE ( 'NONE', #2309, #1016, #1836, .T. ) ;
#682 = CARTESIAN_POINT ( 'NONE',  ( 2.877953555425128762, 2.677598816561072237, 8.842105431395617998 ) ) ;
#683 = ORIENTED_EDGE ( 'NONE', *, *, #2220, .F. ) ;
#684 = CIRCLE ( 'NONE', #783, 0.2000000000000005107 ) ;
#685 = DIRECTION ( 'NONE',  ( 0.2867423817582269718, 0.8751193516677976403, -0.3898011375562581704 ) ) ;
#686 = LINE ( 'NONE', #1155, #586 ) ;
#687 = VECTOR ( 'NONE', #2574, 1000.000000000000000 ) ;
#688 = FACE_OUTER_BOUND ( 'NONE', #2878, .T. ) ;
#689 = CIRCLE ( 'NONE', #974, 2.129673665926790527 ) ;
#690 = CARTESIAN_POINT ( 'NONE',  ( 2.883821216169744517, 2.664059986212138575, 8.807796846585510764 ) ) ;
#691 = ORIENTED_EDGE ( 'NONE', *, *, #1951, .F. ) ;
#692 = VECTOR ( 'NONE', #1726, 1000.000000000000000 ) ;
#693 = ORIENTED_EDGE ( 'NONE', *, *, #3005, .F. ) ;
#694 = CIRCLE ( 'NONE', #2165, 0.2000000000000005107 ) ;
#695 = LINE ( 'NONE', #2590, #1173 ) ;
#696 = CARTESIAN_POINT ( 'NONE',  ( 2.700000000000000178, 2.566966284473390481, 6.981735383786030091 ) ) ;
#697 = AXIS2_PLACEMENT_3D ( 'NONE', #1636, #2146, #2588 ) ;
#698 = ORIENTED_EDGE ( 'NONE', *, *, #184, .T. ) ;
#699 = CARTESIAN_POINT ( 'NONE',  ( 2.656971246440206880, 2.657981699003842291, 8.964589398545156129 ) ) ;
#700 = VECTOR ( 'NONE', #2099, 1000.000000000000000 ) ;
#701 = EDGE_CURVE ( 'NONE', #819, #2270, #2990, .T. ) ;
#702 = ORIENTED_EDGE ( 'NONE', *, *, #2638, .F. ) ;
#703 = DIRECTION ( 'NONE',  ( 0.000000000000000000, 0.000000000000000000, 1.000000000000000000 ) ) ;
#704 = DIRECTION ( 'NONE',  ( 1.000000000000000000, 0.000000000000000000, 0.000000000000000000 ) ) ;
#705 = CARTESIAN_POINT ( 'NONE',  ( -2.000000000000000000, 1.948934943372069961, 9.603822059247340448 ) ) ;
#706 = ORIENTED_EDGE ( 'NONE', *, *, #916, .F. ) ;
#707 = CARTESIAN_POINT ( 'NONE',  ( 2.700000000000000178, 1.770318771452939810, 7.981616090287829479 ) ) ;
#708 = CARTESIAN_POINT ( 'NONE',  ( 2.500000000000000000, 1.785764572353550239, 6.981735383786030091 ) ) ;
#709 = ORIENTED_EDGE ( 'NONE', *, *, #2992, .F. ) ;
#710 = VERTEX_POINT ( 'NONE', #1579 ) ;
#711 = ADVANCED_FACE ( 'NONE', ( #2747 ), #630, .T. ) ;
#712 = ADVANCED_FACE ( 'NONE', ( #31 ), #551, .T. ) ;
#713 = CARTESIAN_POINT ( 'NONE',  ( 2.899999999999896438, -1.377996969973340091, 8.781579242731419654 ) ) ;
#714 = LINE ( 'NONE', #2367, #1858 ) ;
#715 = CARTESIAN_POINT ( 'NONE',  ( -2.000000000000000000, -2.106950374042849905, 2.983123814582119948 ) ) ;
#716 = CARTESIAN_POINT ( 'NONE',  ( 2.992159318517843669, 2.342729547521702482, 8.885716011096183919 ) ) ;
#717 = ORIENTED_EDGE ( 'NONE', *, *, #2637, .F. ) ;
#718 = LINE ( 'NONE', #1649, #2758 ) ;
#719 = CARTESIAN_POINT ( 'NONE',  ( 0.000000000000000000, -1.574041097652471910, 6.565460162197280347 ) ) ;
#720 = ORIENTED_EDGE ( 'NONE', *, *, #110, .T. ) ;
#721 = CARTESIAN_POINT ( 'NONE',  ( 2.900000000000000355, -0.5721671552090759061, 7.504851684918091514 ) ) ;
#722 = EDGE_LOOP ( 'NONE', ( #1848, #2429, #3004, #172, #2592, #1766, #872 ) ) ;
#723 = CARTESIAN_POINT ( 'NONE',  ( 2.786998782685750964, -2.137688282016639629, 6.941920056387495208 ) ) ;
#724 = CARTESIAN_POINT ( 'NONE',  ( 0.000000000000000000, 2.506950374042853369, 2.983123814582120392 ) ) ;
#725 = EDGE_CURVE ( 'NONE', #905, #761, #695, .T. ) ;
#726 = LINE ( 'NONE', #209, #2311 ) ;
#727 = CARTESIAN_POINT ( 'NONE',  ( -0.5280000000002720295, -2.506950374043350305, -2.441838184034740067 ) ) ;
#728 = CARTESIAN_POINT ( 'NONE',  ( 2.000000000000000000, 0.4000000000000000222, 8.000000000000000000 ) ) ;
#729 = ADVANCED_FACE ( 'NONE', ( #2386 ), #3060, .T. ) ;
#730 = ORIENTED_EDGE ( 'NONE', *, *, #1890, .F. ) ;
#731 = CARTESIAN_POINT ( 'NONE',  ( 2.900000000000000355, 2.589746988851569398, 8.781579697442932542 ) ) ;
#732 = CARTESIAN_POINT ( 'NONE',  ( 2.200000000000000178, 2.906950374042850171, 1.000000000000000000 ) ) ;
#733 = VECTOR ( 'NONE', #1875, 1000.000000000000000 ) ;
#734 = CARTESIAN_POINT ( 'NONE',  ( 2.893771186521931327, 2.646554306890643193, 7.145597451692747626 ) ) ;
#735 = AXIS2_PLACEMENT_3D ( 'NONE', #1892, #2595, #1430 ) ;
#736 = VECTOR ( 'NONE', #1786, 1000.000000000000000 ) ;
#737 = VERTEX_POINT ( 'NONE', #2374 ) ;
#738 = DIRECTION ( 'NONE',  ( 0.000000000000000000, 0.000000000000000000, -1.000000000000000000 ) ) ;
#739 = AXIS2_PLACEMENT_3D ( 'NONE', #553, #1934, #82 ) ;
#740 = AXIS2_PLACEMENT_3D ( 'NONE', #164, #1782, #408 ) ;
#741 = CARTESIAN_POINT ( 'NONE',  ( -0.6000000000000009770, -2.106950374042849905, 0.000000000000000000 ) ) ;
#742 = VECTOR ( 'NONE', #2028, 1000.000000000000000 ) ;
#743 = ORIENTED_EDGE ( 'NONE', *, *, #2815, .T. ) ;
#744 = DIRECTION ( 'NONE',  ( -1.000000000000000000, -0.000000000000000000, -0.000000000000000000 ) ) ;
#745 = LINE ( 'NONE', #2177, #1320 ) ;
#746 = ORIENTED_EDGE ( 'NONE', *, *, #416, .F. ) ;
#747 = LINE ( 'NONE', #2683, #1469 ) ;
#748 = LINE ( 'NONE', #562, #2315 ) ;
#749 = CARTESIAN_POINT ( 'NONE',  ( 2.200000000000000178, -2.493049625957139970, 2.000000000000000444 ) ) ;
#750 = ORIENTED_EDGE ( 'NONE', *, *, #1067, .F. ) ;
#751 = LINE ( 'NONE', #1683, #239 ) ;
#752 = CARTESIAN_POINT ( 'NONE',  ( 2.000000000000000000, 2.554865279386000498, 10.06731551639139965 ) ) ;
#753 = EDGE_CURVE ( 'NONE', #2840, #819, #588, .T. ) ;
#754 = EDGE_CURVE ( 'NONE', #1523, #1233, #930, .T. ) ;
#755 = CARTESIAN_POINT ( 'NONE',  ( 2.891497491970470346, 2.616642858289490281, 7.211077309130378588 ) ) ;
#756 = ORIENTED_EDGE ( 'NONE', *, *, #2543, .T. ) ;
#757 = CARTESIAN_POINT ( 'NONE',  ( 2.000000000000000000, 1.861839066429380241, 9.652957669751181413 ) ) ;
#758 = ORIENTED_EDGE ( 'NONE', *, *, #50, .T. ) ;
#759 = CARTESIAN_POINT ( 'NONE',  ( 2.900000000000000355, -1.385600720681878562, 8.781470115737331383 ) ) ;
#760 = LINE ( 'NONE', #1656, #1863 ) ;
#761 = VERTEX_POINT ( 'NONE', #16 ) ;
#762 = CARTESIAN_POINT ( 'NONE',  ( 0.000000000000000000, 2.318662170010689749, 9.648631048310480907 ) ) ;
#763 = CARTESIAN_POINT ( 'NONE',  ( 0.2400000000004919865, -2.506950374042410168, -3.698122778897189988 ) ) ;
#764 = CARTESIAN_POINT ( 'NONE',  ( 2.000000000000000000, 2.501411997443686808, 3.015941518713865399 ) ) ;
#765 = DIRECTION ( 'NONE',  ( 0.000000000000000000, 0.000000000000000000, -1.000000000000000000 ) ) ;
#766 = CARTESIAN_POINT ( 'NONE',  ( 0.000000000000000000, 2.318662170010696411, 9.648631048310484459 ) ) ;
#767 = CARTESIAN_POINT ( 'NONE',  ( 2.700000000000000178, -2.300146472711220191, 6.981735383786030091 ) ) ;
#768 = DIRECTION ( 'NONE',  ( 0.000000000000000000, -1.734723475976799403E-15, -1.000000000000000000 ) ) ;
#769 = ORIENTED_EDGE ( 'NONE', *, *, #1850, .F. ) ;
#770 = CARTESIAN_POINT ( 'NONE',  ( 2.000000000000000000, 2.506950374042860030, 0.000000000000000000 ) ) ;
#771 = EDGE_CURVE ( 'NONE', #905, #1472, #1667, .T. ) ;
#772 = ORIENTED_EDGE ( 'NONE', *, *, #1856, .T. ) ;
#773 = CARTESIAN_POINT ( 'NONE',  ( 2.803711553880457341, -2.263747712513388688, 7.040748615689727430 ) ) ;
#774 = CARTESIAN_POINT ( 'NONE',  ( 2.900000000000001243, -2.276294986703317313, 7.139627606724959996 ) ) ;
#775 = ORIENTED_EDGE ( 'NONE', *, *, #1935, .F. ) ;
#776 = DIRECTION ( 'NONE',  ( 0.000000000000000000, 0.000000000000000000, -1.000000000000000000 ) ) ;
#777 = CARTESIAN_POINT ( 'NONE',  ( 2.500000000000000000, -2.166966284473390569, 6.981735383786030980 ) ) ;
#778 = CARTESIAN_POINT ( 'NONE',  ( 2.900000000000000355, 2.681356038984236356, 8.521912139246945017 ) ) ;
#779 = ORIENTED_EDGE ( 'NONE', *, *, #579, .T. ) ;
#780 = LINE ( 'NONE', #2212, #1966 ) ;
#781 = CARTESIAN_POINT ( 'NONE',  ( 2.700000000000000178, -1.370318771452939899, 6.981616090287829479 ) ) ;
#782 = CARTESIAN_POINT ( 'NONE',  ( 0.6000000000000009770, 2.906950374042850171, -2.000000000000000000 ) ) ;
#783 = AXIS2_PLACEMENT_3D ( 'NONE', #2741, #1312, #2007 ) ;
#784 = ORIENTED_EDGE ( 'NONE', *, *, #1833, .F. ) ;
#785 = CIRCLE ( 'NONE', #1565, 0.2000000000000005107 ) ;
#786 = VECTOR ( 'NONE', #1865, 1000.000000000000000 ) ;
#787 = ORIENTED_EDGE ( 'NONE', *, *, #701, .F. ) ;
#788 = PRODUCT_DEFINITION_FORMATION_WITH_SPECIFIED_SOURCE ( 'ANY', '', #2895, .NOT_KNOWN. ) ;
#789 = VECTOR ( 'NONE', #2524, 1000.000000000000227 ) ;
#790 = ADVANCED_FACE ( 'NONE', ( #2355 ), #2618, .F. ) ;
#791 = DIRECTION ( 'NONE',  ( 0.000000000000000000, -1.734723475976831155E-15, -1.000000000000000000 ) ) ;
#792 = LINE ( 'NONE', #2441, #692 ) ;
#793 = CIRCLE ( 'NONE', #1621, 0.2000000000000002054 ) ;
#794 = ORIENTED_EDGE ( 'NONE', *, *, #2067, .F. ) ;
#795 = LINE ( 'NONE', #1003, #438 ) ;
#796 = VECTOR ( 'NONE', #1821, 1000.000000000000000 ) ;
#797 = CARTESIAN_POINT ( 'NONE',  ( 2.900000000000003020, 1.784872189588365687, 7.129380427362108641 ) ) ;
#798 = DIRECTION ( 'NONE',  ( -0.000000000000000000, 1.000000000000000000, 0.000000000000000000 ) ) ;
#799 = EDGE_LOOP ( 'NONE', ( #2625, #2147, #1904, #1306, #1594 ) ) ;
#800 = ADVANCED_FACE ( 'NONE', ( #1205 ), #1920, .F. ) ;
#801 = PLANE ( 'NONE',  #1417 ) ;
#802 = DIRECTION ( 'NONE',  ( 0.000000000000000000, 0.000000000000000000, -1.000000000000000000 ) ) ;
#803 = ORIENTED_EDGE ( 'NONE', *, *, #275, .T. ) ;
#804 = B_SPLINE_CURVE_WITH_KNOTS ( 'NONE', 5,
 ( #1575, #3031, #670, #2054, #613, #3011, #2755, #1798, #900, #1545, #2742, #1600, #2304, #1102, #2493 ),
 .UNSPECIFIED., .F., .F.,
 ( 6, 1, 1, 1, 1, 1, 1, 1, 1, 1, 6 ),
 ( 0.000000000000000000, 0.0004279161281921883917, 0.0008558322563843767834, 0.001283748384576564958, 0.001711664512768753567, 0.002139580640960941742, 0.002567496769153129917, 0.002995412897345318091, 0.003423329025537507134, 0.003851245153729695309, 0.004279161281921883483 ),
 .UNSPECIFIED. ) ;
#805 = ORIENTED_EDGE ( 'NONE', *, *, #261, .F. ) ;
#806 = ORIENTED_EDGE ( 'NONE', *, *, #2205, .T. ) ;
#807 = EDGE_CURVE ( 'NONE', #2576, #3038, #751, .T. ) ;
#808 = EDGE_CURVE ( 'NONE', #1355, #463, #1028, .T. ) ;
#809 = DIRECTION ( 'NONE',  ( 0.000000000000000000, 0.000000000000000000, -1.000000000000000000 ) ) ;
#810 = DIRECTION ( 'NONE',  ( 0.000000000000000000, 0.000000000000000000, -1.000000000000000000 ) ) ;
#811 = EDGE_CURVE ( 'NONE', #2912, #228, #286, .T. ) ;
#812 = ORIENTED_EDGE ( 'NONE', *, *, #1457, .F. ) ;
#813 = CARTESIAN_POINT ( 'NONE',  ( -2.000000000000000000, -1.461839066429381662, 9.652957669751179637 ) ) ;
#814 = LINE ( 'NONE', #2653, #2665 ) ;
#815 = DIRECTION ( 'NONE',  ( 0.000000000000000000, 0.000000000000000000, -1.000000000000000000 ) ) ;
#816 = B_SPLINE_CURVE_WITH_KNOTS ( 'NONE', 3,
 ( #2894, #1490, #873, #2295, #1382, #3020 ),
 .UNSPECIFIED., .F., .F.,
 ( 4, 2, 4 ),
 ( 0.000000000000000000, 0.5000000000000000000, 1.000000000000000000 ),
 .UNSPECIFIED. ) ;
#817 = VERTEX_POINT ( 'NONE', #942 ) ;
#818 = DIRECTION ( 'NONE',  ( 0.000000000000000000, 0.000000000000000000, -1.000000000000000000 ) ) ;
#819 = VERTEX_POINT ( 'NONE', #2841 ) ;
#820 = DIRECTION ( 'NONE',  ( 0.000000000000000000, 0.000000000000000000, -1.000000000000000000 ) ) ;
#821 = ORIENTED_EDGE ( 'NONE', *, *, #949, .T. ) ;
#822 = CARTESIAN_POINT ( 'NONE',  ( 0.3600000000005659784, 2.906950374043856922, -3.283808552441109807 ) ) ;
#823 = CARTESIAN_POINT ( 'NONE',  ( 2.804464742970532498, -2.288260793921123692, 8.920799479395132181 ) ) ;
#824 = EDGE_CURVE ( 'NONE', #324, #2107, #718, .T. ) ;
#825 = CARTESIAN_POINT ( 'NONE',  ( -2.000000000000000000, -2.506950374042856478, 0.000000000000000000 ) ) ;
#826 = DIRECTION ( 'NONE',  ( 0.000000000000000000, 0.000000000000000000, -1.000000000000000000 ) ) ;
#827 = CARTESIAN_POINT ( 'NONE',  ( 2.000000000000000000, 2.270467079290269918, 6.981735383786030091 ) ) ;
#828 = CARTESIAN_POINT ( 'NONE',  ( -2.000000000000000000, 1.854076847109850101, 6.126799657709470104 ) ) ;
#829 = DIRECTION ( 'NONE',  ( 0.000000000000000000, 0.8709587694268393632, 0.4913561050383781215 ) ) ;
#830 = EDGE_CURVE ( 'NONE', #560, #1161, #1373, .T. ) ;
#831 = VERTEX_POINT ( 'NONE', #1268 ) ;
#832 = VERTEX_POINT ( 'NONE', #1242 ) ;
#833 = AXIS2_PLACEMENT_3D ( 'NONE', #489, #1427, #2358 ) ;
#834 = DIRECTION ( 'NONE',  ( 1.000000000000000000, -0.000000000000000000, 0.000000000000000000 ) ) ;
#835 = VECTOR ( 'NONE', #2274, 1000.000000000000000 ) ;
#836 = AXIS2_PLACEMENT_3D ( 'NONE', #2678, #74, #1675 ) ;
#837 = ORIENTED_EDGE ( 'NONE', *, *, #1889, .T. ) ;
#838 = CARTESIAN_POINT ( 'NONE',  ( 2.815272636010002660, 2.862117315995427624, 8.758570798701411420 ) ) ;
#839 = VECTOR ( 'NONE', #191, 1000.000000000000000 ) ;
#840 = DIRECTION ( 'NONE',  ( 0.000000000000000000, -0.9430340061942495966, 0.3326963527921880659 ) ) ;
#841 = AXIS2_PLACEMENT_3D ( 'NONE', #2458, #341, #820 ) ;
#842 = DIRECTION ( 'NONE',  ( -0.2867423817582272494, 0.8751193516677977513, 0.3898011375562578928 ) ) ;
#843 = CARTESIAN_POINT ( 'NONE',  ( 2.700000000000000178, 2.589746988851569842, 8.981579697442930055 ) ) ;
#844 = AXIS2_PLACEMENT_3D ( 'NONE', #658, #1868, #1601 ) ;
#845 = DIRECTION ( 'NONE',  ( 1.000000000000000000, 0.000000000000000000, 0.000000000000000000 ) ) ;
#846 = DIRECTION ( 'NONE',  ( 0.000000000000000000, 0.003889596961981209473, 0.9999924354891258638 ) ) ;
#847 = ORIENTED_EDGE ( 'NONE', *, *, #1935, .T. ) ;
#848 = EDGE_CURVE ( 'NONE', #1307, #1626, #780, .T. ) ;
#849 = EDGE_CURVE ( 'NONE', #831, #2720, #2231, .T. ) ;
#850 = CARTESIAN_POINT ( 'NONE',  ( -2.000000000000000000, -2.506950374042854701, 2.983123814582119948 ) ) ;
#851 = ORIENTED_EDGE ( 'NONE', *, *, #410, .T. ) ;
#852 = ORIENTED_EDGE ( 'NONE', *, *, #1834, .T. ) ;
#853 = CARTESIAN_POINT ( 'NONE',  ( 2.700000000000000178, 2.589746988851569842, 8.781579697442930765 ) ) ;
#854 = CARTESIAN_POINT ( 'NONE',  ( 2.899999999999999467, -0.4552964398071808749, 7.430947834184300937 ) ) ;
#855 = CARTESIAN_POINT ( 'NONE',  ( 2.899999999999999023, -2.317340400788699739, 7.704652047429781270 ) ) ;
#856 = CARTESIAN_POINT ( 'NONE',  ( 2.899999999999999911, -0.5703248230286149800, 7.978504412718072203 ) ) ;
#857 = CARTESIAN_POINT ( 'NONE',  ( 0.000000000000000000, 0.4000000000000000222, 8.000000000000000000 ) ) ;
#858 = CARTESIAN_POINT ( 'NONE',  ( -0.4560000000004559850, 2.506950374045587626, -2.837311437048029461 ) ) ;
#859 = VERTEX_POINT ( 'NONE', #2687 ) ;
#860 = ORIENTED_EDGE ( 'NONE', *, *, #2992, .T. ) ;
#861 = CARTESIAN_POINT ( 'NONE',  ( 2.700000000000000178, -1.412361457893460237, 8.781579697442930765 ) ) ;
#862 = ORIENTED_EDGE ( 'NONE', *, *, #21, .T. ) ;
#863 = CARTESIAN_POINT ( 'NONE',  ( 2.989932422257456146, -1.916225766661772356, 7.077263648359820358 ) ) ;
#864 = EDGE_CURVE ( 'NONE', #39, #2044, #245, .T. ) ;
#865 = ORIENTED_EDGE ( 'NONE', *, *, #1339, .T. ) ;
#866 = FACE_OUTER_BOUND ( 'NONE', #1149, .T. ) ;
#867 = CARTESIAN_POINT ( 'NONE',  ( 2.399999999999999911, -2.493049625957139970, 2.000000000000000888 ) ) ;
#868 = CARTESIAN_POINT ( 'NONE',  ( 2.500000000000000000, -0.009876157712706000111, 8.012535240600110242 ) ) ;
#869 = DIRECTION ( 'NONE',  ( 0.000000000000000000, -0.4913561050383781215, 0.8709587694268393632 ) ) ;
#870 = DIRECTION ( 'NONE',  ( 0.000000000000000000, -1.301042606982602008E-14, -1.000000000000000000 ) ) ;
#871 = CARTESIAN_POINT ( 'NONE',  ( -0.3600000000005569856, 2.506950374045707086, -3.283808552445119933 ) ) ;
#872 = ORIENTED_EDGE ( 'NONE', *, *, #1217, .T. ) ;
#873 = CARTESIAN_POINT ( 'NONE',  ( 2.878445208321905202, 1.778684084722742531, 8.885975005446896446 ) ) ;
#874 = ORIENTED_EDGE ( 'NONE', *, *, #2201, .T. ) ;
#875 = VERTEX_POINT ( 'NONE', #308 ) ;
#876 = VECTOR ( 'NONE', #2656, 1000.000000000000000 ) ;
#877 = EDGE_CURVE ( 'NONE', #383, #2079, #1948, .T. ) ;
#878 = ADVANCED_FACE ( 'NONE', ( #1042 ), #1686, .T. ) ;
#879 = LINE ( 'NONE', #1633, #2608 ) ;
#880 = CIRCLE ( 'NONE', #1715, 1.000000000000000000 ) ;
#881 = DIRECTION ( 'NONE',  ( 1.000000000000000000, 0.000000000000000000, 0.000000000000000000 ) ) ;
#882 = VECTOR ( 'NONE', #1079, 1000.000000000000000 ) ;
#883 = LINE ( 'NONE', #2480, #1076 ) ;
#884 = DIRECTION ( 'NONE',  ( 1.000000000000000000, 0.000000000000000000, 0.000000000000000000 ) ) ;
#885 = VECTOR ( 'NONE', #481, 1000.000000000000000 ) ;
#886 = CARTESIAN_POINT ( 'NONE',  ( -2.000000000000000000, -1.807472492326549940, 10.26561407150419925 ) ) ;
#887 = DIRECTION ( 'NONE',  ( -0.000000000000000000, 0.3326963527921850683, 0.9430340061942508179 ) ) ;
#888 = CARTESIAN_POINT ( 'NONE',  ( 0.1200000000002799799, 2.506950374044467189, -3.955777927878619149 ) ) ;
#889 = CIRCLE ( 'NONE', #1087, 2.129673665926789639 ) ;
#890 = ORIENTED_EDGE ( 'NONE', *, *, #22, .T. ) ;
#891 = ORIENTED_EDGE ( 'NONE', *, *, #2161, .F. ) ;
#892 = CARTESIAN_POINT ( 'NONE',  ( 0.000000000000000000, 2.343590931234010188, 6.228662121080859926 ) ) ;
#893 = EDGE_LOOP ( 'NONE', ( #1119, #1918, #2357, #944 ) ) ;
#894 = CARTESIAN_POINT ( 'NONE',  ( 0.5760000000001029852, 2.906950374044226848, -2.151695218388979924 ) ) ;
#895 = ORIENTED_EDGE ( 'NONE', *, *, #1124, .F. ) ;
#896 = DIRECTION ( 'NONE',  ( 0.000000000000000000, -0.2037249267427883870, -0.9790281682483120695 ) ) ;
#897 = EDGE_CURVE ( 'NONE', #666, #2236, #113, .T. ) ;
#898 = ADVANCED_FACE ( 'NONE', ( #2889 ), #801, .T. ) ;
#899 = LINE ( 'NONE', #2712, #1903 ) ;
#900 = CARTESIAN_POINT ( 'NONE',  ( -0.1200000000002799938, -2.506950374044670138, -3.955777927880609557 ) ) ;
#901 = CARTESIAN_POINT ( 'NONE',  ( 2.899999999998885691, -1.384219987075365532, 7.181735682312402780 ) ) ;
#902 = DIRECTION ( 'NONE',  ( -1.000000000000000000, -0.000000000000000000, -0.000000000000000000 ) ) ;
#903 = EDGE_CURVE ( 'NONE', #2035, #2340, #2515, .T. ) ;
#904 = ORIENTED_EDGE ( 'NONE', *, *, #849, .F. ) ;
#905 = VERTEX_POINT ( 'NONE', #600 ) ;
#906 = ORIENTED_EDGE ( 'NONE', *, *, #1908, .T. ) ;
#907 = CARTESIAN_POINT ( 'NONE',  ( 2.804464742970533386, 2.688260793921124492, 8.920799479395128628 ) ) ;
#908 = ORIENTED_EDGE ( 'NONE', *, *, #3005, .T. ) ;
#909 = PLANE ( 'NONE',  #2016 ) ;
#910 = DIRECTION ( 'NONE',  ( 1.000000000000000000, 0.000000000000000000, 0.000000000000000000 ) ) ;
#911 = PRODUCT_RELATED_PRODUCT_CATEGORY ( 'part', '', ( #2895 ) ) ;
#912 = CARTESIAN_POINT ( 'NONE',  ( -2.000000000000000000, -1.479465811317342450, 9.531891261312358310 ) ) ;
#913 = FACE_OUTER_BOUND ( 'NONE', #1215, .T. ) ;
#914 = VERTEX_POINT ( 'NONE', #827 ) ;
#915 = VERTEX_POINT ( 'NONE', #813 ) ;
#916 = EDGE_CURVE ( 'NONE', #582, #1805, #1029, .T. ) ;
#917 = ORIENTED_EDGE ( 'NONE', *, *, #1012, .F. ) ;
#918 = CARTESIAN_POINT ( 'NONE',  ( 2.804464742970530278, 2.688260793921122271, 8.920799479395132181 ) ) ;
#919 = ORIENTED_EDGE ( 'NONE', *, *, #2142, .T. ) ;
#920 = EDGE_CURVE ( 'NONE', #1420, #1582, #1300, .T. ) ;
#921 = PLANE ( 'NONE',  #486 ) ;
#922 = AXIS2_PLACEMENT_3D ( 'NONE', #1201, #952, #1829 ) ;
#923 = DIRECTION ( 'NONE',  ( 0.000000000000000000, 0.000000000000000000, 1.000000000000000000 ) ) ;
#924 = CIRCLE ( 'NONE', #2663, 2.511550608801529361 ) ;
#925 = DIRECTION ( 'NONE',  ( 0.000000000000000000, 0.000000000000000000, -1.000000000000000000 ) ) ;
#926 = LINE ( 'NONE', #1190, #2019 ) ;
#927 = VECTOR ( 'NONE', #352, 1000.000000000000000 ) ;
#928 = ORIENTED_EDGE ( 'NONE', *, *, #2637, .T. ) ;
#929 = VECTOR ( 'NONE', #2538, 1000.000000000000000 ) ;
#930 = LINE ( 'NONE', #472, #2312 ) ;
#931 = AXIS2_PLACEMENT_3D ( 'NONE', #1511, #79, #1484 ) ;
#932 = EDGE_CURVE ( 'NONE', #440, #2298, #2421, .T. ) ;
#933 = EDGE_CURVE ( 'NONE', #343, #2771, #998, .T. ) ;
#934 = ORIENTED_EDGE ( 'NONE', *, *, #988, .F. ) ;
#935 = CARTESIAN_POINT ( 'NONE',  ( 2.900000000000000355, -0.9106351694353715942, 7.173506390571012581 ) ) ;
#936 = VECTOR ( 'NONE', #2985, 1000.000000000000000 ) ;
#937 = ORIENTED_EDGE ( 'NONE', *, *, #864, .T. ) ;
#938 = CARTESIAN_POINT ( 'NONE',  ( 2.900000000000000355, -0.5684824912909972605, 8.452157043645140533 ) ) ;
#939 = DIRECTION ( 'NONE',  ( 1.000000000000000000, 0.000000000000000000, 0.000000000000000000 ) ) ;
#940 = DIRECTION ( 'NONE',  ( -1.000000000000000000, -0.000000000000000000, -0.000000000000000000 ) ) ;
#941 = ORIENTED_EDGE ( 'NONE', *, *, #966, .F. ) ;
#942 = CARTESIAN_POINT ( 'NONE',  ( 2.000000000000000000, 2.266146021551218137, 8.981579697442930055 ) ) ;
#943 = PLANE ( 'NONE',  #2114 ) ;
#944 = ORIENTED_EDGE ( 'NONE', *, *, #2702, .T. ) ;
#945 = CARTESIAN_POINT ( 'NONE',  ( 2.576223953221371321, -2.484309308348890077, 7.109480967909832749 ) ) ;
#946 = EDGE_CURVE ( 'NONE', #964, #324, #1474, .T. ) ;
#947 = DIRECTION ( 'NONE',  ( -0.000000000000000000, -1.000000000000000000, -0.000000000000000000 ) ) ;
#948 = ORIENTED_EDGE ( 'NONE', *, *, #2031, .F. ) ;
#949 = EDGE_CURVE ( 'NONE', #964, #2720, #72, .T. ) ;
#950 = CARTESIAN_POINT ( 'NONE',  ( 2.745694038053108965, -2.263747712513390908, 6.998070236718534787 ) ) ;
#951 = CARTESIAN_POINT ( 'NONE',  ( 0.000000000000000000, -2.489768704622315365, 3.113071725902228692 ) ) ;
#952 = DIRECTION ( 'NONE',  ( -1.000000000000000000, 0.000000000000000000, 0.000000000000000000 ) ) ;
#953 = LINE ( 'NONE', #2036, #388 ) ;
#954 = CARTESIAN_POINT ( 'NONE',  ( 2.617092046137277528, 2.640687381318432614, 8.956311914282352404 ) ) ;
#955 = EDGE_LOOP ( 'NONE', ( #1605, #1952, #2459, #2151 ) ) ;
#956 = CARTESIAN_POINT ( 'NONE',  ( 2.900000000000000355, 2.766890321166561417, 7.700818484385907325 ) ) ;
#957 = DIRECTION ( 'NONE',  ( 1.000000000000000000, 0.000000000000000000, 0.000000000000000000 ) ) ;
#958 = ORIENTED_EDGE ( 'NONE', *, *, #335, .F. ) ;
#959 = CARTESIAN_POINT ( 'NONE',  ( 2.876940317379733880, -2.253594861235148183, 7.117410133084284496 ) ) ;
#960 = CARTESIAN_POINT ( 'NONE',  ( 2.500000000000000000, 1.778850146803329979, 8.981579697442926502 ) ) ;
#961 = ORIENTED_EDGE ( 'NONE', *, *, #848, .F. ) ;
#962 = CARTESIAN_POINT ( 'NONE',  ( 2.817157287525379417, -0.3680061040626795843, 8.574244428828666997 ) ) ;
#963 = CARTESIAN_POINT ( 'NONE',  ( 2.700000000000000178, -2.353602053428421215, 7.109852912024380522 ) ) ;
#964 = VERTEX_POINT ( 'NONE', #741 ) ;
#965 = EDGE_CURVE ( 'NONE', #1434, #2669, #1864, .T. ) ;
#966 = EDGE_CURVE ( 'NONE', #1533, #710, #2442, .T. ) ;
#967 = CARTESIAN_POINT ( 'NONE',  ( 2.817060382974968746, 2.836344579127896282, 7.198811655958754052 ) ) ;
#968 = AXIS2_PLACEMENT_3D ( 'NONE', #1357, #2303, #175 ) ;
#969 = CARTESIAN_POINT ( 'NONE',  ( -0.4560000000004559850, -2.506950374043659835, -2.837311437048029905 ) ) ;
#970 = CYLINDRICAL_SURFACE ( 'NONE', #2975, 2.529673665926789994 ) ;
#971 = ORIENTED_EDGE ( 'NONE', *, *, #57, .F. ) ;
#972 = DIRECTION ( 'NONE',  ( 1.000000000000000000, 0.000000000000000000, 0.000000000000000000 ) ) ;
#973 = DIRECTION ( 'NONE',  ( 1.000000000000000000, 0.000000000000000000, 0.000000000000000000 ) ) ;
#974 = AXIS2_PLACEMENT_3D ( 'NONE', #1461, #1038, #561 ) ;
#975 = DIRECTION ( 'NONE',  ( 0.000000000000000000, 0.000000000000000000, -1.000000000000000000 ) ) ;
#976 = AXIS2_PLACEMENT_3D ( 'NONE', #2461, #2962, #623 ) ;
#977 = VECTOR ( 'NONE', #161, 1000.000000000000000 ) ;
#978 = ORIENTED_EDGE ( 'NONE', *, *, #2798, .F. ) ;
#979 = DIRECTION ( 'NONE',  ( 0.000000000000000000, 1.000000000000000000, 0.000000000000000000 ) ) ;
#980 = AXIS2_PLACEMENT_3D ( 'NONE', #1543, #611, #2275 ) ;
#981 = AXIS2_PLACEMENT_3D ( 'NONE', #2307, #1147, #2042 ) ;
#982 = ORIENTED_EDGE ( 'NONE', *, *, #451, .T. ) ;
#983 = DIRECTION ( 'NONE',  ( 0.000000000000000000, 6.938893903907230350E-16, 1.000000000000000000 ) ) ;
#984 = DIRECTION ( 'NONE',  ( 1.000000000000000000, 0.000000000000000000, 0.000000000000000000 ) ) ;
#985 = ORIENTED_EDGE ( 'NONE', *, *, #603, .T. ) ;
#986 = FACE_OUTER_BOUND ( 'NONE', #476, .T. ) ;
#987 = CARTESIAN_POINT ( 'NONE',  ( 2.700000000000000178, -1.370318771452939899, 7.981616090287829479 ) ) ;
#988 = EDGE_CURVE ( 'NONE', #1596, #427, #2862, .T. ) ;
#989 = EDGE_CURVE ( 'NONE', #1928, #1063, #540, .T. ) ;
#990 = DIRECTION ( 'NONE',  ( 0.000000000000000000, -1.000000000000000000, 0.000000000000000000 ) ) ;
#991 = VERTEX_POINT ( 'NONE', #3013 ) ;
#992 = CARTESIAN_POINT ( 'NONE',  ( 2.900000000000002132, 2.676294986703314560, 7.139627606724954667 ) ) ;
#993 = CARTESIAN_POINT ( 'NONE',  ( 2.899999999999999911, -1.445872768983590184, 7.981616090287829479 ) ) ;
#994 = CARTESIAN_POINT ( 'NONE',  ( 0.5760000000001029852, 2.906950374042800433, -2.151695218388979924 ) ) ;
#995 = EDGE_CURVE ( 'NONE', #1547, #2385, #2362, .T. ) ;
#996 = ORIENTED_EDGE ( 'NONE', *, *, #1217, .F. ) ;
#997 = CARTESIAN_POINT ( 'NONE',  ( 2.803711553880455121, -2.263747712513388244, 7.040748615689729206 ) ) ;
#998 = LINE ( 'NONE', #291, #2063 ) ;
#999 = ORIENTED_EDGE ( 'NONE', *, *, #1816, .F. ) ;
#1000 = FACE_OUTER_BOUND ( 'NONE', #2249, .T. ) ;
#1001 = CARTESIAN_POINT ( 'NONE',  ( 2.900000000000000355, -2.166966284473392790, 7.181735383786036486 ) ) ;
#1002 = ORIENTED_EDGE ( 'NONE', *, *, #2452, .T. ) ;
#1003 = CARTESIAN_POINT ( 'NONE',  ( 2.500000000000000000, -1.852688690668790938, 6.981735383786029203 ) ) ;
#1004 = CARTESIAN_POINT ( 'NONE',  ( 0.2400000000004919865, -2.106950374042409813, -3.698122778897189988 ) ) ;
#1005 = CARTESIAN_POINT ( 'NONE',  ( 0.6000000000000009770, 2.706950374042849994, -2.000000000000000000 ) ) ;
#1006 = ORIENTED_EDGE ( 'NONE', *, *, #2933, .T. ) ;
#1007 = PRODUCT_DEFINITION ( 'UNKNOWN', '', #788, #1515 ) ;
#1008 = CARTESIAN_POINT ( 'NONE',  ( 2.000000000000000000, 2.566966284473390481, 7.181735383786030269 ) ) ;
#1009 = DIRECTION ( 'NONE',  ( -1.000000000000000000, -0.000000000000000000, -0.000000000000000000 ) ) ;
#1010 = CARTESIAN_POINT ( 'NONE',  ( 2.676802809797993010, 2.646554306890643193, 6.985992917190690044 ) ) ;
#1011 = ORIENTED_EDGE ( 'NONE', *, *, #2584, .T. ) ;
#1012 = EDGE_CURVE ( 'NONE', #1578, #2816, #2667, .T. ) ;
#1013 = ORIENTED_EDGE ( 'NONE', *, *, #2391, .F. ) ;
#1014 = PLANE ( 'NONE',  #3068 ) ;
#1015 = DIRECTION ( 'NONE',  ( 0.000000000000000000, 0.4913561050383770112, 0.8709587694268399183 ) ) ;
#1016 = VERTEX_POINT ( 'NONE', #2779 ) ;
#1017 = FACE_OUTER_BOUND ( 'NONE', #1631, .T. ) ;
#1018 = CIRCLE ( 'NONE', #2805, 0.1999999999999996503 ) ;
#1019 = CARTESIAN_POINT ( 'NONE',  ( 0.3600000000005659784, -2.106950374042429797, -3.283808552441100481 ) ) ;
#1020 = CARTESIAN_POINT ( 'NONE',  ( -2.000000000000000000, 2.386632298580400047, 0.000000000000000000 ) ) ;
#1021 = AXIS2_PLACEMENT_3D ( 'NONE', #409, #146, #1086 ) ;
#1022 = EDGE_LOOP ( 'NONE', ( #1999, #1988, #15, #775, #1181 ) ) ;
#1023 = CARTESIAN_POINT ( 'NONE',  ( 2.804464742970536939, -2.288260793921124137, 8.920799479395133957 ) ) ;
#1024 = DIRECTION ( 'NONE',  ( 1.000000000000000000, 0.000000000000000000, 0.000000000000000000 ) ) ;
#1025 = CARTESIAN_POINT ( 'NONE',  ( -0.4560000000004559850, 2.906950374043659746, -2.837311437048029905 ) ) ;
#1026 = CARTESIAN_POINT ( 'NONE',  ( 2.899999999999999911, 0.9703248229937129210, 7.978504430182574048 ) ) ;
#1027 = ORIENTED_EDGE ( 'NONE', *, *, #965, .T. ) ;
#1028 = CIRCLE ( 'NONE', #1861, 1.000000000000000000 ) ;
#1029 = CIRCLE ( 'NONE', #1969, 0.1999999999999994282 ) ;
#1030 = EDGE_CURVE ( 'NONE', #500, #666, #379, .T. ) ;
#1031 = EDGE_CURVE ( 'NONE', #2329, #560, #694, .T. ) ;
#1032 = ORIENTED_EDGE ( 'NONE', *, *, #1438, .F. ) ;
#1033 = VECTOR ( 'NONE', #1734, 1000.000000000000000 ) ;
#1034 = AXIS2_PLACEMENT_3D ( 'NONE', #2462, #1993, #2229 ) ;
#1035 = CIRCLE ( 'NONE', #1421, 0.2000000000000005107 ) ;
#1036 = FACE_OUTER_BOUND ( 'NONE', #315, .T. ) ;
#1037 = VERTEX_POINT ( 'NONE', #2793 ) ;
#1038 = DIRECTION ( 'NONE',  ( -1.000000000000000000, -0.000000000000000000, -0.000000000000000000 ) ) ;
#1039 = CARTESIAN_POINT ( 'NONE',  ( 2.899999999999896438, 1.777997008394761158, 8.781579606433577823 ) ) ;
#1040 = CARTESIAN_POINT ( 'NONE',  ( 2.899999999999999911, 2.589746988851569398, 8.781579697442932542 ) ) ;
#1041 = VERTEX_POINT ( 'NONE', #1315 ) ;
#1042 = FACE_OUTER_BOUND ( 'NONE', #2021, .T. ) ;
#1043 = PLANE ( 'NONE',  #2919 ) ;
#1044 = CARTESIAN_POINT ( 'NONE',  ( 0.3600000000005659784, 2.906950374042430507, -3.283808552441109807 ) ) ;
#1045 = ORIENTED_EDGE ( 'NONE', *, *, #725, .T. ) ;
#1046 = DIRECTION ( 'NONE',  ( 1.000000000000000000, 0.000000000000000000, 0.000000000000000000 ) ) ;
#1047 = ORIENTED_EDGE ( 'NONE', *, *, #2433, .F. ) ;
#1048 = ADVANCED_FACE ( 'NONE', ( #193 ), #2363, .T. ) ;
#1049 = LINE ( 'NONE', #1062, #1228 ) ;
#1050 = ORIENTED_EDGE ( 'NONE', *, *, #335, .T. ) ;
#1051 = CARTESIAN_POINT ( 'NONE',  ( 2.699999999999999734, 2.589746988851571174, 8.781579697442934318 ) ) ;
#1052 = EDGE_CURVE ( 'NONE', #991, #1780, #672, .T. ) ;
#1053 = CARTESIAN_POINT ( 'NONE',  ( 2.000000000000000000, 0.4000000000000000222, 8.000000000000000000 ) ) ;
#1054 = CARTESIAN_POINT ( 'NONE',  ( -2.000000000000000000, 0.000000000000000000, 8.000000000000000000 ) ) ;
#1055 = CARTESIAN_POINT ( 'NONE',  ( 2.700000000000000178, 2.566966284473391369, 7.181735383786030269 ) ) ;
#1056 = CARTESIAN_POINT ( 'NONE',  ( 2.972642175625078487, -2.037470170407922776, 8.921465951386112536 ) ) ;
#1057 = CARTESIAN_POINT ( 'NONE',  ( -2.000000000000000000, -1.454076847109851744, 6.126799657709468327 ) ) ;
#1058 = CARTESIAN_POINT ( 'NONE',  ( -2.000000000000000000, 2.554865279386000498, 10.06731551639139965 ) ) ;
#1059 = ORIENTED_EDGE ( 'NONE', *, *, #1572, .T. ) ;
#1060 = DIRECTION ( 'NONE',  ( -1.000000000000000000, 0.000000000000000000, -0.000000000000000000 ) ) ;
#1061 = EDGE_LOOP ( 'NONE', ( #1984, #2400, #2529, #904, #1409, #2939, #370, #111 ) ) ;
#1062 = CARTESIAN_POINT ( 'NONE',  ( 2.000000000000000000, 2.506950374042850260, -2.021994713579259972 ) ) ;
#1063 = VERTEX_POINT ( 'NONE', #1602 ) ;
#1064 = CARTESIAN_POINT ( 'NONE',  ( 2.708363856529170999, 2.677598816561073125, 8.969358498863419626 ) ) ;
#1065 = CARTESIAN_POINT ( 'NONE',  ( 2.656971246440208212, -2.257981699003844156, 8.964589398545156129 ) ) ;
#1066 = CARTESIAN_POINT ( 'NONE',  ( 2.200000000000000178, -2.493049625957139970, 1.000000000000000000 ) ) ;
#1067 = EDGE_CURVE ( 'NONE', #2857, #1368, #2555, .T. ) ;
#1068 = EDGE_CURVE ( 'NONE', #629, #2834, #615, .T. ) ;
#1069 = CARTESIAN_POINT ( 'NONE',  ( 2.899999999999999911, -2.325044517200459904, 8.254595262184922788 ) ) ;
#1070 = LINE ( 'NONE', #1313, #345 ) ;
#1071 = DIRECTION ( 'NONE',  ( -1.000000000000000000, -0.000000000000000000, -0.000000000000000000 ) ) ;
#1072 = CIRCLE ( 'NONE', #1853, 0.5000000000000022204 ) ;
#1073 = ORIENTED_EDGE ( 'NONE', *, *, #68, .T. ) ;
#1074 = ORIENTED_EDGE ( 'NONE', *, *, #1608, .T. ) ;
#1075 = CARTESIAN_POINT ( 'NONE',  ( 2.500000000000000000, 1.770318771452939810, 6.981616090287829479 ) ) ;
#1076 = VECTOR ( 'NONE', #2730, 1000.000000000000000 ) ;
#1077 = EDGE_LOOP ( 'NONE', ( #99, #906, #2293, #971 ) ) ;
#1078 = AXIS2_PLACEMENT_3D ( 'NONE', #665, #1366, #3023 ) ;
#1079 = DIRECTION ( 'NONE',  ( 1.000000000000000000, 0.000000000000000000, 0.000000000000000000 ) ) ;
#1080 = VECTOR ( 'NONE', #1494, 1000.000000000000000 ) ;
#1081 = AXIS2_PLACEMENT_3D ( 'NONE', #107, #1271, #2953 ) ;
#1082 = ORIENTED_EDGE ( 'NONE', *, *, #1258, .F. ) ;
#1083 = CARTESIAN_POINT ( 'NONE',  ( 2.899999999999999911, 2.589746988851569398, 8.781579697442932542 ) ) ;
#1084 = AXIS2_PLACEMENT_3D ( 'NONE', #3076, #3057, #990 ) ;
#1085 = CARTESIAN_POINT ( 'NONE',  ( 2.900000000000000355, -1.391822639243698756, 7.181905152717234841 ) ) ;
#1086 = DIRECTION ( 'NONE',  ( 0.000000000000000000, 0.000000000000000000, -1.000000000000000000 ) ) ;
#1087 = AXIS2_PLACEMENT_3D ( 'NONE', #167, #2328, #2759 ) ;
#1088 = DIRECTION ( 'NONE',  ( 1.000000000000000000, 0.000000000000000000, -0.000000000000000000 ) ) ;
#1089 = LINE ( 'NONE', #2260, #1475 ) ;
#1090 = DIRECTION ( 'NONE',  ( 0.000000000000000000, 0.000000000000000000, -1.000000000000000000 ) ) ;
#1091 = CARTESIAN_POINT ( 'NONE',  ( 2.500000000000000000, 2.566966284473390481, 6.981735383786030980 ) ) ;
#1092 = ORIENTED_EDGE ( 'NONE', *, *, #830, .F. ) ;
#1093 = ORIENTED_EDGE ( 'NONE', *, *, #2351, .T. ) ;
#1094 = CARTESIAN_POINT ( 'NONE',  ( 2.700000000000000178, -1.873009620847410073, 7.181735383786030269 ) ) ;
#1095 = PLANE ( 'NONE',  #544 ) ;
#1096 = ADVANCED_FACE ( 'NONE', ( #2010 ), #2733, .T. ) ;
#1097 = ORIENTED_EDGE ( 'NONE', *, *, #1443, .F. ) ;
#1098 = ORIENTED_EDGE ( 'NONE', *, *, #2414, .T. ) ;
#1099 = CARTESIAN_POINT ( 'NONE',  ( 2.000000000000000000, 2.506950374042852481, 2.000000000000000000 ) ) ;
#1100 = CARTESIAN_POINT ( 'NONE',  ( 2.500000000000000000, -1.852688690668791160, 6.981735383786030091 ) ) ;
#1101 = DIRECTION ( 'NONE',  ( -1.000000000000000000, -0.000000000000000000, -0.000000000000000000 ) ) ;
#1102 = CARTESIAN_POINT ( 'NONE',  ( -0.5760000000000989884, -2.506950374044489838, -2.151695218389699793 ) ) ;
#1103 = CARTESIAN_POINT ( 'NONE',  ( 2.000000000000000000, -2.189746988851569931, 8.781579697442930765 ) ) ;
#1104 = CARTESIAN_POINT ( 'NONE',  ( 0.000000000000000000, 2.207472492326549851, 10.26561407150419925 ) ) ;
#1105 = ORIENTED_EDGE ( 'NONE', *, *, #1587, .F. ) ;
#1106 = ORIENTED_EDGE ( 'NONE', *, *, #1353, .T. ) ;
#1107 = CARTESIAN_POINT ( 'NONE',  ( 2.700000000000000178, -2.166966284473390569, 7.181735383786030269 ) ) ;
#1108 = EDGE_CURVE ( 'NONE', #538, #1426, #2027, .T. ) ;
#1109 = ORIENTED_EDGE ( 'NONE', *, *, #2600, .T. ) ;
#1110 = EDGE_LOOP ( 'NONE', ( #618, #1340, #530, #2127 ) ) ;
#1111 = DIRECTION ( 'NONE',  ( 0.000000000000000000, 0.2037249267427876931, 0.9790281682483122916 ) ) ;
#1112 = DIRECTION ( 'NONE',  ( 0.000000000000000000, -1.000000000000000000, 0.000000000000000000 ) ) ;
#1113 = CARTESIAN_POINT ( 'NONE',  ( 2.500000000000000000, 2.232936375243380400, 6.981735383786030091 ) ) ;
#1114 = FACE_OUTER_BOUND ( 'NONE', #1789, .T. ) ;
#1115 = DIRECTION ( 'NONE',  ( 0.000000000000000000, 0.2037249267427876931, 0.9790281682483122916 ) ) ;
#1116 = CARTESIAN_POINT ( 'NONE',  ( 0.5280000000002820215, 2.506950374044617735, -2.441838184032779857 ) ) ;
#1117 = ORIENTED_EDGE ( 'NONE', *, *, #2584, .F. ) ;
#1118 = EDGE_LOOP ( 'NONE', ( #654, #779, #2345, #269, #523 ) ) ;
#1119 = ORIENTED_EDGE ( 'NONE', *, *, #1197, .F. ) ;
#1120 = CARTESIAN_POINT ( 'NONE',  ( 2.727652719185551966, 2.784366340456540634, 8.910430444653755444 ) ) ;
#1121 = ADVANCED_FACE ( 'NONE', ( #495 ), #42, .T. ) ;
#1122 = VERTEX_POINT ( 'NONE', #1477 ) ;
#1123 = AXIS2_PLACEMENT_3D ( 'NONE', #2578, #1222, #255 ) ;
#1124 = EDGE_CURVE ( 'NONE', #1500, #71, #524, .T. ) ;
#1125 = CARTESIAN_POINT ( 'NONE',  ( 2.900000000000000355, -0.9043625724114199294, 8.786125275782394439 ) ) ;
#1126 = AXIS2_PLACEMENT_3D ( 'NONE', #2914, #1235, #2646 ) ;
#1127 = CARTESIAN_POINT ( 'NONE',  ( 2.000000000000000000, 2.343590931234010188, 6.228662121080859926 ) ) ;
#1128 = AXIS2_PLACEMENT_3D ( 'NONE', #2913, #2626, #23 ) ;
#1129 = CARTESIAN_POINT ( 'NONE',  ( 2.899999999999999467, -2.265931675948303692, 7.438689290422673572 ) ) ;
#1130 = AXIS2_PLACEMENT_3D ( 'NONE', #708, #2619, #1852 ) ;
#1131 = DIRECTION ( 'NONE',  ( 0.000000000000000000, 0.000000000000000000, -1.000000000000000000 ) ) ;
#1132 = AXIS2_PLACEMENT_3D ( 'NONE', #2479, #2417, #810 ) ;
#1133 = CARTESIAN_POINT ( 'NONE',  ( 0.000000000000000000, -1.943590931234010055, 6.228662121080859926 ) ) ;
#1134 = DIRECTION ( 'NONE',  ( -1.000000000000000000, 0.000000000000000000, 0.000000000000000000 ) ) ;
#1135 = DIRECTION ( 'NONE',  ( -0.000000000000000000, -0.3594123588082800969, 0.9331788447751417914 ) ) ;
#1136 = VECTOR ( 'NONE', #458, 1000.000000000000227 ) ;
#1137 = ORIENTED_EDGE ( 'NONE', *, *, #1240, .T. ) ;
#1138 = EDGE_LOOP ( 'NONE', ( #325, #3002, #178, #982 ) ) ;
#1139 = CARTESIAN_POINT ( 'NONE',  ( 2.645682937114039568, 2.862117315995430289, 8.885823866169218377 ) ) ;
#1140 = ORIENTED_EDGE ( 'NONE', *, *, #1030, .F. ) ;
#1141 = ADVANCED_FACE ( 'NONE', ( #1458 ), #1014, .F. ) ;
#1142 = CARTESIAN_POINT ( 'NONE',  ( 2.900000000000006128, 0.8552964273860697020, 7.430947956923377617 ) ) ;
#1143 = PLANE ( 'NONE',  #304 ) ;
#1144 = EDGE_CURVE ( 'NONE', #875, #2860, #541, .T. ) ;
#1145 = SURFACE_STYLE_USAGE ( .BOTH. , #435 ) ;
#1146 = LINE ( 'NONE', #886, #292 ) ;
#1147 = DIRECTION ( 'NONE',  ( 0.2956317970504590553, 0.8702733796158238500, 0.3939874176985457277 ) ) ;
#1148 = VERTEX_POINT ( 'NONE', #1906 ) ;
#1149 = EDGE_LOOP ( 'NONE', ( #224, #471, #1050, #928 ) ) ;
#1150 = CARTESIAN_POINT ( 'NONE',  ( 0.3600000000005659784, -2.106950374044394003, -3.283808552441100481 ) ) ;
#1151 = EDGE_CURVE ( 'NONE', #1690, #607, #1176, .T. ) ;
#1152 = ORIENTED_EDGE ( 'NONE', *, *, #1108, .T. ) ;
#1153 = CARTESIAN_POINT ( 'NONE',  ( 2.700000000000000178, -2.272231361949286210, 8.963778292922359725 ) ) ;
#1154 = EDGE_LOOP ( 'NONE', ( #985, #3049, #1947, #3053 ) ) ;
#1155 = CARTESIAN_POINT ( 'NONE',  ( 2.899999999999999911, -1.445872768983590184, 7.181735383786030269 ) ) ;
#1156 = DIRECTION ( 'NONE',  ( 0.000000000000000000, 0.000000000000000000, -1.000000000000000000 ) ) ;
#1157 = ADVANCED_FACE ( 'NONE', ( #2143 ), #1725, .T. ) ;
#1158 = ADVANCED_FACE ( 'NONE', ( #2660 ), #1491, .T. ) ;
#1159 = LINE ( 'NONE', #2827, #2670 ) ;
#1160 = ORIENTED_EDGE ( 'NONE', *, *, #69, .T. ) ;
#1161 = VERTEX_POINT ( 'NONE', #2645 ) ;
#1162 = CARTESIAN_POINT ( 'NONE',  ( 2.700000000000000622, 2.970823919200647811, 7.673848124747031818 ) ) ;
#1163 = DIRECTION ( 'NONE',  ( -1.000000000000000000, 0.000000000000000000, -0.000000000000000000 ) ) ;
#1164 = ORIENTED_EDGE ( 'NONE', *, *, #1663, .F. ) ;
#1165 = CARTESIAN_POINT ( 'NONE',  ( 2.708723078756582581, -2.253594861235149960, 6.993667519201753890 ) ) ;
#1166 = EDGE_LOOP ( 'NONE', ( #1760, #2034, #2582, #2499 ) ) ;
#1167 = VECTOR ( 'NONE', #2258, 1000.000000000000000 ) ;
#1168 = DIRECTION ( 'NONE',  ( -1.000000000000000000, -0.000000000000000000, -0.000000000000000000 ) ) ;
#1169 = STYLED_ITEM ( 'NONE', ( #468 ), #225 ) ;
#1170 = CARTESIAN_POINT ( 'NONE',  ( 0.6000000000000009770, 2.506950374042860474, 0.000000000000000000 ) ) ;
#1171 = VECTOR ( 'NONE', #1813, 1000.000000000000000 ) ;
#1172 = CARTESIAN_POINT ( 'NONE',  ( 2.700000000000000178, -2.189746988851569931, 8.781579697442930765 ) ) ;
#1173 = VECTOR ( 'NONE', #2854, 1000.000000000000000 ) ;
#1174 = CARTESIAN_POINT ( 'NONE',  ( 2.400000000000000355, 2.706950374042849550, 0.5000000000000000000 ) ) ;
#1175 = ORIENTED_EDGE ( 'NONE', *, *, #1031, .F. ) ;
#1176 = CIRCLE ( 'NONE', #2316, 0.4999999999999930611 ) ;
#1177 = ADVANCED_FACE ( 'NONE', ( #2176 ), #1186, .F. ) ;
#1178 = DIRECTION ( 'NONE',  ( 0.000000000000000000, 0.4913561050383770112, -0.8709587694268399183 ) ) ;
#1179 = DIRECTION ( 'NONE',  ( 0.000000000000000000, -1.000000000000000000, 0.000000000000000000 ) ) ;
#1180 = VECTOR ( 'NONE', #1433, 1000.000000000000000 ) ;
#1181 = ORIENTED_EDGE ( 'NONE', *, *, #258, .T. ) ;
#1182 = ADVANCED_FACE ( 'NONE', ( #1000 ), #2643, .T. ) ;
#1183 = CARTESIAN_POINT ( 'NONE',  ( 0.000000000000000000, -2.106950374042849905, 0.000000000000000000 ) ) ;
#1184 = DIRECTION ( 'NONE',  ( -1.000000000000000000, -0.000000000000000000, 0.000000000000000000 ) ) ;
#1185 = ORIENTED_EDGE ( 'NONE', *, *, #877, .T. ) ;
#1186 = CYLINDRICAL_SURFACE ( 'NONE', #198, 2.129673665926789639 ) ;
#1187 = CARTESIAN_POINT ( 'NONE',  ( 2.700000000000000622, -2.579429019469731355, 8.278167486668362329 ) ) ;
#1188 = DIRECTION ( 'NONE',  ( 0.000000000000000000, 0.000000000000000000, -1.000000000000000000 ) ) ;
#1189 = DIRECTION ( 'NONE',  ( 0.000000000000000000, 0.000000000000000000, -1.000000000000000000 ) ) ;
#1190 = CARTESIAN_POINT ( 'NONE',  ( 2.500000000000000000, -1.385764572353550328, 6.981735383786029203 ) ) ;
#1191 = EDGE_LOOP ( 'NONE', ( #2281, #717, #1549, #2226 ) ) ;
#1192 = CARTESIAN_POINT ( 'NONE',  ( 2.900000000000002576, 2.894673120795463905, 8.269405689988683861 ) ) ;
#1193 = FACE_OUTER_BOUND ( 'NONE', #1204, .T. ) ;
#1194 = EDGE_LOOP ( 'NONE', ( #756, #847, #2189, #2941, #136, #709, #2698, #1654, #2511, #2734, #459, #453, #2892, #313, #2721, #2138, #862, #1456, #213, #494, #2675, #2300 ) ) ;
#1195 = DIRECTION ( 'NONE',  ( 0.000000000000000000, 2.602085213965406910E-14, -1.000000000000000000 ) ) ;
#1196 = EDGE_CURVE ( 'NONE', #2884, #2248, #1914, .T. ) ;
#1197 = EDGE_CURVE ( 'NONE', #39, #1352, #2252, .T. ) ;
#1198 = ORIENTED_EDGE ( 'NONE', *, *, #2775, .T. ) ;
#1199 = CARTESIAN_POINT ( 'NONE',  ( 2.676802809797986349, -2.246554306890645947, 6.985992917190689155 ) ) ;
#1200 = LINE ( 'NONE', #24, #2968 ) ;
#1201 = CARTESIAN_POINT ( 'NONE',  ( 2.500000000000000000, 0.3901238422872940204, 8.012535240600110242 ) ) ;
#1202 = DIRECTION ( 'NONE',  ( 0.000000000000000000, -1.000000000000000000, -0.000000000000000000 ) ) ;
#1203 = CARTESIAN_POINT ( 'NONE',  ( 2.678789475080381344, 2.670910197190043522, 8.976775487371426721 ) ) ;
#1204 = EDGE_LOOP ( 'NONE', ( #2448, #488, #2497, #746, #519, #2273, #2238, #698, #2050, #2808 ) ) ;
#1205 = FACE_OUTER_BOUND ( 'NONE', #2206, .T. ) ;
#1206 = CARTESIAN_POINT ( 'NONE',  ( -2.000000000000000000, 1.861839066429380241, 9.652957669751181413 ) ) ;
#1207 = CARTESIAN_POINT ( 'NONE',  ( 0.5760000000001029852, 2.506950374042800078, -2.151695218388979924 ) ) ;
#1208 = ORIENTED_EDGE ( 'NONE', *, *, #2186, .F. ) ;
#1209 = DIRECTION ( 'NONE',  ( -1.000000000000000000, -0.000000000000000000, -0.000000000000000000 ) ) ;
#1210 = ORIENTED_EDGE ( 'NONE', *, *, #3065, .F. ) ;
#1211 = EDGE_CURVE ( 'NONE', #1702, #2360, #1049, .T. ) ;
#1212 = EDGE_CURVE ( 'NONE', #108, #3035, #2498, .T. ) ;
#1213 = CARTESIAN_POINT ( 'NONE',  ( 2.700000000000000178, -0.3703263359638139796, 7.977726493325822510 ) ) ;
#1214 = CARTESIAN_POINT ( 'NONE',  ( -2.000000000000000000, -2.154865279386005028, 10.06731551639140854 ) ) ;
#1215 = EDGE_LOOP ( 'NONE', ( #571, #937, #1882, #1859, #2093, #2658, #2060, #368, #1648, #1640, #1391, #2509, #1770, #285, #2017, #1971, #1348, #2607, #1185, #2425 ) ) ;
#1216 = CARTESIAN_POINT ( 'NONE',  ( 2.576223953221365548, 2.884309308348892653, 7.109480967909831861 ) ) ;
#1217 = EDGE_CURVE ( 'NONE', #1596, #2298, #371, .T. ) ;
#1218 = CARTESIAN_POINT ( 'NONE',  ( -0.3600000000005569856, -2.106950374043779828, -3.283808552445119933 ) ) ;
#1219 = FACE_OUTER_BOUND ( 'NONE', #215, .T. ) ;
#1220 = VECTOR ( 'NONE', #1529, 1000.000000000000000 ) ;
#1221 = EDGE_LOOP ( 'NONE', ( #2308, #2928, #758, #1568, #1428 ) ) ;
#1222 = DIRECTION ( 'NONE',  ( -1.000000000000000000, -0.000000000000000000, 0.000000000000000000 ) ) ;
#1223 = CIRCLE ( 'NONE', #1614, 0.2000000000000005107 ) ;
#1224 = CYLINDRICAL_SURFACE ( 'NONE', #2718, 0.2000000000000000944 ) ;
#1225 = VECTOR ( 'NONE', #418, 1000.000000000000000 ) ;
#1226 = CARTESIAN_POINT ( 'NONE',  ( 2.861729069707799056, 2.663747712513389487, 7.083426994660923626 ) ) ;
#1227 = VECTOR ( 'NONE', #1015, 1000.000000000000114 ) ;
#1228 = VECTOR ( 'NONE', #124, 1000.000000000000000 ) ;
#1229 = ORIENTED_EDGE ( 'NONE', *, *, #1816, .T. ) ;
#1230 = CYLINDRICAL_SURFACE ( 'NONE', #194, 2.529673665926789994 ) ;
#1231 = CIRCLE ( 'NONE', #1866, 1.000000000000000000 ) ;
#1232 = CIRCLE ( 'NONE', #2272, 0.2000000000000000944 ) ;
#1233 = VERTEX_POINT ( 'NONE', #2548 ) ;
#1234 = CARTESIAN_POINT ( 'NONE',  ( 2.817157287525379417, -0.7930076064559692384, 8.992828654303181679 ) ) ;
#1235 = DIRECTION ( 'NONE',  ( 0.000000000000000000, -0.4957400896598180284, 0.8684709341734331289 ) ) ;
#1236 = EDGE_LOOP ( 'NONE', ( #978, #2604, #1097, #961, #2784, #730, #354, #55, #794, #2954, #1886, #1901, #1580, #675 ) ) ;
#1237 = CARTESIAN_POINT ( 'NONE',  ( 2.500000000000000000, 2.232936375243379956, 6.981735383786030091 ) ) ;
#1238 = DIRECTION ( 'NONE',  ( 0.000000000000000000, 0.000000000000000000, -1.000000000000000000 ) ) ;
#1239 = DIRECTION ( 'NONE',  ( -1.000000000000000000, 0.000000000000000000, 0.000000000000000000 ) ) ;
#1240 = EDGE_CURVE ( 'NONE', #2360, #2703, #3069, .T. ) ;
#1241 = ORIENTED_EDGE ( 'NONE', *, *, #2126, .T. ) ;
#1242 = CARTESIAN_POINT ( 'NONE',  ( 2.500000000000000000, 1.770318771452940032, 8.981616090287831256 ) ) ;
#1243 = CARTESIAN_POINT ( 'NONE',  ( 2.700000000000000178, 1.789421251773247734, 8.981433621263162692 ) ) ;
#1244 = CARTESIAN_POINT ( 'NONE',  ( 2.989932422257452593, 2.316225766661784480, 7.077263648359823911 ) ) ;
#1245 = CARTESIAN_POINT ( 'NONE',  ( 2.900000000000000355, 0.9721671444559795150, 7.504851791053630095 ) ) ;
#1246 = ORIENTED_EDGE ( 'NONE', *, *, #2284, .T. ) ;
#1247 = EDGE_CURVE ( 'NONE', #80, #1928, #3019, .T. ) ;
#1248 = ORIENTED_EDGE ( 'NONE', *, *, #2971, .F. ) ;
#1249 = CARTESIAN_POINT ( 'NONE',  ( 2.817157287525379417, -0.3703263359638138685, 7.977726493325822510 ) ) ;
#1250 = DIRECTION ( 'NONE',  ( 0.000000000000000000, -1.000000000000000000, -0.000000000000000000 ) ) ;
#1251 = EDGE_LOOP ( 'NONE', ( #212, #442, #1744, #860 ) ) ;
#1252 = CARTESIAN_POINT ( 'NONE',  ( 2.648843144351816115, 2.836344579127894949, 7.075069042076223447 ) ) ;
#1253 = DIRECTION ( 'NONE',  ( 0.000000000000000000, 0.000000000000000000, -1.000000000000000000 ) ) ;
#1254 = DIRECTION ( 'NONE',  ( -1.000000000000000000, -0.000000000000000000, -0.000000000000000000 ) ) ;
#1255 = ORIENTED_EDGE ( 'NONE', *, *, #2583, .F. ) ;
#1256 = CARTESIAN_POINT ( 'NONE',  ( 2.804464742970534719, -2.288260793921124581, 8.920799479395132181 ) ) ;
#1257 = CARTESIAN_POINT ( 'NONE',  ( -0.6000000000000010880, 2.906950374042850171, -1.445602896647339163E-16 ) ) ;
#1258 = EDGE_CURVE ( 'NONE', #1706, #2746, #1720, .T. ) ;
#1259 = ADVANCED_FACE ( 'NONE', ( #1749 ), #583, .T. ) ;
#1260 = CARTESIAN_POINT ( 'NONE',  ( 2.803711553880455121, 2.663747712513388599, 7.040748615689729206 ) ) ;
#1261 = ORIENTED_EDGE ( 'NONE', *, *, #3065, .T. ) ;
#1262 = EDGE_LOOP ( 'NONE', ( #400, #2931, #1338, #2846 ) ) ;
#1263 = EDGE_LOOP ( 'NONE', ( #750, #2994, #664, #1198 ) ) ;
#1264 = DIRECTION ( 'NONE',  ( 0.000000000000000000, 0.8709587694268400293, -0.4913561050383770668 ) ) ;
#1265 = DIRECTION ( 'NONE',  ( -1.000000000000000000, -0.000000000000000000, -0.000000000000000000 ) ) ;
#1266 = CARTESIAN_POINT ( 'NONE',  ( 2.000000000000000000, 2.235157621338215606, 6.258895361867147678 ) ) ;
#1267 = CARTESIAN_POINT ( 'NONE',  ( 2.000000000000000000, 2.753602053428419794, 7.109852912024376970 ) ) ;
#1268 = CARTESIAN_POINT ( 'NONE',  ( -0.6000000000000009770, -2.506950374042850260, -2.000000000000000000 ) ) ;
#1269 = PLANE ( 'NONE',  #1375 ) ;
#1270 = CARTESIAN_POINT ( 'NONE',  ( -0.2400000000004869904, 2.906950374043590468, -3.698122778900680530 ) ) ;
#1271 = DIRECTION ( 'NONE',  ( -1.000000000000000000, 0.000000000000000000, 0.000000000000000000 ) ) ;
#1272 = ADVANCED_FACE ( 'NONE', ( #1535 ), #2472, .T. ) ;
#1273 = VERTEX_POINT ( 'NONE', #2283 ) ;
#1274 = VECTOR ( 'NONE', #1496, 1000.000000000000000 ) ;
#1275 = CIRCLE ( 'NONE', #2466, 0.5000000000000022204 ) ;
#1276 = AXIS2_PLACEMENT_3D ( 'NONE', #66, #577, #320 ) ;
#1277 = EDGE_CURVE ( 'NONE', #383, #817, #1791, .T. ) ;
#1278 = ORIENTED_EDGE ( 'NONE', *, *, #1349, .T. ) ;
#1279 = CIRCLE ( 'NONE', #490, 1.000000000000000000 ) ;
#1280 = VECTOR ( 'NONE', #115, 1000.000000000000000 ) ;
#1281 = AXIS2_PLACEMENT_3D ( 'NONE', #627, #1071, #815 ) ;
#1282 = ORIENTED_EDGE ( 'NONE', *, *, #2067, .T. ) ;
#1283 = CARTESIAN_POINT ( 'NONE',  ( 2.728810370285464693, 2.758812006295955133, 7.050908008582474906 ) ) ;
#1284 = DIRECTION ( 'NONE',  ( -0.000000000000000000, 0.000000000000000000, -1.000000000000000000 ) ) ;
#1285 = CARTESIAN_POINT ( 'NONE',  ( 2.500000000000000000, -1.885898336976628453, 8.981579697442930055 ) ) ;
#1286 = DIRECTION ( 'NONE',  ( 0.000000000000000000, 0.000000000000000000, -1.000000000000000000 ) ) ;
#1287 = CARTESIAN_POINT ( 'NONE',  ( 2.804464742970534274, -2.288260793921124581, 8.920799479395133957 ) ) ;
#1288 = DIRECTION ( 'NONE',  ( 0.000000000000000000, -1.000000000000000000, 1.665334536937729880E-16 ) ) ;
#1289 = DIRECTION ( 'NONE',  ( 0.000000000000000000, 1.802288556821790108E-16, 1.000000000000000000 ) ) ;
#1290 = VERTEX_POINT ( 'NONE', #2496 ) ;
#1291 = CARTESIAN_POINT ( 'NONE',  ( 2.000000000000000000, -2.187057728591519812, 7.981657540614479629 ) ) ;
#1292 = ORIENTED_EDGE ( 'NONE', *, *, #2737, .F. ) ;
#1293 = EDGE_CURVE ( 'NONE', #2651, #463, #137, .T. ) ;
#1294 = ADVANCED_FACE ( 'NONE', ( #2045 ), #3003, .F. ) ;
#1295 = ORIENTED_EDGE ( 'NONE', *, *, #1258, .T. ) ;
#1296 = CARTESIAN_POINT ( 'NONE',  ( 2.804464742970528057, 2.688260793921125824, 8.920799479395132181 ) ) ;
#1297 = CARTESIAN_POINT ( 'NONE',  ( 2.802448296680484674, -2.509066849754115758, 8.677758204742229253 ) ) ;
#1298 = CARTESIAN_POINT ( 'NONE',  ( 2.883821216169744073, -2.264059986212141773, 8.807796846585512540 ) ) ;
#1299 = CARTESIAN_POINT ( 'NONE',  ( 2.900000000000000799, -2.281234174289939798, 8.522257566991831013 ) ) ;
#1300 = LINE ( 'NONE', #766, #641 ) ;
#1301 = CARTESIAN_POINT ( 'NONE',  ( 0.000000000000000000, -2.506950374042850260, 0.000000000000000000 ) ) ;
#1302 = DIRECTION ( 'NONE',  ( 0.000000000000000000, -0.000000000000000000, 1.000000000000000000 ) ) ;
#1303 = DIRECTION ( 'NONE',  ( -0.000000000000000000, -0.3594123588082800969, 0.9331788447751417914 ) ) ;
#1304 = VERTEX_POINT ( 'NONE', #369 ) ;
#1305 = LINE ( 'NONE', #2250, #1867 ) ;
#1306 = ORIENTED_EDGE ( 'NONE', *, *, #808, .F. ) ;
#1307 = VERTEX_POINT ( 'NONE', #850 ) ;
#1308 = EDGE_CURVE ( 'NONE', #1560, #2253, #121, .T. ) ;
#1309 = CARTESIAN_POINT ( 'NONE',  ( 2.700000000000000178, -2.189746988851571263, 8.781579697442936094 ) ) ;
#1310 = LINE ( 'NONE', #389, #347 ) ;
#1311 = EDGE_CURVE ( 'NONE', #1041, #2746, #1305, .T. ) ;
#1312 = DIRECTION ( 'NONE',  ( -0.000000000000000000, 1.000000000000000000, -0.000000000000000000 ) ) ;
#1313 = CARTESIAN_POINT ( 'NONE',  ( 2.000000000000000000, -1.461839066429380107, 9.652957669751179637 ) ) ;
#1314 = CARTESIAN_POINT ( 'NONE',  ( 2.884143362271180067, -2.239797423733852266, 7.153684585482092295 ) ) ;
#1315 = CARTESIAN_POINT ( 'NONE',  ( 2.000000000000000000, -2.353602053428420326, 7.109852912024377858 ) ) ;
#1316 = ORIENTED_EDGE ( 'NONE', *, *, #275, .F. ) ;
#1317 = VECTOR ( 'NONE', #1783, 1000.000000000000000 ) ;
#1318 = DIRECTION ( 'NONE',  ( -0.000000000000000000, -0.2037249267427869159, 0.9790281682483124026 ) ) ;
#1319 = ORIENTED_EDGE ( 'NONE', *, *, #301, .F. ) ;
#1320 = VECTOR ( 'NONE', #2131, 1000.000000000000000 ) ;
#1321 = AXIS2_PLACEMENT_3D ( 'NONE', #762, #1264, #2227 ) ;
#1322 = CARTESIAN_POINT ( 'NONE',  ( 2.500000000000000000, 1.845872768983590095, 8.981579697442930055 ) ) ;
#1323 = AXIS2_PLACEMENT_3D ( 'NONE', #423, #134, #2777 ) ;
#1324 = AXIS2_PLACEMENT_3D ( 'NONE', #104, #1303, #1983 ) ;
#1325 = ORIENTED_EDGE ( 'NONE', *, *, #932, .T. ) ;
#1326 = DIRECTION ( 'NONE',  ( 0.000000000000000000, 0.000000000000000000, -1.000000000000000000 ) ) ;
#1327 = AXIS2_PLACEMENT_3D ( 'NONE', #2443, #385, #140 ) ;
#1328 = CARTESIAN_POINT ( 'NONE',  ( 0.000000000000000000, -2.506950374042850260, 0.000000000000000000 ) ) ;
#1329 = CARTESIAN_POINT ( 'NONE',  ( 2.000000000000000000, 2.577181570878810390, 6.981735383786030091 ) ) ;
#1330 = AXIS2_PLACEMENT_3D ( 'NONE', #1133, #1389, #1156 ) ;
#1331 = CARTESIAN_POINT ( 'NONE',  ( 2.000000000000000000, 2.906950374042855501, 2.983123814582119948 ) ) ;
#1332 = DIRECTION ( 'NONE',  ( 1.000000000000000000, 0.000000000000000000, 0.000000000000000000 ) ) ;
#1333 = EDGE_CURVE ( 'NONE', #2159, #3051, #157, .T. ) ;
#1334 = CARTESIAN_POINT ( 'NONE',  ( 0.6000000000000009770, -2.106950374042849905, 0.000000000000000000 ) ) ;
#1335 = ORIENTED_EDGE ( 'NONE', *, *, #2161, .T. ) ;
#1336 = EDGE_LOOP ( 'NONE', ( #73, #2047, #61, #1278 ) ) ;
#1337 = CARTESIAN_POINT ( 'NONE',  ( 2.500000000000000000, -1.385764572353567647, 6.981735383786030091 ) ) ;
#1338 = ORIENTED_EDGE ( 'NONE', *, *, #2237, .F. ) ;
#1339 = EDGE_CURVE ( 'NONE', #2542, #1355, #1548, .T. ) ;
#1340 = ORIENTED_EDGE ( 'NONE', *, *, #1536, .F. ) ;
#1341 = DIRECTION ( 'NONE',  ( 4.336808689942015369E-15, 0.9430340061942495966, 0.3326963527921880659 ) ) ;
#1342 = FACE_OUTER_BOUND ( 'NONE', #432, .T. ) ;
#1343 = DIRECTION ( 'NONE',  ( 0.000000000000000000, 1.802288556821790108E-16, 1.000000000000000000 ) ) ;
#1344 =( NAMED_UNIT ( * ) SI_UNIT ( $, .STERADIAN. ) SOLID_ANGLE_UNIT ( ) );
#1345 = CARTESIAN_POINT ( 'NONE',  ( -2.000000000000000000, -2.101411997443690005, 3.015941518713860514 ) ) ;
#1346 = CARTESIAN_POINT ( 'NONE',  ( -0.2400000000004869627, 2.506950374045517460, -3.698122778900680530 ) ) ;
#1347 = ORIENTED_EDGE ( 'NONE', *, *, #184, .F. ) ;
#1348 = ORIENTED_EDGE ( 'NONE', *, *, #642, .T. ) ;
#1349 = EDGE_CURVE ( 'NONE', #1476, #1559, #2955, .T. ) ;
#1350 = ADVANCED_FACE ( 'NONE', ( #403 ), #1095, .F. ) ;
#1351 = CARTESIAN_POINT ( 'NONE',  ( -0.3600000000005569856, -2.106950374045744478, -3.283808552445119933 ) ) ;
#1352 = VERTEX_POINT ( 'NONE', #559 ) ;
#1353 = EDGE_CURVE ( 'NONE', #243, #1926, #2612, .T. ) ;
#1354 = CARTESIAN_POINT ( 'NONE',  ( 2.500000000000000000, -1.378850146803090038, 8.981579697442928278 ) ) ;
#1355 = VERTEX_POINT ( 'NONE', #326 ) ;
#1356 = CARTESIAN_POINT ( 'NONE',  ( 2.500000000000000000, 2.566966284473390481, 7.181735383786030269 ) ) ;
#1357 = CARTESIAN_POINT ( 'NONE',  ( 0.000000000000000000, 2.406950374042860386, 2.983123814582119948 ) ) ;
#1358 = CYLINDRICAL_SURFACE ( 'NONE', #2271, 0.2000000000000000944 ) ;
#1359 = DIRECTION ( 'NONE',  ( 0.000000000000000000, -0.8684709341734331289, -0.4957400896598180284 ) ) ;
#1360 = DIRECTION ( 'NONE',  ( 0.000000000000000000, 0.000000000000000000, -1.000000000000000000 ) ) ;
#1361 = EDGE_LOOP ( 'NONE', ( #430, #2843, #2917, #2923, #2439 ) ) ;
#1362 = ORIENTED_EDGE ( 'NONE', *, *, #2909, .F. ) ;
#1363 = DIRECTION ( 'NONE',  ( 0.000000000000000000, 0.000000000000000000, -1.000000000000000000 ) ) ;
#1364 = ADVANCED_FACE ( 'NONE', ( #1036 ), #2692, .T. ) ;
#1365 = ORIENTED_EDGE ( 'NONE', *, *, #2256, .T. ) ;
#1366 = DIRECTION ( 'NONE',  ( -0.000000000000000000, -1.665334536937729880E-16, -1.000000000000000000 ) ) ;
#1367 = ADVANCED_FACE ( 'NONE', ( #634 ), #2064, .T. ) ;
#1368 = VERTEX_POINT ( 'NONE', #2221 ) ;
#1369 = AXIS2_PLACEMENT_3D ( 'NONE', #663, #1851, #415 ) ;
#1370 = FACE_OUTER_BOUND ( 'NONE', #2873, .T. ) ;
#1371 = CIRCLE ( 'NONE', #196, 1.000000000000000000 ) ;
#1372 = FACE_OUTER_BOUND ( 'NONE', #2639, .T. ) ;
#1373 = CIRCLE ( 'NONE', #1276, 0.2000000000000005107 ) ;
#1374 = DIRECTION ( 'NONE',  ( -0.000000000000000000, 1.000000000000000000, 0.000000000000000000 ) ) ;
#1375 = AXIS2_PLACEMENT_3D ( 'NONE', #366, #1514, #1288 ) ;
#1376 = CARTESIAN_POINT ( 'NONE',  ( 2.000000000000000000, -1.378850146803330068, 8.981579697442930055 ) ) ;
#1377 = CIRCLE ( 'NONE', #3021, 0.5000000000000022204 ) ;
#1378 = DIRECTION ( 'NONE',  ( 1.000000000000000000, 0.000000000000000000, 0.000000000000000000 ) ) ;
#1379 = LINE ( 'NONE', #2090, #1870 ) ;
#1380 = ORIENTED_EDGE ( 'NONE', *, *, #2774, .F. ) ;
#1381 = ORIENTED_EDGE ( 'NONE', *, *, #995, .F. ) ;
#1382 = CARTESIAN_POINT ( 'NONE',  ( 2.752359801715210885, 1.779027883722149594, 8.981578181047373377 ) ) ;
#1383 = ORIENTED_EDGE ( 'NONE', *, *, #1792, .T. ) ;
#1384 = FACE_OUTER_BOUND ( 'NONE', #2693, .T. ) ;
#1385 = EDGE_LOOP ( 'NONE', ( #262, #1974, #908, #2617, #259, #2103, #1489, #3040, #413 ) ) ;
#1386 = ADVANCED_FACE ( 'NONE', ( #2438 ), #2188, .T. ) ;
#1387 = ADVANCED_FACE ( 'NONE', ( #122 ), #1610, .T. ) ;
#1388 = CARTESIAN_POINT ( 'NONE',  ( 2.899999999999999467, 1.314776893212558528, 7.169077731324921210 ) ) ;
#1389 = DIRECTION ( 'NONE',  ( 1.000000000000000000, 0.000000000000000000, 0.000000000000000000 ) ) ;
#1390 = CARTESIAN_POINT ( 'NONE',  ( 2.804464742970532498, 2.688260793921123160, 8.920799479395132181 ) ) ;
#1391 = ORIENTED_EDGE ( 'NONE', *, *, #222, .T. ) ;
#1392 = EDGE_LOOP ( 'NONE', ( #1164, #236, #2155, #2437 ) ) ;
#1393 = CARTESIAN_POINT ( 'NONE',  ( 2.900000000000000355, 2.774810179399196830, 8.257014638293545872 ) ) ;
#1394 = DIRECTION ( 'NONE',  ( 0.000000000000000000, 0.000000000000000000, 1.000000000000000000 ) ) ;
#1395 = ORIENTED_EDGE ( 'NONE', *, *, #1763, .T. ) ;
#1396 = DIRECTION ( 'NONE',  ( -0.000000000000000000, 1.000000000000000000, 0.000000000000000000 ) ) ;
#1397 = VERTEX_POINT ( 'NONE', #1896 ) ;
#1398 = CARTESIAN_POINT ( 'NONE',  ( 2.900000000000000355, -2.189746988851569931, 8.781579697442937871 ) ) ;
#1399 = PLANE ( 'NONE',  #2812 ) ;
#1400 = DIRECTION ( 'NONE',  ( 0.000000000000000000, 0.000000000000000000, -1.000000000000000000 ) ) ;
#1401 = EDGE_CURVE ( 'NONE', #2834, #545, #154, .T. ) ;
#1402 = ORIENTED_EDGE ( 'NONE', *, *, #301, .T. ) ;
#1403 = DIRECTION ( 'NONE',  ( 0.000000000000000000, 8.881784197001254296E-16, -1.000000000000000000 ) ) ;
#1404 = CARTESIAN_POINT ( 'NONE',  ( 2.000000000000000000, -1.986632298580399913, 2.000000000000000000 ) ) ;
#1405 = VERTEX_POINT ( 'NONE', #749 ) ;
#1406 = FACE_OUTER_BOUND ( 'NONE', #1534, .T. ) ;
#1407 = DIRECTION ( 'NONE',  ( 1.000000000000000000, 0.000000000000000000, 0.000000000000000000 ) ) ;
#1408 = AXIS2_PLACEMENT_3D ( 'NONE', #868, #1797, #2072 ) ;
#1409 = ORIENTED_EDGE ( 'NONE', *, *, #3006, .F. ) ;
#1410 = VECTOR ( 'NONE', #1585, 1000.000000000000000 ) ;
#1411 = DIRECTION ( 'NONE',  ( 1.000000000000000000, -0.000000000000000000, 0.000000000000000000 ) ) ;
#1412 = CARTESIAN_POINT ( 'NONE',  ( 2.500000000000000000, 1.770318771452939810, 7.981616090287829479 ) ) ;
#1413 = VECTOR ( 'NONE', #2080, 1000.000000000000114 ) ;
#1414 = DIRECTION ( 'NONE',  ( -0.000000000000000000, -1.802288556821790108E-16, -1.000000000000000000 ) ) ;
#1415 = CIRCLE ( 'NONE', #976, 0.4999999999999930611 ) ;
#1416 = CARTESIAN_POINT ( 'NONE',  ( 2.752359628750287168, -1.386086359467224582, 6.981740354638709789 ) ) ;
#1417 = AXIS2_PLACEMENT_3D ( 'NONE', #2183, #101, #1979 ) ;
#1418 = DIRECTION ( 'NONE',  ( 1.000000000000000000, 0.000000000000000000, 0.000000000000000000 ) ) ;
#1419 = AXIS2_PLACEMENT_3D ( 'NONE', #993, #1700, #532 ) ;
#1420 = VERTEX_POINT ( 'NONE', #2100 ) ;
#1421 = AXIS2_PLACEMENT_3D ( 'NONE', #2255, #1112, #2729 ) ;
#1422 = CARTESIAN_POINT ( 'NONE',  ( 0.000000000000000000, -2.506950374042850260, 4.336808689942017736E-16 ) ) ;
#1423 = DIRECTION ( 'NONE',  ( -0.000000000000000000, 0.8684709341734331289, -0.4957400896598180284 ) ) ;
#1424 = EDGE_CURVE ( 'NONE', #604, #2771, #2399, .T. ) ;
#1425 = AXIS2_PLACEMENT_3D ( 'NONE', #2370, #457, #925 ) ;
#1426 = VERTEX_POINT ( 'NONE', #49 ) ;
#1427 = DIRECTION ( 'NONE',  ( 1.000000000000000000, 0.000000000000000000, 0.000000000000000000 ) ) ;
#1428 = ORIENTED_EDGE ( 'NONE', *, *, #620, .F. ) ;
#1429 = CARTESIAN_POINT ( 'NONE',  ( 2.899999999999999023, -0.4510404041769582872, 8.525149489774619838 ) ) ;
#1430 = DIRECTION ( 'NONE',  ( 0.000000000000000000, 0.9331788447751412363, -0.3594123588082816512 ) ) ;
#1431 = LINE ( 'NONE', #456, #786 ) ;
#1432 = CARTESIAN_POINT ( 'NONE',  ( 0.5280000000002820215, -2.106950374042690477, -2.441838184032779857 ) ) ;
#1433 = DIRECTION ( 'NONE',  ( -0.000000000000000000, 1.000000000000000000, 0.000000000000000000 ) ) ;
#1434 = VERTEX_POINT ( 'NONE', #2134 ) ;
#1435 = CARTESIAN_POINT ( 'NONE',  ( 2.000000000000000000, 0.000000000000000000, 8.000000000000000000 ) ) ;
#1436 = PLANE ( 'NONE',  #2268 ) ;
#1437 = CARTESIAN_POINT ( 'NONE',  ( -0.5280000000002720295, 2.506950374043350305, -2.441838184034749837 ) ) ;
#1438 = EDGE_CURVE ( 'NONE', #604, #1304, #2719, .T. ) ;
#1439 = EDGE_CURVE ( 'NONE', #2831, #676, #926, .T. ) ;
#1440 = ORIENTED_EDGE ( 'NONE', *, *, #2682, .F. ) ;
#1441 = CARTESIAN_POINT ( 'NONE',  ( 2.700000000000000178, 2.566966284473390481, 7.181735383786030269 ) ) ;
#1442 = CARTESIAN_POINT ( 'NONE',  ( -2.000000000000000000, 2.406950374042860386, 2.983123814582119948 ) ) ;
#1443 = EDGE_CURVE ( 'NONE', #1626, #324, #1698, .T. ) ;
#1444 = ORIENTED_EDGE ( 'NONE', *, *, #2723, .T. ) ;
#1445 = CARTESIAN_POINT ( 'NONE',  ( 2.899999999999999911, -0.5684686375407289605, 8.455718761120500915 ) ) ;
#1446 = DIRECTION ( 'NONE',  ( 1.000000000000000000, 0.000000000000000000, 0.000000000000000000 ) ) ;
#1447 = ORIENTED_EDGE ( 'NONE', *, *, #2046, .F. ) ;
#1448 = LINE ( 'NONE', #2868, #1274 ) ;
#1449 = CARTESIAN_POINT ( 'NONE',  ( -0.1200000000002799938, -2.506950374043220631, -3.955777927880609557 ) ) ;
#1450 = CARTESIAN_POINT ( 'NONE',  ( 2.890943066344911827, 2.640687381318429505, 8.750825480982014071 ) ) ;
#1451 = ORIENTED_EDGE ( 'NONE', *, *, #2893, .F. ) ;
#1452 = CARTESIAN_POINT ( 'NONE',  ( -2.000000000000000000, 2.406950374042860386, 2.983123814582119948 ) ) ;
#1453 = CARTESIAN_POINT ( 'NONE',  ( 2.903033814340442831, 2.537688282016642205, 7.027276814329888488 ) ) ;
#1454 = ORIENTED_EDGE ( 'NONE', *, *, #1876, .T. ) ;
#1455 = DIRECTION ( 'NONE',  ( 1.000000000000000000, 0.000000000000000000, -0.000000000000000000 ) ) ;
#1456 = ORIENTED_EDGE ( 'NONE', *, *, #2433, .T. ) ;
#1457 = EDGE_CURVE ( 'NONE', #383, #914, #2216, .T. ) ;
#1458 = FACE_OUTER_BOUND ( 'NONE', #2082, .T. ) ;
#1459 = CARTESIAN_POINT ( 'NONE',  ( 2.817157287525381637, -2.570823919200647900, 7.673848124747035371 ) ) ;
#1460 = ORIENTED_EDGE ( 'NONE', *, *, #2702, .F. ) ;
#1461 = CARTESIAN_POINT ( 'NONE',  ( 2.000000000000000000, 0.4000000000000000222, 8.000000000000000000 ) ) ;
#1462 = CARTESIAN_POINT ( 'NONE',  ( -2.970713952610280670E-16, -2.106950374042829921, -4.043989427158519945 ) ) ;
#1463 = CARTESIAN_POINT ( 'NONE',  ( 0.000000000000000000, -2.506950374042850260, 2.983123814582119948 ) ) ;
#1464 = AXIS2_PLACEMENT_3D ( 'NONE', #266, #910, #1619 ) ;
#1465 = ORIENTED_EDGE ( 'NONE', *, *, #681, .F. ) ;
#1466 = CARTESIAN_POINT ( 'NONE',  ( 2.752359877559829915, -1.379027876445557022, 8.981578181109451720 ) ) ;
#1467 = CIRCLE ( 'NONE', #2120, 0.2000000000000002054 ) ;
#1468 = LINE ( 'NONE', #2482, #543 ) ;
#1469 = VECTOR ( 'NONE', #1975, 1000.000000000000114 ) ;
#1470 = CARTESIAN_POINT ( 'NONE',  ( -0.1200000000002799938, 2.506950374043220187, -3.955777927880609557 ) ) ;
#1471 = VECTOR ( 'NONE', #1711, 1000.000000000000000 ) ;
#1472 = VERTEX_POINT ( 'NONE', #2650 ) ;
#1473 = CIRCLE ( 'NONE', #596, 1.000000000000000000 ) ;
#1474 = LINE ( 'NONE', #2845, #2819 ) ;
#1475 = VECTOR ( 'NONE', #119, 1000.000000000000000 ) ;
#1476 = VERTEX_POINT ( 'NONE', #764 ) ;
#1477 = CARTESIAN_POINT ( 'NONE',  ( -0.6000000000000009770, 2.506950374042850260, -2.000000000000000000 ) ) ;
#1478 = CARTESIAN_POINT ( 'NONE',  ( 2.000000000000000000, -2.378353790090419917, 8.848118968001369211 ) ) ;
#1479 = EDGE_LOOP ( 'NONE', ( #706, #1241, #58, #2003, #1736 ) ) ;
#1480 = ADVANCED_FACE ( 'NONE', ( #1881 ), #1900, .T. ) ;
#1481 = EDGE_CURVE ( 'NONE', #914, #197, #2168, .T. ) ;
#1482 = CARTESIAN_POINT ( 'NONE',  ( 2.876940317379735657, 2.653594861235148539, 7.117410133084284496 ) ) ;
#1483 = DIRECTION ( 'NONE',  ( 0.000000000000000000, 0.000000000000000000, -1.000000000000000000 ) ) ;
#1484 = DIRECTION ( 'NONE',  ( 0.000000000000000000, 0.000000000000000000, -1.000000000000000000 ) ) ;
#1485 = DIRECTION ( 'NONE',  ( 0.000000000000000000, 4.336808689942326181E-15, -1.000000000000000000 ) ) ;
#1486 = CARTESIAN_POINT ( 'NONE',  ( 2.758089033400287438, -2.037470170407924552, 9.082457719522395223 ) ) ;
#1487 = CARTESIAN_POINT ( 'NONE',  ( 0.000000000000000000, 2.889768704622316164, 3.113071725902229137 ) ) ;
#1488 = CARTESIAN_POINT ( 'NONE',  ( 2.713404862206880708, 2.316225766661784480, 6.873846665824084212 ) ) ;
#1489 = ORIENTED_EDGE ( 'NONE', *, *, #2336, .T. ) ;
#1490 = CARTESIAN_POINT ( 'NONE',  ( 2.899999880863206592, 1.778357359503007329, 8.833938452228627725 ) ) ;
#1491 =( BOUNDED_SURFACE ( )  B_SPLINE_SURFACE ( 3, 3, ( 
 ( #296, #1445, #2847, #759 ),
 ( #2427, #1429, #278, #1655 ),
 ( #1249, #962, #1234, #1891 ),
 ( #1213, #1691, #557, #1493 ) ),
 .UNSPECIFIED., .F., .F., .F. ) 
 B_SPLINE_SURFACE_WITH_KNOTS ( ( 4, 4 ),
 ( 4, 4 ),
 ( 0.000000000000000000, 1.000000000000000000 ),
 ( 0.000000000000000000, 1.000000000000000000 ),
 .UNSPECIFIED. ) 
 GEOMETRIC_REPRESENTATION_ITEM ( )  RATIONAL_B_SPLINE_SURFACE ( (
 ( 1.000000000000000000, 0.7992872701912157041, 0.7992872701912157041, 1.000000000000000000),
 ( 0.8047378541243679351, 0.6432167226426027673, 0.6432167226426027673, 0.8047378541243679351),
 ( 0.8047378541243679351, 0.6432167226426027673, 0.6432167226426027673, 0.8047378541243679351),
 ( 1.000000000000000000, 0.7992872701912157041, 0.7992872701912157041, 1.000000000000000000) ) ) 
 REPRESENTATION_ITEM ( '' )  SURFACE ( )  );
#1492 = VERTEX_POINT ( 'NONE', #1647 ) ;
#1493 = CARTESIAN_POINT ( 'NONE',  ( 2.700000000000000178, -1.389421207989113061, 8.981433622099704195 ) ) ;
#1494 = DIRECTION ( 'NONE',  ( 0.000000000000000000, 0.000000000000000000, 1.000000000000000000 ) ) ;
#1495 = VERTEX_POINT ( 'NONE', #499 ) ;
#1496 = DIRECTION ( 'NONE',  ( 1.000000000000000000, 0.000000000000000000, 0.000000000000000000 ) ) ;
#1497 = PLANE ( 'NONE',  #241 ) ;
#1498 = EDGE_CURVE ( 'NONE', #1533, #1492, #283, .T. ) ;
#1499 = PLANE ( 'NONE',  #1034 ) ;
#1500 = VERTEX_POINT ( 'NONE', #29 ) ;
#1501 = CARTESIAN_POINT ( 'NONE',  ( 2.878445380721961211, -1.378684055774820338, 8.885974749060471467 ) ) ;
#1502 = CARTESIAN_POINT ( 'NONE',  ( -2.000000000000000000, 2.554865279385995613, 10.06731551639140143 ) ) ;
#1503 = CARTESIAN_POINT ( 'NONE',  ( -0.5280000000002720295, 2.906950374043350216, -2.441838184034749837 ) ) ;
#1504 = EDGE_CURVE ( 'NONE', #915, #2860, #1159, .T. ) ;
#1505 = ORIENTED_EDGE ( 'NONE', *, *, #1536, .T. ) ;
#1506 = B_SPLINE_CURVE_WITH_KNOTS ( 'NONE', 5,
 ( #1857, #894, #3039, #2299, #822, #2547, #202, #2530, #1752, #1825, #2785, #1630, #464, #1526, #2961 ),
 .UNSPECIFIED., .F., .F.,
 ( 6, 1, 1, 1, 1, 1, 1, 1, 1, 1, 6 ),
 ( 0.000000000000000000, 0.0004279161281921696350, 0.0008558322563843392700, 0.001283748384576508797, 0.001711664512768678540, 0.002139580640960848067, 0.002567496769153017593, 0.002995412897345187120, 0.003423329025537357080, 0.003851245153729526607, 0.004279161281921696133 ),
 .UNSPECIFIED. ) ;
#1507 = ORIENTED_EDGE ( 'NONE', *, *, #1308, .T. ) ;
#1508 = ORIENTED_EDGE ( 'NONE', *, *, #1439, .F. ) ;
#1509 = LINE ( 'NONE', #303, #2359 ) ;
#1510 = CARTESIAN_POINT ( 'NONE',  ( 0.6000000000000009770, -2.106950374042849905, 0.000000000000000000 ) ) ;
#1511 = CARTESIAN_POINT ( 'NONE',  ( 2.500000000000000000, -1.370318771452939899, 7.981616090287829479 ) ) ;
#1512 = DIRECTION ( 'NONE',  ( -1.000000000000000000, -0.000000000000000000, -0.000000000000000000 ) ) ;
#1513 = DIRECTION ( 'NONE',  ( -0.2956317970504590553, 0.8702733796158237389, -0.3939874176985461718 ) ) ;
#1514 = DIRECTION ( 'NONE',  ( 0.000000000000000000, 1.665334536937729880E-16, 1.000000000000000000 ) ) ;
#1515 = PRODUCT_DEFINITION_CONTEXT ( 'detailed design', #674, 'design' ) ;
#1516 = CARTESIAN_POINT ( 'NONE',  ( -0.6000000000000009770, -2.106950374042849905, 0.000000000000000000 ) ) ;
#1517 = EDGE_LOOP ( 'NONE', ( #511, #1750, #2486, #1681 ) ) ;
#1518 = CIRCLE ( 'NONE', #1078, 0.2000000000000000944 ) ;
#1519 = ADVANCED_FACE ( 'NONE', ( #470 ), #970, .T. ) ;
#1520 = ADVANCED_FACE ( 'NONE', ( #1219 ), #2353, .T. ) ;
#1521 = DIRECTION ( 'NONE',  ( 0.000000000000000000, -1.000000000000000000, 0.000000000000000000 ) ) ;
#1522 = VECTOR ( 'NONE', #2661, 1000.000000000000000 ) ;
#1523 = VERTEX_POINT ( 'NONE', #1266 ) ;
#1524 = VECTOR ( 'NONE', #1060, 1000.000000000000000 ) ;
#1525 = ORIENTED_EDGE ( 'NONE', *, *, #2142, .F. ) ;
#1526 = CARTESIAN_POINT ( 'NONE',  ( -0.5760000000000989884, 2.906950374044466656, -2.151695218389699793 ) ) ;
#1527 = CARTESIAN_POINT ( 'NONE',  ( 2.760299765612881373, -2.288260793921123692, 8.953939044356891586 ) ) ;
#1528 = DIRECTION ( 'NONE',  ( 0.000000000000000000, 0.000000000000000000, -1.000000000000000000 ) ) ;
#1529 = DIRECTION ( 'NONE',  ( -1.000000000000000000, 0.000000000000000000, -0.000000000000000000 ) ) ;
#1530 = CARTESIAN_POINT ( 'NONE',  ( 2.700000000000000178, 2.566966284473390481, 7.181735383786030269 ) ) ;
#1531 = CARTESIAN_POINT ( 'NONE',  ( 2.817157287525385190, 1.193007640432251382, 8.992828679781784018 ) ) ;
#1532 = CYLINDRICAL_SURFACE ( 'NONE', #548, 2.129673665926790527 ) ;
#1533 = VERTEX_POINT ( 'NONE', #529 ) ;
#1534 = EDGE_LOOP ( 'NONE', ( #405, #2655, #123, #1082 ) ) ;
#1535 = FACE_OUTER_BOUND ( 'NONE', #201, .T. ) ;
#1536 = EDGE_CURVE ( 'NONE', #817, #1495, #1722, .T. ) ;
#1537 = ADVANCED_FACE ( 'NONE', ( #2432 ), #319, .T. ) ;
#1538 = ORIENTED_EDGE ( 'NONE', *, *, #2373, .T. ) ;
#1539 = EDGE_CURVE ( 'NONE', #401, #737, #1712, .T. ) ;
#1540 = DIRECTION ( 'NONE',  ( 0.000000000000000000, 0.000000000000000000, -1.000000000000000000 ) ) ;
#1541 = VERTEX_POINT ( 'NONE', #1960 ) ;
#1542 = CARTESIAN_POINT ( 'NONE',  ( 2.708363856529173663, -2.277598816561074990, 8.969358498863419626 ) ) ;
#1543 = CARTESIAN_POINT ( 'NONE',  ( 0.000000000000000000, 2.406950374042860386, 2.983123814582119948 ) ) ;
#1544 = CARTESIAN_POINT ( 'NONE',  ( 2.000000000000000000, 0.4098761577127060240, 8.012535240600110242 ) ) ;
#1545 = CARTESIAN_POINT ( 'NONE',  ( -0.2400000000004869904, -2.506950374045040064, -3.698122778900680530 ) ) ;
#1546 = CYLINDRICAL_SURFACE ( 'NONE', #100, 0.2000000000000005107 ) ;
#1547 = VERTEX_POINT ( 'NONE', #1298 ) ;
#1548 = LINE ( 'NONE', #2000, #2568 ) ;
#1549 = ORIENTED_EDGE ( 'NONE', *, *, #454, .T. ) ;
#1550 = VERTEX_POINT ( 'NONE', #2922 ) ;
#1551 = EDGE_CURVE ( 'NONE', #1541, #2096, #1570, .T. ) ;
#1552 = DIRECTION ( 'NONE',  ( 0.000000000000000000, -3.557327631954769117E-15, -1.000000000000000000 ) ) ;
#1553 = CARTESIAN_POINT ( 'NONE',  ( 2.817157287525380305, -0.8008915762618109557, 6.965942990218279007 ) ) ;
#1554 = CARTESIAN_POINT ( 'NONE',  ( 2.000000000000000000, -2.506950374042860030, 5.132807035752089853 ) ) ;
#1555 = DIRECTION ( 'NONE',  ( 0.000000000000000000, -1.000000000000000000, 0.000000000000000000 ) ) ;
#1556 = CARTESIAN_POINT ( 'NONE',  ( 2.500000000000000000, 2.589746988851569842, 8.781579697442930765 ) ) ;
#1557 = DIRECTION ( 'NONE',  ( 0.000000000000000000, -2.664535259100376486E-15, -1.000000000000000000 ) ) ;
#1558 = EDGE_CURVE ( 'NONE', #2542, #427, #1731, .T. ) ;
#1559 = VERTEX_POINT ( 'NONE', #2964 ) ;
#1560 = VERTEX_POINT ( 'NONE', #1285 ) ;
#1561 = MECHANICAL_DESIGN_GEOMETRIC_PRESENTATION_REPRESENTATION (  '', ( #1169 ), #235 ) ;
#1562 = DIRECTION ( 'NONE',  ( 0.000000000000000000, -1.000000000000000000, -0.000000000000000000 ) ) ;
#1563 = VECTOR ( 'NONE', #2405, 1000.000000000000000 ) ;
#1564 = ORIENTED_EDGE ( 'NONE', *, *, #946, .F. ) ;
#1565 = AXIS2_PLACEMENT_3D ( 'NONE', #853, #1265, #1781 ) ;
#1566 = CIRCLE ( 'NONE', #2711, 0.09999999999999766020 ) ;
#1567 = AXIS2_PLACEMENT_3D ( 'NONE', #861, #1521, #605 ) ;
#1568 = ORIENTED_EDGE ( 'NONE', *, *, #2573, .T. ) ;
#1569 = CARTESIAN_POINT ( 'NONE',  ( 2.500000000000000000, 1.778850146803090171, 8.981579697442928278 ) ) ;
#1570 = CIRCLE ( 'NONE', #246, 2.129673665926789639 ) ;
#1571 = CARTESIAN_POINT ( 'NONE',  ( 2.700000000000000178, -1.397198606191387693, 6.981977418324587958 ) ) ;
#1572 = EDGE_CURVE ( 'NONE', #2035, #311, #793, .T. ) ;
#1573 = EDGE_CURVE ( 'NONE', #859, #440, #2366, .T. ) ;
#1574 = CARTESIAN_POINT ( 'NONE',  ( -2.000000000000000000, 2.906950374042850616, 2.983123814582119948 ) ) ;
#1575 = CARTESIAN_POINT ( 'NONE',  ( 0.6000000000000009770, -2.506950374042850260, -2.000000000000000000 ) ) ;
#1576 = CARTESIAN_POINT ( 'NONE',  ( 2.700000000000000178, -0.5703248230616391190, 7.978504412718244510 ) ) ;
#1577 = DIRECTION ( 'NONE',  ( 1.000000000000000000, 0.000000000000000000, 0.000000000000000000 ) ) ;
#1578 = VERTEX_POINT ( 'NONE', #2447 ) ;
#1579 = CARTESIAN_POINT ( 'NONE',  ( 2.899999999999999911, 0.9703248229937129210, 7.978504430182574048 ) ) ;
#1580 = ORIENTED_EDGE ( 'NONE', *, *, #2352, .F. ) ;
#1581 = CARTESIAN_POINT ( 'NONE',  ( 2.700000000000000178, 2.726951750185580448, 8.981579697442930055 ) ) ;
#1582 = VERTEX_POINT ( 'NONE', #2668 ) ;
#1583 = CARTESIAN_POINT ( 'NONE',  ( 2.900000000000000355, 1.791822430893267537, 7.181905147114822974 ) ) ;
#1584 = CARTESIAN_POINT ( 'NONE',  ( 2.899999999999999467, -0.8480644696682582140, 7.050084104815543817 ) ) ;
#1585 = DIRECTION ( 'NONE',  ( -1.000000000000000000, 0.000000000000000000, -0.000000000000000000 ) ) ;
#1586 = LINE ( 'NONE', #2277, #839 ) ;
#1587 = EDGE_CURVE ( 'NONE', #2651, #2542, #1473, .T. ) ;
#1588 = FACE_OUTER_BOUND ( 'NONE', #2569, .T. ) ;
#1589 = CARTESIAN_POINT ( 'NONE',  ( 2.500000000000000000, -1.378850146803329624, 8.981579697442926502 ) ) ;
#1590 = PLANE ( 'NONE',  #2963 ) ;
#1591 = ORIENTED_EDGE ( 'NONE', *, *, #811, .T. ) ;
#1592 = CARTESIAN_POINT ( 'NONE',  ( -2.970713952610280670E-16, -2.106950374044794572, -4.043989427158519945 ) ) ;
#1593 = EDGE_CURVE ( 'NONE', #1492, #2330, #589, .T. ) ;
#1594 = ORIENTED_EDGE ( 'NONE', *, *, #2237, .T. ) ;
#1595 = DIRECTION ( 'NONE',  ( 0.000000000000000000, 8.673617379884035472E-16, -1.000000000000000000 ) ) ;
#1596 = VERTEX_POINT ( 'NONE', #130 ) ;
#1597 = CARTESIAN_POINT ( 'NONE',  ( 2.700000000000000178, 1.797198345753352910, 6.981977411321559579 ) ) ;
#1598 = CARTESIAN_POINT ( 'NONE',  ( 2.817157287525380305, -0.3726465683408467511, 7.381208435468547435 ) ) ;
#1599 =( NAMED_UNIT ( * ) PLANE_ANGLE_UNIT ( ) SI_UNIT ( $, .RADIAN. ) );
#1600 = CARTESIAN_POINT ( 'NONE',  ( -0.4560000000004559850, -2.506950374045109342, -2.837311437048029905 ) ) ;
#1601 = DIRECTION ( 'NONE',  ( 0.5223237148526603812, 0.4925690253477680858, 0.6960989097610097431 ) ) ;
#1602 = CARTESIAN_POINT ( 'NONE',  ( 2.900000000000000355, -2.166966284473391013, 7.181735383786032934 ) ) ;
#1603 = CARTESIAN_POINT ( 'NONE',  ( 0.3600000000005659784, 2.506950374044357055, -3.283808552441100481 ) ) ;
#1604 = ORIENTED_EDGE ( 'NONE', *, *, #1211, .F. ) ;
#1605 = ORIENTED_EDGE ( 'NONE', *, *, #2086, .F. ) ;
#1606 = CARTESIAN_POINT ( 'NONE',  ( 0.6000000000000009770, -2.106950374042849905, -2.000000000000000000 ) ) ;
#1607 = ADVANCED_FACE ( 'NONE', ( #2685 ), #2935, .T. ) ;
#1608 = EDGE_CURVE ( 'NONE', #3051, #1794, #2006, .T. ) ;
#1609 = ORIENTED_EDGE ( 'NONE', *, *, #258, .F. ) ;
#1610 = CYLINDRICAL_SURFACE ( 'NONE', #1919, 0.4999999999999930611 ) ;
#1611 = CARTESIAN_POINT ( 'NONE',  ( 2.802448296680486450, 2.909066849754119666, 8.677758204742220371 ) ) ;
#1612 = CARTESIAN_POINT ( 'NONE',  ( 2.000000000000000000, 2.506950374042850260, -2.021994713579259972 ) ) ;
#1613 = ORIENTED_EDGE ( 'NONE', *, *, #126, .F. ) ;
#1614 = AXIS2_PLACEMENT_3D ( 'NONE', #1103, #1799, #2743 ) ;
#1615 = AXIS2_PLACEMENT_3D ( 'NONE', #1435, #1627, #1403 ) ;
#1616 = CARTESIAN_POINT ( 'NONE',  ( 0.6000000000000009770, -2.106950374042849905, 0.000000000000000000 ) ) ;
#1617 = CIRCLE ( 'NONE', #2361, 2.529673665926789994 ) ;
#1618 = AXIS2_PLACEMENT_3D ( 'NONE', #2291, #887, #2041 ) ;
#1619 = DIRECTION ( 'NONE',  ( 0.000000000000000000, 0.000000000000000000, -1.000000000000000000 ) ) ;
#1620 = VECTOR ( 'NONE', #1423, 1000.000000000000000 ) ;
#1621 = AXIS2_PLACEMENT_3D ( 'NONE', #2209, #842, #98 ) ;
#1622 = CARTESIAN_POINT ( 'NONE',  ( 2.000000000000000000, 2.589746988851569842, 8.981579697442930055 ) ) ;
#1623 = DIRECTION ( 'NONE',  ( 0.000000000000000000, -0.9331788447751412363, -0.3594123588082816512 ) ) ;
#1624 = VECTOR ( 'NONE', #1289, 1000.000000000000000 ) ;
#1625 = ORIENTED_EDGE ( 'NONE', *, *, #1311, .T. ) ;
#1626 = VERTEX_POINT ( 'NONE', #825 ) ;
#1627 = DIRECTION ( 'NONE',  ( -1.000000000000000000, -0.000000000000000000, -0.000000000000000000 ) ) ;
#1628 = DIRECTION ( 'NONE',  ( -0.000000000000000000, 1.000000000000000000, 0.000000000000000000 ) ) ;
#1629 = EDGE_LOOP ( 'NONE', ( #1748, #2389, #1962, #300 ) ) ;
#1630 = CARTESIAN_POINT ( 'NONE',  ( -0.4560000000004559850, 2.906950374045086161, -2.837311437048029905 ) ) ;
#1631 = EDGE_LOOP ( 'NONE', ( #2691, #1295, #2484, #2900, #105 ) ) ;
#1632 = ADVANCED_FACE ( 'NONE', ( #1772 ), #1499, .T. ) ;
#1633 = CARTESIAN_POINT ( 'NONE',  ( 2.000000000000000000, -2.101411997443690005, 3.015941518713860514 ) ) ;
#1634 =( NAMED_UNIT ( * ) SI_UNIT ( $, .STERADIAN. ) SOLID_ANGLE_UNIT ( ) );
#1635 = CARTESIAN_POINT ( 'NONE',  ( 2.804396841703796106, -1.386073260885497760, 7.003297293023643455 ) ) ;
#1636 = CARTESIAN_POINT ( 'NONE',  ( 2.000000000000000000, 0.4000000000000000222, 8.000000000000000000 ) ) ;
#1637 = EDGE_LOOP ( 'NONE', ( #2282, #217, #360, #1325 ) ) ;
#1638 = CARTESIAN_POINT ( 'NONE',  ( 2.900000000000002576, 2.886351857071385751, 7.685019613491530954 ) ) ;
#1639 = LINE ( 'NONE', #719, #594 ) ;
#1640 = ORIENTED_EDGE ( 'NONE', *, *, #610, .T. ) ;
#1641 = CARTESIAN_POINT ( 'NONE',  ( 2.899999999999999911, -0.5703248230286149800, 7.978504412718072203 ) ) ;
#1642 = ORIENTED_EDGE ( 'NONE', *, *, #2408, .T. ) ;
#1643 = FACE_OUTER_BOUND ( 'NONE', #1779, .T. ) ;
#1644 = ADVANCED_FACE ( 'NONE', ( #2946 ), #1754, .T. ) ;
#1645 = LINE ( 'NONE', #1170, #189 ) ;
#1646 = DIRECTION ( 'NONE',  ( -1.000000000000000000, -0.000000000000000000, -0.000000000000000000 ) ) ;
#1647 = CARTESIAN_POINT ( 'NONE',  ( 2.899999999999999911, 2.566966284473390036, 7.181735383786031157 ) ) ;
#1648 = ORIENTED_EDGE ( 'NONE', *, *, #2814, .T. ) ;
#1649 = CARTESIAN_POINT ( 'NONE',  ( -2.000000000000000000, -2.106950374042849905, 0.000000000000000000 ) ) ;
#1650 = CARTESIAN_POINT ( 'NONE',  ( 2.200000000000000178, -2.293049625957139792, 0.5000000000000009992 ) ) ;
#1651 = EDGE_LOOP ( 'NONE', ( #1074, #1347, #2203, #76 ) ) ;
#1652 = CARTESIAN_POINT ( 'NONE',  ( 2.803711553880455121, -2.263747712513388688, 7.040748615689729206 ) ) ;
#1653 = CIRCLE ( 'NONE', #2856, 0.1999999999999996503 ) ;
#1654 = ORIENTED_EDGE ( 'NONE', *, *, #451, .F. ) ;
#1655 = CARTESIAN_POINT ( 'NONE',  ( 2.899999999999998579, -1.387838710331582792, 8.898606025784729923 ) ) ;
#1656 = CARTESIAN_POINT ( 'NONE',  ( 2.899999999999999911, 1.845872768983590095, 8.781579697442930765 ) ) ;
#1657 = AXIS2_PLACEMENT_3D ( 'NONE', #47, #1739, #2694 ) ;
#1658 = CARTESIAN_POINT ( 'NONE',  ( 2.700000000000000178, 2.566966284473390481, 7.181735383786030269 ) ) ;
#1659 = VECTOR ( 'NONE', #3041, 1000.000000000000000 ) ;
#1660 = CARTESIAN_POINT ( 'NONE',  ( -0.2400000000004869904, -2.506950374043590557, -3.698122778900680530 ) ) ;
#1661 = AXIS2_PLACEMENT_3D ( 'NONE', #1530, #351, #1733 ) ;
#1662 = EDGE_CURVE ( 'NONE', #197, #1559, #1377, .T. ) ;
#1663 = EDGE_CURVE ( 'NONE', #2385, #1161, #1035, .T. ) ;
#1664 = DIRECTION ( 'NONE',  ( -0.000000000000000000, -1.802288556821790108E-16, -1.000000000000000000 ) ) ;
#1665 = VECTOR ( 'NONE', #2790, 1000.000000000000000 ) ;
#1666 = VERTEX_POINT ( 'NONE', #208 ) ;
#1667 = LINE ( 'NONE', #1422, #2916 ) ;
#1668 = DIRECTION ( 'NONE',  ( 0.000000000000000000, 1.000000000000000000, -1.802288556821790108E-16 ) ) ;
#1669 = CARTESIAN_POINT ( 'NONE',  ( 0.6000000000000009770, 2.506950374042853369, -9.251858538542966651E-17 ) ) ;
#1670 = EDGE_CURVE ( 'NONE', #2043, #1405, #668, .T. ) ;
#1671 = VECTOR ( 'NONE', #1302, 1000.000000000000000 ) ;
#1672 = ORIENTED_EDGE ( 'NONE', *, *, #989, .F. ) ;
#1673 = CARTESIAN_POINT ( 'NONE',  ( 2.816315036099223512, -2.358812006295952557, 7.115277487973165726 ) ) ;
#1674 = ORIENTED_EDGE ( 'NONE', *, *, #1953, .F. ) ;
#1675 = DIRECTION ( 'NONE',  ( 0.000000000000000000, 0.000000000000000000, 1.000000000000000000 ) ) ;
#1676 = DIRECTION ( 'NONE',  ( 0.000000000000000000, 1.000000000000000000, 0.000000000000000000 ) ) ;
#1677 = B_SPLINE_CURVE_WITH_KNOTS ( 'NONE', 3,
 ( #901, #671, #2554, #1635, #1416, #437 ),
 .UNSPECIFIED., .F., .F.,
 ( 4, 2, 4 ),
 ( 0.000000000000000000, 0.5000000000000000000, 1.000000000000000000 ),
 .UNSPECIFIED. ) ;
#1678 = ORIENTED_EDGE ( 'NONE', *, *, #2899, .F. ) ;
#1679 = CARTESIAN_POINT ( 'NONE',  ( 2.803711553880456453, 2.663747712513388599, 7.040748615689729206 ) ) ;
#1680 = CARTESIAN_POINT ( 'NONE',  ( 2.899999999999896438, -1.377996969973340091, 8.781579242731419654 ) ) ;
#1681 = ORIENTED_EDGE ( 'NONE', *, *, #754, .T. ) ;
#1682 = EDGE_CURVE ( 'NONE', #343, #2347, #97, .T. ) ;
#1683 = CARTESIAN_POINT ( 'NONE',  ( -2.000000000000000000, -2.154865279386000143, 10.06731551639139965 ) ) ;
#1684 = LINE ( 'NONE', #2123, #2567 ) ;
#1685 = FACE_OUTER_BOUND ( 'NONE', #2211, .T. ) ;
#1686 =( BOUNDED_SURFACE ( )  B_SPLINE_SURFACE ( 3, 3, ( 
 ( #1256, #2905, #1023, #1287 ),
 ( #531, #1756, #2465, #81 ),
 ( #1963, #1056, #1486, #2671 ),
 ( #1714, #2699, #1933, #2950 ) ),
 .UNSPECIFIED., .F., .F., .T. ) 
 B_SPLINE_SURFACE_WITH_KNOTS ( ( 4, 4 ),
 ( 4, 4 ),
 ( 0.000000000000000000, 1.000000000000000000 ),
 ( 0.000000000000000000, 1.000000000000000000 ),
 .UNSPECIFIED. ) 
 GEOMETRIC_REPRESENTATION_ITEM ( )  RATIONAL_B_SPLINE_SURFACE ( (
 ( 1.000000000000000000, 0.3333333333333314275, 0.3333333333333314275, 1.000000000000000000),
 ( 0.9139630438468128171, 0.3046543479489358663, 0.3046543479489358663, 0.9139630438468128171),
 ( 0.9139630438468128171, 0.3046543479489358663, 0.3046543479489358663, 0.9139630438468128171),
 ( 1.000000000000000000, 0.3333333333333314275, 0.3333333333333314275, 1.000000000000000000) ) ) 
 REPRESENTATION_ITEM ( '' )  SURFACE ( )  );
#1687 = ORIENTED_EDGE ( 'NONE', *, *, #506, .T. ) ;
#1688 = ADVANCED_FACE ( 'NONE', ( #1342 ), #2052, .F. ) ;
#1689 = DIRECTION ( 'NONE',  ( 1.000000000000000000, 0.000000000000000000, 0.000000000000000000 ) ) ;
#1690 = VERTEX_POINT ( 'NONE', #3009 ) ;
#1691 = CARTESIAN_POINT ( 'NONE',  ( 2.700000000000000178, -0.3680061040626796398, 8.574244428828666997 ) ) ;
#1692 = CARTESIAN_POINT ( 'NONE',  ( 2.900000000000001243, -2.486351857071386728, 7.685019613491538948 ) ) ;
#1693 = ADVANCED_FACE ( 'NONE', ( #434 ), #2982, .T. ) ;
#1694 = ORIENTED_EDGE ( 'NONE', *, *, #1573, .F. ) ;
#1695 = B_SPLINE_SURFACE_WITH_KNOTS ( 'NONE', 5, 1, ( 
 ( #2403, #782 ),
 ( #1207, #994 ),
 ( #2453, #333 ),
 ( #1701, #2689 ),
 ( #310, #1044 ),
 ( #2673, #1718 ),
 ( #1982, #2654 ),
 ( #103, #554 ),
 ( #1470, #2436 ),
 ( #33, #1270 ),
 ( #83, #504 ),
 ( #322, #1025 ),
 ( #1437, #1503 ),
 ( #1967, #2927 ),
 ( #2215, #2388 ) ),
 .UNSPECIFIED., .F., .F., .F.,
 ( 6, 1, 1, 1, 1, 1, 1, 1, 1, 1, 6 ),
 ( 2, 2 ),
 ( 0.000000000000000000, 0.1000000000000000056, 0.2000000000000000111, 0.2999999999999999889, 0.4000000000000000222, 0.5000000000000000000, 0.5999999999999999778, 0.6999999999999999556, 0.8000000000000000444, 0.9000000000000000222, 1.000000000000000000 ),
 ( 0.000000000000000000, 0.04000000000000000083 ),
 .UNSPECIFIED. ) ;
#1696 = PLANE ( 'NONE',  #1321 ) ;
#1697 = CARTESIAN_POINT ( 'NONE',  ( -0.5280000000002720295, -2.106950374043349949, -2.441838184034749837 ) ) ;
#1698 = LINE ( 'NONE', #2119, #1180 ) ;
#1699 = DIRECTION ( 'NONE',  ( 1.000000000000000000, 0.000000000000000000, 0.000000000000000000 ) ) ;
#1700 = DIRECTION ( 'NONE',  ( 1.000000000000000000, 0.000000000000000000, 0.000000000000000000 ) ) ;
#1701 = CARTESIAN_POINT ( 'NONE',  ( 0.4560000000004669762, 2.506950374042550500, -2.837311437044750306 ) ) ;
#1702 = VERTEX_POINT ( 'NONE', #174 ) ;
#1703 = DIRECTION ( 'NONE',  ( 0.000000000000000000, -0.000000000000000000, 1.000000000000000000 ) ) ;
#1704 = EDGE_CURVE ( 'NONE', #1405, #2347, #1310, .T. ) ;
#1705 = EDGE_CURVE ( 'NONE', #1582, #1368, #2491, .T. ) ;
#1706 = VERTEX_POINT ( 'NONE', #624 ) ;
#1707 = CARTESIAN_POINT ( 'NONE',  ( 0.000000000000000000, 2.506950374042850260, -2.021994713579259972 ) ) ;
#1708 = CARTESIAN_POINT ( 'NONE',  ( 2.500000000000000000, 1.785764572353567559, 6.981735383786030091 ) ) ;
#1709 = EDGE_LOOP ( 'NONE', ( #1248, #2471, #702, #1454 ) ) ;
#1710 = FACE_OUTER_BOUND ( 'NONE', #3071, .T. ) ;
#1711 = DIRECTION ( 'NONE',  ( 1.000000000000000000, 0.000000000000000000, 0.000000000000000000 ) ) ;
#1712 = LINE ( 'NONE', #1005, #1280 ) ;
#1713 = CARTESIAN_POINT ( 'NONE',  ( 2.700000000000000178, -2.166966284473390569, 7.181735383786030269 ) ) ;
#1714 = CARTESIAN_POINT ( 'NONE',  ( 2.890943066344911827, -2.240687381318432703, 8.750825480982014071 ) ) ;
#1715 = AXIS2_PLACEMENT_3D ( 'NONE', #987, #305, #1483 ) ;
#1716 = FACE_OUTER_BOUND ( 'NONE', #334, .T. ) ;
#1717 = CIRCLE ( 'NONE', #2265, 1.000000000000000000 ) ;
#1718 = CARTESIAN_POINT ( 'NONE',  ( 0.2400000000004919865, 2.906950374042410523, -3.698122778897189988 ) ) ;
#1719 = VECTOR ( 'NONE', #578, 1000.000000000000000 ) ;
#1720 = CIRCLE ( 'NONE', #2921, 0.1999999999999996503 ) ;
#1721 = VERTEX_POINT ( 'NONE', #1100 ) ;
#1722 = CIRCLE ( 'NONE', #399, 2.111517552952840049 ) ;
#1723 = AXIS2_PLACEMENT_3D ( 'NONE', #2338, #704, #2074 ) ;
#1724 = ORIENTED_EDGE ( 'NONE', *, *, #2682, .T. ) ;
#1725 = PLANE ( 'NONE',  #836 ) ;
#1726 = DIRECTION ( 'NONE',  ( 0.000000000000000000, 1.000000000000000000, 0.000000000000000000 ) ) ;
#1727 = EDGE_LOOP ( 'NONE', ( #2354, #3018, #426, #2768 ) ) ;
#1728 = CARTESIAN_POINT ( 'NONE',  ( 2.803711553880456453, 2.663747712513390375, 7.040748615689730983 ) ) ;
#1729 = EDGE_CURVE ( 'NONE', #666, #243, #2866, .T. ) ;
#1730 = CARTESIAN_POINT ( 'NONE',  ( 0.1200000000002799938, -2.106950374042539931, -3.955777927878620037 ) ) ;
#1731 = LINE ( 'NONE', #348, #2117 ) ;
#1732 = DIRECTION ( 'NONE',  ( 1.000000000000000000, 0.000000000000000000, 0.000000000000000000 ) ) ;
#1733 = DIRECTION ( 'NONE',  ( 0.5185577694022739381, 0.4839071401999909816, -0.7049338404815052028 ) ) ;
#1734 = DIRECTION ( 'NONE',  ( -0.000000000000000000, -1.000000000000000000, -0.000000000000000000 ) ) ;
#1735 = CARTESIAN_POINT ( 'NONE',  ( 2.971004960375774218, 2.410841784425722611, 7.040604904998432723 ) ) ;
#1736 = ORIENTED_EDGE ( 'NONE', *, *, #2455, .F. ) ;
#1737 = ORIENTED_EDGE ( 'NONE', *, *, #467, .F. ) ;
#1738 = EDGE_LOOP ( 'NONE', ( #2706, #1505, #482, #934 ) ) ;
#1739 = DIRECTION ( 'NONE',  ( -1.000000000000000000, 0.000000000000000000, 0.000000000000000000 ) ) ;
#1740 = PLANE ( 'NONE',  #40 ) ;
#1741 = DIRECTION ( 'NONE',  ( 0.000000000000000000, -0.2037249267427869159, -0.9790281682483124026 ) ) ;
#1742 = ADVANCED_FACE ( 'NONE', ( #1796 ), #2344, .T. ) ;
#1743 = ADVANCED_FACE ( 'NONE', ( #2773 ), #421, .T. ) ;
#1744 = ORIENTED_EDGE ( 'NONE', *, *, #1144, .F. ) ;
#1745 = CARTESIAN_POINT ( 'NONE',  ( 2.700000000000000622, 2.589746988851568510, 8.781579697442930765 ) ) ;
#1746 = CARTESIAN_POINT ( 'NONE',  ( 2.699999999999999734, 1.193007640432251382, 8.992828679781782242 ) ) ;
#1747 = CARTESIAN_POINT ( 'NONE',  ( 0.000000000000000000, -1.461839066429380107, 9.652957669751179637 ) ) ;
#1748 = ORIENTED_EDGE ( 'NONE', *, *, #2972, .F. ) ;
#1749 = FACE_OUTER_BOUND ( 'NONE', #1392, .T. ) ;
#1750 = ORIENTED_EDGE ( 'NONE', *, *, #1052, .T. ) ;
#1751 = ORIENTED_EDGE ( 'NONE', *, *, #170, .T. ) ;
#1752 = CARTESIAN_POINT ( 'NONE',  ( -0.1200000000002799938, 2.906950374044646956, -3.955777927880609557 ) ) ;
#1753 = FACE_OUTER_BOUND ( 'NONE', #474, .T. ) ;
#1754 = PLANE ( 'NONE',  #2369 ) ;
#1755 = VERTEX_POINT ( 'NONE', #2551 ) ;
#1756 = CARTESIAN_POINT ( 'NONE',  ( 2.904187702616581657, -2.163489578860554818, 8.934261314953291233 ) ) ;
#1757 = CARTESIAN_POINT ( 'NONE',  ( 2.700000000000000178, 0.7703263358789010917, 7.977726515156256859 ) ) ;
#1758 = ADVANCED_FACE ( 'NONE', ( #1372 ), #1143, .T. ) ;
#1759 = FACE_OUTER_BOUND ( 'NONE', #2196, .T. ) ;
#1760 = ORIENTED_EDGE ( 'NONE', *, *, #1212, .F. ) ;
#1761 = ORIENTED_EDGE ( 'NONE', *, *, #2474, .F. ) ;
#1762 = AXIS2_PLACEMENT_3D ( 'NONE', #2377, #1209, #1195 ) ;
#1763 = EDGE_CURVE ( 'NONE', #1037, #1666, #177, .T. ) ;
#1764 = CIRCLE ( 'NONE', #147, 2.511550608801529361 ) ;
#1765 = VECTOR ( 'NONE', #2713, 1000.000000000000000 ) ;
#1766 = ORIENTED_EDGE ( 'NONE', *, *, #2849, .T. ) ;
#1767 = VECTOR ( 'NONE', #148, 1000.000000000000000 ) ;
#1768 = VECTOR ( 'NONE', #2735, 1000.000000000000000 ) ;
#1769 = CIRCLE ( 'NONE', #2979, 0.2000000000000000111 ) ;
#1770 = ORIENTED_EDGE ( 'NONE', *, *, #2322, .F. ) ;
#1771 = CARTESIAN_POINT ( 'NONE',  ( 2.700000000000000178, -2.166966284473390569, 6.981735383786030091 ) ) ;
#1772 = FACE_OUTER_BOUND ( 'NONE', #2217, .T. ) ;
#1773 = CARTESIAN_POINT ( 'NONE',  ( -0.6000000000000010880, 2.906950374042850171, 1.000000000000000000 ) ) ;
#1774 = CARTESIAN_POINT ( 'NONE',  ( -2.000000000000000000, 2.506950374042853369, 0.000000000000000000 ) ) ;
#1775 = CARTESIAN_POINT ( 'NONE',  ( 2.000000000000000000, 2.566966284473390481, 6.981735383786030091 ) ) ;
#1776 = ORIENTED_EDGE ( 'NONE', *, *, #1438, .T. ) ;
#1777 = DIRECTION ( 'NONE',  ( 1.000000000000000000, 0.000000000000000000, 0.000000000000000000 ) ) ;
#1778 = EDGE_CURVE ( 'NONE', #71, #2248, #2218, .T. ) ;
#1779 = EDGE_LOOP ( 'NONE', ( #254, #1282, #2192, #2234 ) ) ;
#1780 = VERTEX_POINT ( 'NONE', #2794 ) ;
#1781 = DIRECTION ( 'NONE',  ( 0.000000000000000000, 8.673617379884013384E-15, -1.000000000000000000 ) ) ;
#1782 = DIRECTION ( 'NONE',  ( -0.000000000000000000, -1.665334536937729880E-16, -1.000000000000000000 ) ) ;
#1783 = DIRECTION ( 'NONE',  ( -0.000000000000000000, 1.000000000000000000, 0.000000000000000000 ) ) ;
#1784 = CARTESIAN_POINT ( 'NONE',  ( -2.000000000000000000, -1.918662170010698498, 9.648631048310484459 ) ) ;
#1785 = DIRECTION ( 'NONE',  ( 0.000000000000000000, 0.9999924354891257527, -0.003889596961979822562 ) ) ;
#1786 = DIRECTION ( 'NONE',  ( -1.000000000000000000, -0.000000000000000000, -0.000000000000000000 ) ) ;
#1787 = CARTESIAN_POINT ( 'NONE',  ( 2.200000000000000178, -2.493049625957139970, 8.673617379884035472E-16 ) ) ;
#1788 = ORIENTED_EDGE ( 'NONE', *, *, #501, .F. ) ;
#1789 = EDGE_LOOP ( 'NONE', ( #1837, #307, #2141, #2532 ) ) ;
#1790 = DIRECTION ( 'NONE',  ( 0.000000000000000000, -1.000000000000000000, -0.000000000000000000 ) ) ;
#1791 = LINE ( 'NONE', #2485, #646 ) ;
#1792 = EDGE_CURVE ( 'NONE', #737, #1122, #2802, .T. ) ;
#1793 = ADVANCED_FACE ( 'NONE', ( #913 ), #1590, .T. ) ;
#1794 = VERTEX_POINT ( 'NONE', #425 ) ;
#1795 = CARTESIAN_POINT ( 'NONE',  ( 2.900000000000000355, 1.304362599375719300, 8.786125296204897239 ) ) ;
#1796 = FACE_OUTER_BOUND ( 'NONE', #1118, .T. ) ;
#1797 = DIRECTION ( 'NONE',  ( -1.000000000000000000, 0.000000000000000000, 0.000000000000000000 ) ) ;
#1798 = CARTESIAN_POINT ( 'NONE',  ( -2.970713952610280670E-16, -2.506950374044279339, -4.043989427158519945 ) ) ;
#1799 = DIRECTION ( 'NONE',  ( -1.000000000000000000, -0.000000000000000000, -0.000000000000000000 ) ) ;
#1800 = CARTESIAN_POINT ( 'NONE',  ( -0.6000000000000009770, 2.506950374042850260, -2.000000000000000000 ) ) ;
#1801 = CARTESIAN_POINT ( 'NONE',  ( 2.000000000000000000, 2.386632298580400047, 6.981735383786030091 ) ) ;
#1802 = ORIENTED_EDGE ( 'NONE', *, *, #1401, .F. ) ;
#1803 = CARTESIAN_POINT ( 'NONE',  ( -0.6000000000000009770, -2.106950374042849905, -2.000000000000000000 ) ) ;
#1804 = VECTOR ( 'NONE', #1396, 1000.000000000000000 ) ;
#1805 = VERTEX_POINT ( 'NONE', #690 ) ;
#1806 = LINE ( 'NONE', #449, #90 ) ;
#1807 = VECTOR ( 'NONE', #218, 1000.000000000000000 ) ;
#1808 = VECTOR ( 'NONE', #2409, 1000.000000000000000 ) ;
#1809 = VECTOR ( 'NONE', #1088, 1000.000000000000000 ) ;
#1810 = AXIS2_PLACEMENT_3D ( 'NONE', #705, #2166, #1869 ) ;
#1811 = ORIENTED_EDGE ( 'NONE', *, *, #849, .T. ) ;
#1812 = EDGE_CURVE ( 'NONE', #2736, #1355, #2539, .T. ) ;
#1813 = DIRECTION ( 'NONE',  ( -0.000000000000000000, 1.000000000000000000, 0.000000000000000000 ) ) ;
#1814 = VECTOR ( 'NONE', #367, 1000.000000000000000 ) ;
#1815 = CARTESIAN_POINT ( 'NONE',  ( 2.817157287525380305, -0.3703263359638147012, 7.977726493325848267 ) ) ;
#1816 = EDGE_CURVE ( 'NONE', #2012, #1547, #3073, .T. ) ;
#1817 = LINE ( 'NONE', #612, #1410 ) ;
#1818 = CARTESIAN_POINT ( 'NONE',  ( 0.000000000000000000, -2.106950374042849905, 2.983123814582119948 ) ) ;
#1819 = CARTESIAN_POINT ( 'NONE',  ( 0.000000000000000000, 2.889768704622320161, 3.113071725902230025 ) ) ;
#1820 = DIRECTION ( 'NONE',  ( 1.000000000000000000, 0.000000000000000000, 0.000000000000000000 ) ) ;
#1821 = DIRECTION ( 'NONE',  ( -0.000000000000000000, -1.000000000000000000, -0.000000000000000000 ) ) ;
#1822 = EDGE_LOOP ( 'NONE', ( #556, #2976, #1109, #273, #941 ) ) ;
#1823 = DIRECTION ( 'NONE',  ( 0.000000000000000000, 1.000000000000000000, 0.000000000000000000 ) ) ;
#1824 = ORIENTED_EDGE ( 'NONE', *, *, #452, .F. ) ;
#1825 = CARTESIAN_POINT ( 'NONE',  ( -0.2400000000004869904, 2.906950374045016883, -3.698122778900680530 ) ) ;
#1826 = ORIENTED_EDGE ( 'NONE', *, *, #1908, .F. ) ;
#1827 = CARTESIAN_POINT ( 'NONE',  ( 2.817157287525385190, 0.7703263358789009807, 7.977726515156258635 ) ) ;
#1828 = CARTESIAN_POINT ( 'NONE',  ( 2.899999999999999911, -0.5721810089632632934, 7.501289966432402423 ) ) ;
#1829 = DIRECTION ( 'NONE',  ( 0.000000000000000000, 0.000000000000000000, 1.000000000000000000 ) ) ;
#1830 = LINE ( 'NONE', #2536, #44 ) ;
#1831 = DIRECTION ( 'NONE',  ( 0.000000000000000000, 0.000000000000000000, -1.000000000000000000 ) ) ;
#1832 = CARTESIAN_POINT ( 'NONE',  ( 2.000000000000000000, 0.000000000000000000, 8.000000000000000000 ) ) ;
#1833 = EDGE_CURVE ( 'NONE', #832, #2651, #2172, .T. ) ;
#1834 = EDGE_CURVE ( 'NONE', #2527, #905, #2056, .T. ) ;
#1835 = CARTESIAN_POINT ( 'NONE',  ( 0.5760000000001029852, 2.506950374044727425, -2.151695218388979924 ) ) ;
#1836 = B_SPLINE_CURVE_WITH_KNOTS ( 'NONE', 5,
 ( #1606, #2797, #2559, #444, #1150, #2310, #3037, #1592, #2266, #402, #1351, #2078, #156, #2032, #1803 ),
 .UNSPECIFIED., .F., .F.,
 ( 6, 1, 1, 1, 1, 1, 1, 1, 1, 1, 6 ),
 ( 0.000000000000000000, 0.0004279161281921855728, 0.0008558322563843711456, 0.001283748384576556718, 0.001711664512768742291, 0.002139580640960927864, 0.002567496769153113437, 0.002995412897345299010, 0.003423329025537484582, 0.003851245153729670155, 0.004279161281921855728 ),
 .UNSPECIFIED. ) ;
#1837 = ORIENTED_EDGE ( 'NONE', *, *, #88, .F. ) ;
#1838 = ORIENTED_EDGE ( 'NONE', *, *, #1670, .T. ) ;
#1839 = CARTESIAN_POINT ( 'NONE',  ( 2.700000000000000178, -1.378850146803329846, 8.981579697442930055 ) ) ;
#1840 = ORIENTED_EDGE ( 'NONE', *, *, #429, .T. ) ;
#1841 = DIRECTION ( 'NONE',  ( 0.000000000000000000, 0.9430340061942495966, 0.3326963527921880659 ) ) ;
#1842 = ORIENTED_EDGE ( 'NONE', *, *, #2408, .F. ) ;
#1843 = LINE ( 'NONE', #2772, #2915 ) ;
#1844 = CARTESIAN_POINT ( 'NONE',  ( 2.700000000000000178, -1.370318771452939677, 8.981616090287831256 ) ) ;
#1845 = CARTESIAN_POINT ( 'NONE',  ( 0.000000000000000000, 0.000000000000000000, 0.000000000000000000 ) ) ;
#1846 = DIRECTION ( 'NONE',  ( 0.000000000000000000, 0.9790281682483125136, 0.2037249267427869437 ) ) ;
#1847 = CARTESIAN_POINT ( 'NONE',  ( -0.5280000000002720295, 2.506950374045277208, -2.441838184034749837 ) ) ;
#1848 = ORIENTED_EDGE ( 'NONE', *, *, #932, .F. ) ;
#1849 = ORIENTED_EDGE ( 'NONE', *, *, #1443, .T. ) ;
#1850 = EDGE_CURVE ( 'NONE', #2044, #914, #2280, .T. ) ;
#1851 = DIRECTION ( 'NONE',  ( 0.000000000000000000, 0.000000000000000000, 1.000000000000000000 ) ) ;
#1852 = DIRECTION ( 'NONE',  ( -1.000000000000000000, 0.000000000000000000, -0.000000000000000000 ) ) ;
#1853 = AXIS2_PLACEMENT_3D ( 'NONE', #576, #1732, #826 ) ;
#1854 = ORIENTED_EDGE ( 'NONE', *, *, #84, .T. ) ;
#1855 = VECTOR ( 'NONE', #1343, 1000.000000000000000 ) ;
#1856 = EDGE_CURVE ( 'NONE', #2720, #1626, #1379, .T. ) ;
#1857 = CARTESIAN_POINT ( 'NONE',  ( 0.6000000000000009770, 2.906950374042850171, -2.000000000000000000 ) ) ;
#1858 = VECTOR ( 'NONE', #2825, 1000.000000000000000 ) ;
#1859 = ORIENTED_EDGE ( 'NONE', *, *, #1481, .T. ) ;
#1860 = CIRCLE ( 'NONE', #2263, 1.000000000000000000 ) ;
#1861 = AXIS2_PLACEMENT_3D ( 'NONE', #707, #2122, #2401 ) ;
#1862 = CARTESIAN_POINT ( 'NONE',  ( 2.700000000000001066, -2.166966284473391902, 7.181735383786030269 ) ) ;
#1863 = VECTOR ( 'NONE', #1250, 1000.000000000000000 ) ;
#1864 = CIRCLE ( 'NONE', #396, 0.09999999999999245603 ) ;
#1865 = DIRECTION ( 'NONE',  ( -0.000000000000000000, -1.000000000000000000, -0.000000000000000000 ) ) ;
#1866 = AXIS2_PLACEMENT_3D ( 'NONE', #436, #845, #2969 ) ;
#1867 = VECTOR ( 'NONE', #2748, 1000.000000000000000 ) ;
#1868 = DIRECTION ( 'NONE',  ( 0.2956317970504589443, -0.8702733796158237389, 0.3939874176985458942 ) ) ;
#1869 = DIRECTION ( 'NONE',  ( 0.000000000000000000, 0.000000000000000000, -1.000000000000000000 ) ) ;
#1870 = VECTOR ( 'NONE', #195, 1000.000000000000000 ) ;
#1871 = ORIENTED_EDGE ( 'NONE', *, *, #2201, .F. ) ;
#1872 = DIRECTION ( 'NONE',  ( -0.000000000000000000, 0.2037249267427869159, -0.9790281682483124026 ) ) ;
#1873 = CARTESIAN_POINT ( 'NONE',  ( 2.900000000000000355, 1.308469866636394530, 8.790586161882984584 ) ) ;
#1874 = ORIENTED_EDGE ( 'NONE', *, *, #126, .T. ) ;
#1875 = DIRECTION ( 'NONE',  ( -0.000000000000000000, -0.000000000000000000, 1.000000000000000000 ) ) ;
#1876 = EDGE_CURVE ( 'NONE', #819, #71, #889, .T. ) ;
#1877 = ORIENTED_EDGE ( 'NONE', *, *, #2126, .F. ) ;
#1878 = DIRECTION ( 'NONE',  ( 0.000000000000000000, -0.9790281682483125136, -0.2037249267427869437 ) ) ;
#1879 = EDGE_CURVE ( 'NONE', #2736, #2044, #2526, .T. ) ;
#1880 = DIRECTION ( 'NONE',  ( 0.000000000000000000, 0.000000000000000000, -1.000000000000000000 ) ) ;
#1881 = FACE_OUTER_BOUND ( 'NONE', #1479, .T. ) ;
#1882 = ORIENTED_EDGE ( 'NONE', *, *, #1850, .T. ) ;
#1883 = CARTESIAN_POINT ( 'NONE',  ( 2.000000000000000000, 2.577181570878810390, 7.981657540614479629 ) ) ;
#1884 = CARTESIAN_POINT ( 'NONE',  ( 2.700000000000000178, -1.385764572353550550, 6.981735383786029203 ) ) ;
#1885 = APPLICATION_CONTEXT ( 'automotive_design' ) ;
#1886 = ORIENTED_EDGE ( 'NONE', *, *, #2933, .F. ) ;
#1887 = FACE_OUTER_BOUND ( 'NONE', #893, .T. ) ;
#1888 = ORIENTED_EDGE ( 'NONE', *, *, #373, .T. ) ;
#1889 = EDGE_CURVE ( 'NONE', #2746, #1928, #2411, .T. ) ;
#1890 = EDGE_CURVE ( 'NONE', #18, #2313, #2076, .T. ) ;
#1891 = CARTESIAN_POINT ( 'NONE',  ( 2.817157287525379417, -1.389421207989113061, 8.981433622099702418 ) ) ;
#1892 = CARTESIAN_POINT ( 'NONE',  ( 2.700000000000000178, 2.566966284473391369, 7.181735383786030269 ) ) ;
#1893 = CARTESIAN_POINT ( 'NONE',  ( 2.700000000000000178, 2.648343736084526778, 6.999039706855027632 ) ) ;
#1894 = EDGE_CURVE ( 'NONE', #357, #2347, #2987, .T. ) ;
#1895 = CARTESIAN_POINT ( 'NONE',  ( -0.2400000000004869904, -2.106950374043590202, -3.698122778900680530 ) ) ;
#1896 = CARTESIAN_POINT ( 'NONE',  ( -2.000000000000000000, 1.974041097652470045, 6.565460162197278571 ) ) ;
#1897 = ORIENTED_EDGE ( 'NONE', *, *, #1247, .F. ) ;
#1898 = CARTESIAN_POINT ( 'NONE',  ( 2.900000000000000355, 2.566966284473388704, 7.181735383786032934 ) ) ;
#1899 = DIRECTION ( 'NONE',  ( -0.000000000000000000, 1.000000000000000000, 0.000000000000000000 ) ) ;
#1900 =( BOUNDED_SURFACE ( )  B_SPLINE_SURFACE ( 3, 3, ( 
 ( #268, #2632, #2616, #1390 ),
 ( #2384, #514, #14, #1931 ),
 ( #1203, #2872, #2839, #2852 ),
 ( #954, #2599, #716, #1450 ) ),
 .UNSPECIFIED., .F., .F., .T. ) 
 B_SPLINE_SURFACE_WITH_KNOTS ( ( 4, 4 ),
 ( 4, 4 ),
 ( 0.000000000000000000, 1.000000000000000000 ),
 ( 0.000000000000000000, 1.000000000000000000 ),
 .UNSPECIFIED. ) 
 GEOMETRIC_REPRESENTATION_ITEM ( )  RATIONAL_B_SPLINE_SURFACE ( (
 ( 1.000000000000000000, 0.3333333333333365345, 0.3333333333333365345, 1.000000000000000000),
 ( 0.9139630438468133722, 0.3046543479489406958, 0.3046543479489406958, 0.9139630438468133722),
 ( 0.9139630438468133722, 0.3046543479489406958, 0.3046543479489406958, 0.9139630438468133722),
 ( 1.000000000000000000, 0.3333333333333365345, 0.3333333333333365345, 1.000000000000000000) ) ) 
 REPRESENTATION_ITEM ( '' )  SURFACE ( )  );
#1901 = ORIENTED_EDGE ( 'NONE', *, *, #1551, .F. ) ;
#1902 = CARTESIAN_POINT ( 'NONE',  ( 2.817060382974967414, -2.436344579127889265, 7.198811655958750499 ) ) ;
#1903 = VECTOR ( 'NONE', #1101, 1000.000000000000000 ) ;
#1904 = ORIENTED_EDGE ( 'NONE', *, *, #359, .F. ) ;
#1905 = CIRCLE ( 'NONE', #1958, 0.1999999999999996503 ) ;
#1906 = CARTESIAN_POINT ( 'NONE',  ( 2.700000000000000178, 2.672231361949286121, 8.963778292922359725 ) ) ;
#1907 = CARTESIAN_POINT ( 'NONE',  ( 2.900000000000000355, -2.374810179399198251, 8.257014638293549424 ) ) ;
#1908 = EDGE_CURVE ( 'NONE', #1290, #1122, #1089, .T. ) ;
#1909 = AXIS2_PLACEMENT_3D ( 'NONE', #502, #2104, #516 ) ;
#1910 = ORIENTED_EDGE ( 'NONE', *, *, #1879, .F. ) ;
#1911 = DIRECTION ( 'NONE',  ( 1.000000000000000000, -0.000000000000000000, -0.000000000000000000 ) ) ;
#1912 = CIRCLE ( 'NONE', #735, 0.1999999999999999833 ) ;
#1913 = CARTESIAN_POINT ( 'NONE',  ( 2.878445380721966096, 1.785463750948972361, 7.077345525110773750 ) ) ;
#1914 = CIRCLE ( 'NONE', #2565, 0.1000000000000028644 ) ;
#1915 = DIRECTION ( 'NONE',  ( 1.000000000000000000, 0.000000000000000000, 0.000000000000000000 ) ) ;
#1916 = ADVANCED_FACE ( 'NONE', ( #2938 ), #2717, .T. ) ;
#1917 = AXIS2_PLACEMENT_3D ( 'NONE', #1452, #973, #2842 ) ;
#1918 = ORIENTED_EDGE ( 'NONE', *, *, #131, .F. ) ;
#1919 = AXIS2_PLACEMENT_3D ( 'NONE', #2202, #1418, #234 ) ;
#1920 = PLANE ( 'NONE',  #2813 ) ;
#1921 = FACE_OUTER_BOUND ( 'NONE', #2294, .T. ) ;
#1922 = CARTESIAN_POINT ( 'NONE',  ( 2.000000000000000000, 2.506950374042850704, 0.000000000000000000 ) ) ;
#1923 = AXIS2_PLACEMENT_3D ( 'NONE', #2807, #1577, #3000 ) ;
#1924 = VERTEX_POINT ( 'NONE', #176 ) ;
#1925 = CARTESIAN_POINT ( 'NONE',  ( 2.804464742970532498, 2.688260793921123604, 8.920799479395132181 ) ) ;
#1926 = VERTEX_POINT ( 'NONE', #150 ) ;
#1927 = LINE ( 'NONE', #724, #1964 ) ;
#1928 = VERTEX_POINT ( 'NONE', #1314 ) ;
#1929 = CARTESIAN_POINT ( 'NONE',  ( 2.803711553880455565, 2.663747712513389487, 7.040748615689729206 ) ) ;
#1930 = CARTESIAN_POINT ( 'NONE',  ( 0.5760000000001029852, -2.106950374042800167, -2.151695218388979924 ) ) ;
#1931 = CARTESIAN_POINT ( 'NONE',  ( 2.861802930897139774, 2.688260793921123160, 8.877775284268857092 ) ) ;
#1932 = EDGE_LOOP ( 'NONE', ( #1849, #1564, #821, #772 ) ) ;
#1933 = CARTESIAN_POINT ( 'NONE',  ( 2.718308298310218696, -1.942729547521701683, 9.091202444396520477 ) ) ;
#1934 = DIRECTION ( 'NONE',  ( 1.000000000000000000, 0.000000000000000000, 0.000000000000000000 ) ) ;
#1935 = EDGE_CURVE ( 'NONE', #2589, #1500, #1223, .T. ) ;
#1936 = EDGE_CURVE ( 'NONE', #1426, #2912, #2279, .T. ) ;
#1937 = CARTESIAN_POINT ( 'NONE',  ( 2.803711553880455121, 2.663747712513389043, 7.040748615689728318 ) ) ;
#1938 = ORIENTED_EDGE ( 'NONE', *, *, #584, .F. ) ;
#1939 = DIRECTION ( 'NONE',  ( 0.000000000000000000, 0.000000000000000000, -1.000000000000000000 ) ) ;
#1940 = ORIENTED_EDGE ( 'NONE', *, *, #2352, .T. ) ;
#1941 = DIRECTION ( 'NONE',  ( 1.000000000000000000, 0.000000000000000000, 0.000000000000000000 ) ) ;
#1942 = PLANE ( 'NONE',  #1126 ) ;
#1943 = ORIENTED_EDGE ( 'NONE', *, *, #2620, .T. ) ;
#1944 = CARTESIAN_POINT ( 'NONE',  ( 0.000000000000000000, -2.506950374042850260, 2.983123814582119948 ) ) ;
#1945 = CARTESIAN_POINT ( 'NONE',  ( 0.5760000000001029852, -2.506950374042800078, -2.151695218388979924 ) ) ;
#1946 = CARTESIAN_POINT ( 'NONE',  ( 2.899999999999999911, 2.566966284473390036, 7.181735383786031157 ) ) ;
#1947 = ORIENTED_EDGE ( 'NONE', *, *, #1704, .F. ) ;
#1948 = LINE ( 'NONE', #2244, #1765 ) ;
#1949 = FACE_OUTER_BOUND ( 'NONE', #2102, .T. ) ;
#1950 = CARTESIAN_POINT ( 'NONE',  ( 2.500000000000000000, -1.370318771452939899, 7.981616090287829479 ) ) ;
#1951 = EDGE_CURVE ( 'NONE', #2746, #2329, #2571, .T. ) ;
#1952 = ORIENTED_EDGE ( 'NONE', *, *, #2452, .F. ) ;
#1953 = EDGE_CURVE ( 'NONE', #1016, #964, #2026, .T. ) ;
#1954 = ORIENTED_EDGE ( 'NONE', *, *, #1833, .T. ) ;
#1955 = CARTESIAN_POINT ( 'NONE',  ( 2.900000000000001243, -2.300230295061481911, 8.820557499705657278 ) ) ;
#1956 = ORIENTED_EDGE ( 'NONE', *, *, #2011, .F. ) ;
#1957 = CARTESIAN_POINT ( 'NONE',  ( 0.000000000000000000, -1.548934943372070050, 9.603822059247340448 ) ) ;
#1958 = AXIS2_PLACEMENT_3D ( 'NONE', #2337, #2804, #923 ) ;
#1959 = CARTESIAN_POINT ( 'NONE',  ( 2.000000000000000000, -1.479465811317342450, 9.531891261312358310 ) ) ;
#1960 = CARTESIAN_POINT ( 'NONE',  ( -2.000000000000000000, -1.574041097652470134, 6.565460162197279459 ) ) ;
#1961 = VECTOR ( 'NONE', #2602, 1000.000000000000000 ) ;
#1962 = ORIENTED_EDGE ( 'NONE', *, *, #920, .T. ) ;
#1963 = CARTESIAN_POINT ( 'NONE',  ( 2.893342617305172393, -2.270910197190043611, 8.815783719235145810 ) ) ;
#1964 = VECTOR ( 'NONE', #2144, 1000.000000000000000 ) ;
#1965 = LINE ( 'NONE', #1376, #1767 ) ;
#1966 = VECTOR ( 'NONE', #1996, 1000.000000000000000 ) ;
#1967 = CARTESIAN_POINT ( 'NONE',  ( -0.5760000000000989884, 2.506950374043039886, -2.151695218389699793 ) ) ;
#1968 = AXIS2_PLACEMENT_3D ( 'NONE', #17, #2811, #2375 ) ;
#1969 = AXIS2_PLACEMENT_3D ( 'NONE', #1745, #1513, #2481 ) ;
#1970 = EDGE_LOOP ( 'NONE', ( #2647, #1105, #784, #2705, #996, #138 ) ) ;
#1971 = ORIENTED_EDGE ( 'NONE', *, *, #373, .F. ) ;
#1972 = EDGE_CURVE ( 'NONE', #500, #1560, #411, .T. ) ;
#1973 = CARTESIAN_POINT ( 'NONE',  ( 2.000000000000000000, -1.548934943372070050, 9.603822059247340448 ) ) ;
#1974 = ORIENTED_EDGE ( 'NONE', *, *, #824, .T. ) ;
#1975 = DIRECTION ( 'NONE',  ( -0.000000000000000000, 0.4913561050383770112, 0.8709587694268399183 ) ) ;
#1976 = CARTESIAN_POINT ( 'NONE',  ( 2.200000000000000178, -2.493049625957139970, 9.382251919820561565E-16 ) ) ;
#1977 = DIRECTION ( 'NONE',  ( 1.000000000000000000, 0.000000000000000000, 0.000000000000000000 ) ) ;
#1978 = ORIENTED_EDGE ( 'NONE', *, *, #2160, .F. ) ;
#1979 = DIRECTION ( 'NONE',  ( 0.000000000000000000, 0.2037249267427869159, 0.9790281682483124026 ) ) ;
#1980 = DIRECTION ( 'NONE',  ( -1.000000000000000000, 0.000000000000000000, -0.000000000000000000 ) ) ;
#1981 = UNCERTAINTY_MEASURE_WITH_UNIT (LENGTH_MEASURE( 1.000000000000000082E-05 ), #2039, 'distance_accuracy_value', 'NONE');
#1982 = CARTESIAN_POINT ( 'NONE',  ( 0.1200000000002799938, 2.506950374042539842, -3.955777927878620037 ) ) ;
#1983 = DIRECTION ( 'NONE',  ( 6.505213034913027393E-15, -0.9331788447751412363, -0.3594123588082816512 ) ) ;
#1984 = ORIENTED_EDGE ( 'NONE', *, *, #428, .T. ) ;
#1985 = CARTESIAN_POINT ( 'NONE',  ( 2.500000000000000000, 1.770318771452939810, 7.981616090287829479 ) ) ;
#1986 = EDGE_LOOP ( 'NONE', ( #1938, #1943, #1002, #2880, #2251, #2379, #2516, #2677, #2077, #419, #3064, #230 ) ) ;
#1987 = CARTESIAN_POINT ( 'NONE',  ( 2.971004960375779547, -2.010841784425708934, 7.040604904998428282 ) ) ;
#1988 = ORIENTED_EDGE ( 'NONE', *, *, #830, .T. ) ;
#1989 = EDGE_CURVE ( 'NONE', #3036, #1926, #1232, .T. ) ;
#1990 = ADVANCED_FACE ( 'NONE', ( #1759 ), #2290, .T. ) ;
#1991 = CARTESIAN_POINT ( 'NONE',  ( 2.000000000000000000, 2.589746988851569842, 8.781579697442930765 ) ) ;
#1992 = DIRECTION ( 'NONE',  ( -1.000000000000000000, -0.000000000000000000, -0.000000000000000000 ) ) ;
#1993 = DIRECTION ( 'NONE',  ( 0.000000000000000000, 0.000000000000000000, 1.000000000000000000 ) ) ;
#1994 = EDGE_CURVE ( 'NONE', #1794, #108, #2506, .T. ) ;
#1995 = DIRECTION ( 'NONE',  ( -0.000000000000000000, -0.3594123588082826504, -0.9331788447751407922 ) ) ;
#1996 = DIRECTION ( 'NONE',  ( 0.000000000000000000, 0.000000000000000000, -1.000000000000000000 ) ) ;
#1997 = LINE ( 'NONE', #828, #446 ) ;
#1998 = LINE ( 'NONE', #1058, #936 ) ;
#1999 = ORIENTED_EDGE ( 'NONE', *, *, #1031, .T. ) ;
#2000 = CARTESIAN_POINT ( 'NONE',  ( 2.500000000000000000, 1.785764572353550239, 6.981735383786029203 ) ) ;
#2001 = ORIENTED_EDGE ( 'NONE', *, *, #1151, .T. ) ;
#2002 = CARTESIAN_POINT ( 'NONE',  ( 2.200000000000000178, 2.906950374042850616, 2.983123814582119948 ) ) ;
#2003 = ORIENTED_EDGE ( 'NONE', *, *, #160, .T. ) ;
#2004 = CARTESIAN_POINT ( 'NONE',  ( 2.000000000000000000, -2.154865279386000143, 10.06731551639139965 ) ) ;
#2005 = CARTESIAN_POINT ( 'NONE',  ( 0.6000000000000009770, -2.106950374042849905, -2.000000000000000000 ) ) ;
#2006 = LINE ( 'NONE', #1020, #2767 ) ;
#2007 = DIRECTION ( 'NONE',  ( 0.000000000000000000, 0.000000000000000000, -1.000000000000000000 ) ) ;
#2008 = LINE ( 'NONE', #1818, #1665 ) ;
#2009 = CARTESIAN_POINT ( 'NONE',  ( 2.803711553880455121, 2.663747712513388599, 7.040748615689729206 ) ) ;
#2010 = FACE_OUTER_BOUND ( 'NONE', #1637, .T. ) ;
#2011 = EDGE_CURVE ( 'NONE', #2857, #1273, #1998, .T. ) ;
#2012 = VERTEX_POINT ( 'NONE', #647 ) ;
#2013 = AXIS2_PLACEMENT_3D ( 'NONE', #602, #581, #2469 ) ;
#2014 = ORIENTED_EDGE ( 'NONE', *, *, #1792, .F. ) ;
#2015 = VECTOR ( 'NONE', #62, 1000.000000000000000 ) ;
#2016 = AXIS2_PLACEMENT_3D ( 'NONE', #2348, #1878, #455 ) ;
#2017 = ORIENTED_EDGE ( 'NONE', *, *, #2775, .F. ) ;
#2018 = AXIS2_PLACEMENT_3D ( 'NONE', #2073, #884, #1131 ) ;
#2019 = VECTOR ( 'NONE', #940, 1000.000000000000000 ) ;
#2020 = ADVANCED_FACE ( 'NONE', ( #2523 ), #2973, .F. ) ;
#2021 = EDGE_LOOP ( 'NONE', ( #891, #1229, #185, #2628, #1092 ) ) ;
#2022 = CARTESIAN_POINT ( 'NONE',  ( 2.884143362271177402, 2.639797423733856174, 7.153684585482083413 ) ) ;
#2023 = CARTESIAN_POINT ( 'NONE',  ( 2.899999999999999911, -0.9147770153000364113, 7.169077610232186260 ) ) ;
#2024 = CARTESIAN_POINT ( 'NONE',  ( 2.899999999999999911, -2.189746988851569931, 8.781579697442932542 ) ) ;
#2025 = DIRECTION ( 'NONE',  ( 1.000000000000000000, 0.000000000000000000, 0.000000000000000000 ) ) ;
#2026 = LINE ( 'NONE', #1516, #1671 ) ;
#2027 = LINE ( 'NONE', #2986, #1808 ) ;
#2028 = DIRECTION ( 'NONE',  ( -1.000000000000000000, -0.000000000000000000, -0.000000000000000000 ) ) ;
#2029 = EDGE_LOOP ( 'NONE', ( #2853, #327, #65, #2549 ) ) ;
#2030 = ADVANCED_FACE ( 'NONE', ( #353 ), #1532, .F. ) ;
#2031 = EDGE_CURVE ( 'NONE', #1780, #1420, #493, .T. ) ;
#2032 = CARTESIAN_POINT ( 'NONE',  ( -0.5760000000000988774, -2.106950374045004182, -2.151695218389699793 ) ) ;
#2033 = CARTESIAN_POINT ( 'NONE',  ( -2.000000000000000000, -1.986632298580399913, 5.132807035752089853 ) ) ;
#2034 = ORIENTED_EDGE ( 'NONE', *, *, #2774, .T. ) ;
#2035 = VERTEX_POINT ( 'NONE', #2009 ) ;
#2036 = CARTESIAN_POINT ( 'NONE',  ( 2.700000000000000178, -1.378850146803330068, 8.981579697442930055 ) ) ;
#2037 = DIRECTION ( 'NONE',  ( -1.000000000000000000, -0.000000000000000000, -0.000000000000000000 ) ) ;
#2038 = LINE ( 'NONE', #190, #3058 ) ;
#2039 =( LENGTH_UNIT ( ) NAMED_UNIT ( * ) SI_UNIT ( .MILLI., .METRE. ) );
#2040 = CARTESIAN_POINT ( 'NONE',  ( 2.700000000000000178, 0.9703248229937085911, 7.978504430182571383 ) ) ;
#2041 = DIRECTION ( 'NONE',  ( -2.168404344971007685E-15, -0.9430340061942495966, 0.3326963527921880659 ) ) ;
#2042 = DIRECTION ( 'NONE',  ( 0.5223237148526661544, -0.4925690253477716385, 0.6960989097610029708 ) ) ;
#2043 = VERTEX_POINT ( 'NONE', #166 ) ;
#2044 = VERTEX_POINT ( 'NONE', #1775 ) ;
#2045 = FACE_OUTER_BOUND ( 'NONE', #1709, .T. ) ;
#2046 = EDGE_CURVE ( 'NONE', #710, #2454, #1769, .T. ) ;
#2047 = ORIENTED_EDGE ( 'NONE', *, *, #2909, .T. ) ;
#2048 = DIRECTION ( 'NONE',  ( -0.000000000000000000, -6.938893903907230350E-16, -1.000000000000000000 ) ) ;
#2049 = ADVANCED_FACE ( 'NONE', ( #614 ), #1546, .T. ) ;
#2050 = ORIENTED_EDGE ( 'NONE', *, *, #1994, .T. ) ;
#2051 = LINE ( 'NONE', #1616, #1807 ) ;
#2052 = CYLINDRICAL_SURFACE ( 'NONE', #980, 0.09999999999999245603 ) ;
#2053 = DIRECTION ( 'NONE',  ( -1.000000000000000000, -0.000000000000000000, -0.000000000000000000 ) ) ;
#2054 = CARTESIAN_POINT ( 'NONE',  ( 0.4560000000004669762, -2.506950374043999563, -2.837311437044750306 ) ) ;
#2055 = LINE ( 'NONE', #2118, #700 ) ;
#2056 = LINE ( 'NONE', #1334, #2725 ) ;
#2057 = ORIENTED_EDGE ( 'NONE', *, *, #1481, .F. ) ;
#2058 = ORIENTED_EDGE ( 'NONE', *, *, #1068, .F. ) ;
#2059 = AXIS2_PLACEMENT_3D ( 'NONE', #1991, #2314, #2800 ) ;
#2060 = ORIENTED_EDGE ( 'NONE', *, *, #636, .T. ) ;
#2061 = CARTESIAN_POINT ( 'NONE',  ( -2.000000000000000000, 1.879465811317345025, 9.531891261312361863 ) ) ;
#2062 = VECTOR ( 'NONE', #2428, 1000.000000000000000 ) ;
#2063 = VECTOR ( 'NONE', #2153, 1000.000000000000000 ) ;
#2064 = CYLINDRICAL_SURFACE ( 'NONE', #2420, 1.000000000000000000 ) ;
#2065 = VECTOR ( 'NONE', #188, 1000.000000000000000 ) ;
#2066 = ORIENTED_EDGE ( 'NONE', *, *, #2621, .T. ) ;
#2067 = EDGE_CURVE ( 'NONE', #2860, #2576, #1146, .T. ) ;
#2068 = ADVANCED_FACE ( 'NONE', ( #2792 ), #2826, .T. ) ;
#2069 = LINE ( 'NONE', #2836, #340 ) ;
#2070 = VECTOR ( 'NONE', #673, 1000.000000000000000 ) ;
#2071 = DIRECTION ( 'NONE',  ( 1.000000000000000000, 0.000000000000000000, -0.000000000000000000 ) ) ;
#2072 = DIRECTION ( 'NONE',  ( 0.000000000000000000, 0.000000000000000000, 1.000000000000000000 ) ) ;
#2073 = CARTESIAN_POINT ( 'NONE',  ( 2.500000000000000000, -1.370318771452939899, 7.981616090287829479 ) ) ;
#2074 = DIRECTION ( 'NONE',  ( 0.000000000000000000, 0.000000000000000000, -1.000000000000000000 ) ) ;
#2075 = DIRECTION ( 'NONE',  ( 0.000000000000000000, 0.000000000000000000, 1.000000000000000000 ) ) ;
#2076 = LINE ( 'NONE', #2575, #1136 ) ;
#2077 = ORIENTED_EDGE ( 'NONE', *, *, #2470, .F. ) ;
#2078 = CARTESIAN_POINT ( 'NONE',  ( -0.4560000000004559850, -2.106950374045624574, -2.837311437048029905 ) ) ;
#2079 = VERTEX_POINT ( 'NONE', #1622 ) ;
#2080 = DIRECTION ( 'NONE',  ( -0.000000000000000000, -0.4913561050383770112, 0.8709587694268399183 ) ) ;
#2081 = DIRECTION ( 'NONE',  ( 0.000000000000000000, 0.4957400896598180284, 0.8684709341734331289 ) ) ;
#2082 = EDGE_LOOP ( 'NONE', ( #622, #247, #555, #1604, #8, #2173, #414, #572, #2014 ) ) ;
#2083 = CARTESIAN_POINT ( 'NONE',  ( -2.000000000000000000, 2.506950374042850260, 5.132807035752089853 ) ) ;
#2084 = DIRECTION ( 'NONE',  ( -0.000000000000000000, -1.665334536937729880E-16, -1.000000000000000000 ) ) ;
#2085 = ADVANCED_FACE ( 'NONE', ( #252 ), #3012, .T. ) ;
#2086 = EDGE_CURVE ( 'NONE', #2332, #401, #3044, .T. ) ;
#2087 = FILL_AREA_STYLE_COLOUR ( '', #2911 ) ;
#2088 = LINE ( 'NONE', #2806, #687 ) ;
#2089 = ADVANCED_BREP_SHAPE_REPRESENTATION ( '52100001009', ( #225, #199 ), #2418 ) ;
#2090 = CARTESIAN_POINT ( 'NONE',  ( 0.000000000000000000, -2.506950374042850260, 0.000000000000000000 ) ) ;
#2091 = EDGE_CURVE ( 'NONE', #2528, #2576, #424, .T. ) ;
#2092 = ORIENTED_EDGE ( 'NONE', *, *, #1729, .F. ) ;
#2093 = ORIENTED_EDGE ( 'NONE', *, *, #1662, .T. ) ;
#2094 = ORIENTED_EDGE ( 'NONE', *, *, #1972, .F. ) ;
#2095 = FACE_OUTER_BOUND ( 'NONE', #534, .T. ) ;
#2096 = VERTEX_POINT ( 'NONE', #912 ) ;
#2097 = CARTESIAN_POINT ( 'NONE',  ( 2.700000000000000178, 0.7703263358789008697, 7.977726515156258635 ) ) ;
#2098 = CYLINDRICAL_SURFACE ( 'NONE', #2560, 0.1999999999999996503 ) ;
#2099 = DIRECTION ( 'NONE',  ( 1.000000000000000000, 0.000000000000000000, 0.000000000000000000 ) ) ;
#2100 = CARTESIAN_POINT ( 'NONE',  ( -2.000000000000000000, 2.318662170010695522, 9.648631048310486236 ) ) ;
#2101 =( BOUNDED_CURVE ( )  B_SPLINE_CURVE ( 3, ( #2934, #2208, #1795, #1039 ),
 .UNSPECIFIED., .F., .F. ) 
 B_SPLINE_CURVE_WITH_KNOTS ( ( 4, 4 ),
 ( 0.5000000000000000000, 1.000000000000000000 ),
 .UNSPECIFIED. ) 
 CURVE ( )  GEOMETRIC_REPRESENTATION_ITEM ( )  RATIONAL_B_SPLINE_CURVE ( ( 1.000000000000000000, 0.8015481189971325193, 0.8015481189971325193, 1.000000000000000000 ) ) 
 REPRESENTATION_ITEM ( '' )  );
#2102 = EDGE_LOOP ( 'NONE', ( #958, #1776, #2341, #3025, #2799, #2981, #1838, #2680 ) ) ;
#2103 = ORIENTED_EDGE ( 'NONE', *, *, #3026, .F. ) ;
#2104 = DIRECTION ( 'NONE',  ( 0.000000000000000000, -0.8709587694268400293, -0.4913561050383770668 ) ) ;
#2105 = DIRECTION ( 'NONE',  ( 0.000000000000000000, 0.000000000000000000, -1.000000000000000000 ) ) ;
#2106 = ADVANCED_FACE ( 'NONE', ( #688 ), #1399, .F. ) ;
#2107 = VERTEX_POINT ( 'NONE', #715 ) ;
#2108 = VECTOR ( 'NONE', #3010, 1000.000000000000000 ) ;
#2109 = CARTESIAN_POINT ( 'NONE',  ( 2.805831887185033402, -2.484309308348887857, 7.278383311982200787 ) ) ;
#2110 = ORIENTED_EDGE ( 'NONE', *, *, #2971, .T. ) ;
#2111 = CIRCLE ( 'NONE', #144, 2.529673665926789994 ) ;
#2112 = AXIS2_PLACEMENT_3D ( 'NONE', #1957, #2162, #809 ) ;
#2113 = CARTESIAN_POINT ( 'NONE',  ( 2.899999999999999911, -2.189746988851569931, 8.781579697442932542 ) ) ;
#2114 = AXIS2_PLACEMENT_3D ( 'NONE', #2149, #957, #2105 ) ;
#2115 = VECTOR ( 'NONE', #117, 1000.000000000000000 ) ;
#2116 = DIRECTION ( 'NONE',  ( 1.000000000000000000, 0.000000000000000000, 0.000000000000000000 ) ) ;
#2117 = VECTOR ( 'NONE', #798, 1000.000000000000000 ) ;
#2118 = CARTESIAN_POINT ( 'NONE',  ( 2.500000000000000000, -1.370318771452939899, 6.981616090287829479 ) ) ;
#2119 = CARTESIAN_POINT ( 'NONE',  ( -2.000000000000000000, -1.986632298580399913, 0.000000000000000000 ) ) ;
#2120 = AXIS2_PLACEMENT_3D ( 'NONE', #1172, #3056, #2327 ) ;
#2121 = ORIENTED_EDGE ( 'NONE', *, *, #359, .T. ) ;
#2122 = DIRECTION ( 'NONE',  ( -1.000000000000000000, -0.000000000000000000, -0.000000000000000000 ) ) ;
#2123 = CARTESIAN_POINT ( 'NONE',  ( 2.000000000000000000, 2.386632298580400047, 2.000000000000000000 ) ) ;
#2124 =( BOUNDED_SURFACE ( )  B_SPLINE_SURFACE ( 3, 3, ( 
 ( #1929, #2932, #1728, #1679 ),
 ( #2193, #1283, #546, #2885 ),
 ( #281, #1252, #967, #1482 ),
 ( #2648, #1216, #2629, #77 ) ),
 .UNSPECIFIED., .F., .F., .T. ) 
 B_SPLINE_SURFACE_WITH_KNOTS ( ( 4, 4 ),
 ( 4, 4 ),
 ( 0.000000000000000000, 1.000000000000000000 ),
 ( 0.000000000000000000, 1.000000000000000000 ),
 .UNSPECIFIED. ) 
 GEOMETRIC_REPRESENTATION_ITEM ( )  RATIONAL_B_SPLINE_SURFACE ( (
 ( 1.000000000000000000, 0.3333333333333315940, 0.3333333333333315940, 1.000000000000000000),
 ( 0.9482534792767873810, 0.3160844930922608320, 0.3160844930922608320, 0.9482534792767873810),
 ( 0.9482534792767873810, 0.3160844930922608320, 0.3160844930922608320, 0.9482534792767873810),
 ( 1.000000000000000000, 0.3333333333333315940, 0.3333333333333315940, 1.000000000000000000) ) ) 
 REPRESENTATION_ITEM ( '' )  SURFACE ( )  );
#2125 = EDGE_CURVE ( 'NONE', #832, #859, #2778, .T. ) ;
#2126 = EDGE_CURVE ( 'NONE', #582, #1148, #450, .T. ) ;
#2127 = ORIENTED_EDGE ( 'NONE', *, *, #1457, .T. ) ;
#2128 = LINE ( 'NONE', #2624, #1563 ) ;
#2129 = B_SPLINE_CURVE_WITH_KNOTS ( 'NONE', 3,
 ( #2851, #2145, #2446, #1913, #797, #282 ),
 .UNSPECIFIED., .F., .F.,
 ( 4, 2, 4 ),
 ( 0.000000000000000000, 0.5000000000000000000, 1.000000000000000000 ),
 .UNSPECIFIED. ) ;
#2130 = ORIENTED_EDGE ( 'NONE', *, *, #1876, .F. ) ;
#2131 = DIRECTION ( 'NONE',  ( 1.000000000000000000, 0.000000000000000000, 0.000000000000000000 ) ) ;
#2132 = FACE_OUTER_BOUND ( 'NONE', #1738, .T. ) ;
#2133 = CARTESIAN_POINT ( 'NONE',  ( 0.6000000000000009770, -2.106950374042849905, -2.000000000000000000 ) ) ;
#2134 = CARTESIAN_POINT ( 'NONE',  ( -2.000000000000000000, 2.506950374042851593, 2.983123814582120392 ) ) ;
#2135 = ORIENTED_EDGE ( 'NONE', *, *, #1778, .F. ) ;
#2136 = CARTESIAN_POINT ( 'NONE',  ( 2.700000000000000178, 2.753602053428420682, 7.109852912024376081 ) ) ;
#2137 = LINE ( 'NONE', #752, #1620 ) ;
#2138 = ORIENTED_EDGE ( 'NONE', *, *, #2297, .T. ) ;
#2139 = DIRECTION ( 'NONE',  ( 1.000000000000000000, 0.000000000000000000, 0.000000000000000000 ) ) ;
#2140 = ADVANCED_FACE ( 'NONE', ( #1588 ), #210, .T. ) ;
#2141 = ORIENTED_EDGE ( 'NONE', *, *, #1030, .T. ) ;
#2142 = EDGE_CURVE ( 'NONE', #2796, #2929, #2055, .T. ) ;
#2143 = FACE_OUTER_BOUND ( 'NONE', #2633, .T. ) ;
#2144 = DIRECTION ( 'NONE',  ( 1.000000000000000000, -0.000000000000000000, 0.000000000000000000 ) ) ;
#2145 = CARTESIAN_POINT ( 'NONE',  ( 2.752359877559831247, 1.786086316287625930, 6.981740353971683355 ) ) ;
#2146 = DIRECTION ( 'NONE',  ( -1.000000000000000000, -0.000000000000000000, -0.000000000000000000 ) ) ;
#2147 = ORIENTED_EDGE ( 'NONE', *, *, #2046, .T. ) ;
#2148 = CARTESIAN_POINT ( 'NONE',  ( 2.700000000000000622, 2.979429019469731710, 8.278167486668358777 ) ) ;
#2149 = CARTESIAN_POINT ( 'NONE',  ( 0.6000000000000009770, 2.506950374042860474, 0.000000000000000000 ) ) ;
#2150 = DIRECTION ( 'NONE',  ( -1.000000000000000000, -0.000000000000000000, -0.000000000000000000 ) ) ;
#2151 = ORIENTED_EDGE ( 'NONE', *, *, #1539, .F. ) ;
#2152 = CARTESIAN_POINT ( 'NONE',  ( 0.000000000000000000, 0.4000000000000000222, 8.000000000000000000 ) ) ;
#2153 = DIRECTION ( 'NONE',  ( 0.000000000000000000, 1.000000000000000000, 0.000000000000000000 ) ) ;
#2154 = CIRCLE ( 'NONE', #1021, 0.2000000000000005107 ) ;
#2155 = ORIENTED_EDGE ( 'NONE', *, *, #897, .F. ) ;
#2156 = AXIS2_PLACEMENT_3D ( 'NONE', #26, #1414, #2837 ) ;
#2157 = DIRECTION ( 'NONE',  ( -1.000000000000000000, -0.000000000000000000, -0.000000000000000000 ) ) ;
#2158 = CARTESIAN_POINT ( 'NONE',  ( 2.700000000000000178, -2.378353790090421249, 8.848118968001376317 ) ) ;
#2159 = VERTEX_POINT ( 'NONE', #233 ) ;
#2160 = EDGE_CURVE ( 'NONE', #171, #2831, #1677, .T. ) ;
#2161 = EDGE_CURVE ( 'NONE', #2012, #560, #1467, .T. ) ;
#2162 = DIRECTION ( 'NONE',  ( 1.000000000000000000, 0.000000000000000000, 0.000000000000000000 ) ) ;
#2163 = CIRCLE ( 'NONE', #92, 0.5000000000000022204 ) ;
#2164 = CARTESIAN_POINT ( 'NONE',  ( 2.000000000000000000, -1.885898336976628453, 8.981579697442930055 ) ) ;
#2165 = AXIS2_PLACEMENT_3D ( 'NONE', #2757, #2999, #870 ) ;
#2166 = DIRECTION ( 'NONE',  ( 1.000000000000000000, 0.000000000000000000, 0.000000000000000000 ) ) ;
#2167 = DIRECTION ( 'NONE',  ( -1.000000000000000000, -0.000000000000000000, -0.000000000000000000 ) ) ;
#2168 = CIRCLE ( 'NONE', #2924, 2.129673665926790527 ) ;
#2169 = CARTESIAN_POINT ( 'NONE',  ( 2.900000000000002132, 2.700230295061483599, 8.820557499705651949 ) ) ;
#2170 = CARTESIAN_POINT ( 'NONE',  ( 2.900000000000000355, 0.9703248229937164737, 7.978504430182572271 ) ) ;
#2171 = CARTESIAN_POINT ( 'NONE',  ( 2.614969931919898904, 2.616642858289490281, 7.007660326594637112 ) ) ;
#2172 = CIRCLE ( 'NONE', #1923, 1.000000000000000000 ) ;
#2173 = ORIENTED_EDGE ( 'NONE', *, *, #2391, .T. ) ;
#2174 = CARTESIAN_POINT ( 'NONE',  ( 2.657957003514501260, -2.234865282865880154, 6.998372049218247071 ) ) ;
#2175 = ORIENTED_EDGE ( 'NONE', *, *, #1424, .T. ) ;
#2176 = FACE_OUTER_BOUND ( 'NONE', #2960, .T. ) ;
#2177 = CARTESIAN_POINT ( 'NONE',  ( 0.000000000000000000, 1.879465811317341473, 9.531891261312361863 ) ) ;
#2178 = ORIENTED_EDGE ( 'NONE', *, *, #808, .T. ) ;
#2179 = DIRECTION ( 'NONE',  ( -1.000000000000000000, -0.000000000000000000, -0.000000000000000000 ) ) ;
#2180 = CARTESIAN_POINT ( 'NONE',  ( 0.1200000000002799938, -2.506950374042539842, -3.955777927878620037 ) ) ;
#2181 = DIRECTION ( 'NONE',  ( 0.000000000000000000, -1.000000000000000000, 0.000000000000000000 ) ) ;
#2182 = ORIENTED_EDGE ( 'NONE', *, *, #1951, .T. ) ;
#2183 = CARTESIAN_POINT ( 'NONE',  ( 0.000000000000000000, -2.101411997443690005, 3.015941518713860514 ) ) ;
#2184 = CARTESIAN_POINT ( 'NONE',  ( 2.817157287525385190, 1.789421251773247734, 8.981433621263162692 ) ) ;
#2185 = DIRECTION ( 'NONE',  ( 1.000000000000000000, 0.000000000000000000, 0.000000000000000000 ) ) ;
#2186 = EDGE_CURVE ( 'NONE', #1304, #204, #2088, .T. ) ;
#2187 = ORIENTED_EDGE ( 'NONE', *, *, #2278, .T. ) ;
#2188 = PLANE ( 'NONE',  #2517 ) ;
#2189 = ORIENTED_EDGE ( 'NONE', *, *, #1124, .T. ) ;
#2190 = CARTESIAN_POINT ( 'NONE',  ( 2.000000000000000000, -1.986632298580399913, 8.981579697442930055 ) ) ;
#2191 = CARTESIAN_POINT ( 'NONE',  ( 0.000000000000000000, 2.506950374042850260, 0.000000000000000000 ) ) ;
#2192 = ORIENTED_EDGE ( 'NONE', *, *, #2091, .F. ) ;
#2193 = CARTESIAN_POINT ( 'NONE',  ( 2.759959220973576599, 2.663747712513389043, 7.008563875994384240 ) ) ;
#2194 = DIRECTION ( 'NONE',  ( 1.000000000000000000, 0.000000000000000000, 0.000000000000000000 ) ) ;
#2195 = CARTESIAN_POINT ( 'NONE',  ( 2.899999999999999467, 2.725171195698572468, 8.254593458368415071 ) ) ;
#2196 = EDGE_LOOP ( 'NONE', ( #1160, #1093, #20, #1737, #2558 ) ) ;
#2197 = DIRECTION ( 'NONE',  ( -1.000000000000000000, -0.000000000000000000, -0.000000000000000000 ) ) ;
#2198 = CARTESIAN_POINT ( 'NONE',  ( 0.000000000000000000, 2.501411997443687696, 3.015941518713860070 ) ) ;
#2199 = DIRECTION ( 'NONE',  ( -1.000000000000000000, -0.000000000000000000, -0.000000000000000000 ) ) ;
#2200 = ORIENTED_EDGE ( 'NONE', *, *, #1052, .F. ) ;
#2201 = EDGE_CURVE ( 'NONE', #545, #1397, #2770, .T. ) ;
#2202 = CARTESIAN_POINT ( 'NONE',  ( 0.000000000000000000, -2.006950374042860030, 2.983123814582119948 ) ) ;
#2203 = ORIENTED_EDGE ( 'NONE', *, *, #57, .T. ) ;
#2204 = CARTESIAN_POINT ( 'NONE',  ( 2.893771186521936212, -2.246554306890641950, 7.145597451692752067 ) ) ;
#2205 = EDGE_CURVE ( 'NONE', #3038, #18, #1617, .T. ) ;
#2206 = EDGE_LOOP ( 'NONE', ( #2094, #2822, #1210, #1440, #2690, #851 ) ) ;
#2207 = CARTESIAN_POINT ( 'NONE',  ( 2.000000000000000000, 2.289976513322292906, 8.981579697442930055 ) ) ;
#2208 = CARTESIAN_POINT ( 'NONE',  ( 2.900000000000000355, 0.9684825015314552088, 8.452157069311516224 ) ) ;
#2209 = CARTESIAN_POINT ( 'NONE',  ( 2.700000000000002842, 2.566966284473390481, 7.181735383786030269 ) ) ;
#2210 = AXIS2_PLACEMENT_3D ( 'NONE', #1441, #2390, #274 ) ;
#2211 = EDGE_LOOP ( 'NONE', ( #769, #1910, #159, #2545, #2904, #1751, #1854 ) ) ;
#2212 = CARTESIAN_POINT ( 'NONE',  ( -2.000000000000000000, -2.506950374042860030, 5.132807035752089853 ) ) ;
#2213 = CIRCLE ( 'NONE', #2564, 0.1999999999999996503 ) ;
#2214 = CARTESIAN_POINT ( 'NONE',  ( 2.900000000000005240, 0.8510404160058482326, 8.525149519297686496 ) ) ;
#2215 = CARTESIAN_POINT ( 'NONE',  ( -0.6000000000000009770, 2.506950374042850260, -2.000000000000000000 ) ) ;
#2216 = CIRCLE ( 'NONE', #697, 2.129673665926790527 ) ;
#2217 = EDGE_LOOP ( 'NONE', ( #895, #1292, #2187, #1140, #280, #1507, #2110 ) ) ;
#2218 = CIRCLE ( 'NONE', #2424, 2.129673665926789639 ) ;
#2219 = ADVANCED_FACE ( 'NONE', ( #2598 ), #2641, .T. ) ;
#2220 = EDGE_CURVE ( 'NONE', #2270, #2334, #2415, .T. ) ;
#2221 = CARTESIAN_POINT ( 'NONE',  ( 2.000000000000000000, 2.554865279385998278, 10.06731551639140143 ) ) ;
#2222 = ORIENTED_EDGE ( 'NONE', *, *, #2893, .T. ) ;
#2223 = CARTESIAN_POINT ( 'NONE',  ( 2.713404862206870050, -1.916225766661777463, 6.873846665824078883 ) ) ;
#2224 = ADVANCED_FACE ( 'NONE', ( #78 ), #1497, .T. ) ;
#2225 =( BOUNDED_SURFACE ( )  B_SPLINE_SURFACE ( 3, 3, ( 
 ( #823, #595, #2752, #2241 ),
 ( #1527, #114, #2478, #2254 ),
 ( #1542, #638, #129, #374 ),
 ( #1065, #2995, #1297, #143 ) ),
 .UNSPECIFIED., .F., .F., .F. ) 
 B_SPLINE_SURFACE_WITH_KNOTS ( ( 4, 4 ),
 ( 4, 4 ),
 ( 0.000000000000000000, 1.000000000000000000 ),
 ( 0.000000000000000000, 1.000000000000000000 ),
 .UNSPECIFIED. ) 
 GEOMETRIC_REPRESENTATION_ITEM ( )  RATIONAL_B_SPLINE_SURFACE ( (
 ( 1.000000000000000000, 0.3333333333333345916, 0.3333333333333345916, 1.000000000000000000),
 ( 0.9466378794718096623, 0.3155459598239377383, 0.3155459598239377383, 0.9466378794718096623),
 ( 0.9466378794718096623, 0.3155459598239377383, 0.3155459598239377383, 0.9466378794718096623),
 ( 1.000000000000000000, 0.3333333333333345916, 0.3333333333333345916, 1.000000000000000000) ) ) 
 REPRESENTATION_ITEM ( '' )  SURFACE ( )  );
#2226 = ORIENTED_EDGE ( 'NONE', *, *, #1704, .T. ) ;
#2227 = DIRECTION ( 'NONE',  ( 0.000000000000000000, 0.4913561050383770112, 0.8709587694268399183 ) ) ;
#2228 = DIRECTION ( 'NONE',  ( -0.000000000000000000, 1.000000000000000000, 0.000000000000000000 ) ) ;
#2229 = DIRECTION ( 'NONE',  ( 1.000000000000000000, 0.000000000000000000, -0.000000000000000000 ) ) ;
#2230 = CARTESIAN_POINT ( 'NONE',  ( -2.000000000000000000, -1.835157621338211253, 6.258895361867145013 ) ) ;
#2231 = LINE ( 'NONE', #2652, #2115 ) ;
#2232 = FACE_OUTER_BOUND ( 'NONE', #1932, .T. ) ;
#2233 = DIRECTION ( 'NONE',  ( 1.000000000000000000, 0.000000000000000000, 0.000000000000000000 ) ) ;
#2234 = ORIENTED_EDGE ( 'NONE', *, *, #2544, .T. ) ;
#2235 = DIRECTION ( 'NONE',  ( 0.000000000000000000, 0.000000000000000000, -1.000000000000000000 ) ) ;
#2236 = VERTEX_POINT ( 'NONE', #1680 ) ;
#2237 = EDGE_CURVE ( 'NONE', #1355, #1533, #2129, .T. ) ;
#2238 = ORIENTED_EDGE ( 'NONE', *, *, #169, .T. ) ;
#2239 = CARTESIAN_POINT ( 'NONE',  ( 2.815982673900861322, 2.784366340456542410, 8.844151314730240188 ) ) ;
#2240 = ADVANCED_FACE ( 'NONE', ( #2383 ), #549, .F. ) ;
#2241 = CARTESIAN_POINT ( 'NONE',  ( 2.804464742970535163, -2.288260793921125469, 8.920799479395132181 ) ) ;
#2242 = DIRECTION ( 'NONE',  ( 0.000000000000000000, 0.000000000000000000, -1.000000000000000000 ) ) ;
#2243 = CYLINDRICAL_SURFACE ( 'NONE', #1408, 2.111517552952840049 ) ;
#2244 = CARTESIAN_POINT ( 'NONE',  ( 2.000000000000000000, 2.386632298580400047, 8.981579697442930055 ) ) ;
#2245 = DIRECTION ( 'NONE',  ( 0.000000000000000000, 0.000000000000000000, -1.000000000000000000 ) ) ;
#2246 = CARTESIAN_POINT ( 'NONE',  ( -2.000000000000000000, 0.4000000000000000222, 8.000000000000000000 ) ) ;
#2247 = EDGE_CURVE ( 'NONE', #2236, #2385, #748, .T. ) ;
#2248 = VERTEX_POINT ( 'NONE', #1959 ) ;
#2249 = EDGE_LOOP ( 'NONE', ( #1897, #1098, #141, #803, #1672 ) ) ;
#2250 = CARTESIAN_POINT ( 'NONE',  ( 2.500000000000000000, -2.353602053428421659, 7.109852912024380522 ) ) ;
#2251 = ORIENTED_EDGE ( 'NONE', *, *, #240, .T. ) ;
#2252 = LINE ( 'NONE', #2942, #882 ) ;
#2253 = VERTEX_POINT ( 'NONE', #2164 ) ;
#2254 = CARTESIAN_POINT ( 'NONE',  ( 2.848629720328186288, -2.288260793921125913, 8.887659914433376329 ) ) ;
#2255 = CARTESIAN_POINT ( 'NONE',  ( 2.700000000000000178, -2.189746988851569931, 8.781579697442930765 ) ) ;
#2256 = EDGE_CURVE ( 'NONE', #2929, #2831, #880, .T. ) ;
#2257 = ADVANCED_FACE ( 'NONE', ( #2431 ), #2920, .T. ) ;
#2258 = DIRECTION ( 'NONE',  ( 1.000000000000000000, 0.000000000000000000, 0.000000000000000000 ) ) ;
#2259 = CARTESIAN_POINT ( 'NONE',  ( 2.200000000000000178, 2.706950374042849994, 0.5000000000000000000 ) ) ;
#2260 = CARTESIAN_POINT ( 'NONE',  ( -0.6000000000000009770, 2.506950374042850260, -2.000000000000000000 ) ) ;
#2261 = CARTESIAN_POINT ( 'NONE',  ( 2.500000000000000000, 1.770318771452939810, 7.981616090287829479 ) ) ;
#2262 = DIRECTION ( 'NONE',  ( 0.000000000000000000, -0.4913561050383770112, -0.8709587694268399183 ) ) ;
#2263 = AXIS2_PLACEMENT_3D ( 'NONE', #1950, #2185, #568 ) ;
#2264 = ORIENTED_EDGE ( 'NONE', *, *, #949, .F. ) ;
#2265 = AXIS2_PLACEMENT_3D ( 'NONE', #2445, #2179, #776 ) ;
#2266 = CARTESIAN_POINT ( 'NONE',  ( -0.1200000000002799799, -2.106950374045184482, -3.955777927880609557 ) ) ;
#2267 = DIRECTION ( 'NONE',  ( -1.000000000000000000, -0.000000000000000000, -0.000000000000000000 ) ) ;
#2268 = AXIS2_PLACEMENT_3D ( 'NONE', #732, #1668, #32 ) ;
#2269 = AXIS2_PLACEMENT_3D ( 'NONE', #1832, #1820, #2306 ) ;
#2270 = VERTEX_POINT ( 'NONE', #13 ) ;
#2271 = AXIS2_PLACEMENT_3D ( 'NONE', #2259, #2505, #1555 ) ;
#2272 = AXIS2_PLACEMENT_3D ( 'NONE', #1576, #846, #1785 ) ;
#2273 = ORIENTED_EDGE ( 'NONE', *, *, #501, .T. ) ;
#2274 = DIRECTION ( 'NONE',  ( -1.000000000000000000, -0.000000000000000000, -0.000000000000000000 ) ) ;
#2275 = DIRECTION ( 'NONE',  ( 0.000000000000000000, 0.000000000000000000, -1.000000000000000000 ) ) ;
#2276 = DIRECTION ( 'NONE',  ( 1.000000000000000000, 0.000000000000000000, 0.000000000000000000 ) ) ;
#2277 = CARTESIAN_POINT ( 'NONE',  ( 0.000000000000000000, -2.106950374042849905, 0.000000000000000000 ) ) ;
#2278 = EDGE_CURVE ( 'NONE', #1161, #666, #953, .T. ) ;
#2279 = LINE ( 'NONE', #1345, #2473 ) ;
#2280 = LINE ( 'NONE', #1801, #2518 ) ;
#2281 = ORIENTED_EDGE ( 'NONE', *, *, #1682, .F. ) ;
#2282 = ORIENTED_EDGE ( 'NONE', *, *, #2525, .T. ) ;
#2283 = CARTESIAN_POINT ( 'NONE',  ( -2.000000000000000000, 2.207472492326545410, 10.26561407150419036 ) ) ;
#2284 = EDGE_CURVE ( 'NONE', #197, #1397, #2739, .T. ) ;
#2285 = ORIENTED_EDGE ( 'NONE', *, *, #1308, .F. ) ;
#2286 = ORIENTED_EDGE ( 'NONE', *, *, #1108, .F. ) ;
#2287 = CARTESIAN_POINT ( 'NONE',  ( 2.699999999999999734, 2.589746988851571174, 8.781579697442934318 ) ) ;
#2288 = CARTESIAN_POINT ( 'NONE',  ( 2.700000000000000178, -0.3703263359638147567, 7.977726493325848267 ) ) ;
#2289 = CARTESIAN_POINT ( 'NONE',  ( 2.803711553880455121, -2.263747712513388688, 7.040748615689729206 ) ) ;
#2290 = CYLINDRICAL_SURFACE ( 'NONE', #2324, 0.2000000000000005107 ) ;
#2291 = CARTESIAN_POINT ( 'NONE',  ( 2.700000000000000178, -2.189746988851571263, 8.781579697442936094 ) ) ;
#2292 = CARTESIAN_POINT ( 'NONE',  ( 2.000000000000000000, 2.386632298580400047, 5.132807035752089853 ) ) ;
#2293 = ORIENTED_EDGE ( 'NONE', *, *, #2642, .T. ) ;
#2294 = EDGE_LOOP ( 'NONE', ( #1447, #1538, #2475, #1694, #608 ) ) ;
#2295 = CARTESIAN_POINT ( 'NONE',  ( 2.804397182371066499, 1.779020648661586046, 8.960022854297351458 ) ) ;
#2296 = ADVANCED_FACE ( 'NONE', ( #1753 ), #2225, .T. ) ;
#2297 = EDGE_CURVE ( 'NONE', #1666, #2476, #362, .T. ) ;
#2298 = VERTEX_POINT ( 'NONE', #1569 ) ;
#2299 = CARTESIAN_POINT ( 'NONE',  ( 0.4560000000004669762, 2.906950374043976382, -2.837311437044750306 ) ) ;
#2300 = ORIENTED_EDGE ( 'NONE', *, *, #27, .T. ) ;
#2301 = LINE ( 'NONE', #3027, #1171 ) ;
#2302 = DIRECTION ( 'NONE',  ( 1.000000000000000000, 0.000000000000000000, 0.000000000000000000 ) ) ;
#2303 = DIRECTION ( 'NONE',  ( 1.000000000000000000, 0.000000000000000000, 0.000000000000000000 ) ) ;
#2304 = CARTESIAN_POINT ( 'NONE',  ( -0.5280000000002720295, -2.506950374044799812, -2.441838184034740067 ) ) ;
#2305 = CARTESIAN_POINT ( 'NONE',  ( -2.000000000000000000, 2.386632298580400047, 5.132807035752089853 ) ) ;
#2306 = DIRECTION ( 'NONE',  ( 0.000000000000000000, 0.000000000000000000, -1.000000000000000000 ) ) ;
#2307 = CARTESIAN_POINT ( 'NONE',  ( 2.700000000000000622, -2.189746988851571263, 8.781579697442932542 ) ) ;
#2308 = ORIENTED_EDGE ( 'NONE', *, *, #1572, .F. ) ;
#2309 = VERTEX_POINT ( 'NONE', #2005 ) ;
#2310 = CARTESIAN_POINT ( 'NONE',  ( 0.2400000000004919587, -2.106950374044374463, -3.698122778897189988 ) ) ;
#2311 = VECTOR ( 'NONE', #3042, 1000.000000000000000 ) ;
#2312 = VECTOR ( 'NONE', #1872, 1000.000000000000114 ) ;
#2313 = VERTEX_POINT ( 'NONE', #96 ) ;
#2314 = DIRECTION ( 'NONE',  ( -1.000000000000000000, -0.000000000000000000, -0.000000000000000000 ) ) ;
#2315 = VECTOR ( 'NONE', #1202, 1000.000000000000000 ) ;
#2316 = AXIS2_PLACEMENT_3D ( 'NONE', #2610, #744, #791 ) ;
#2317 = EDGE_CURVE ( 'NONE', #2313, #1307, #1415, .T. ) ;
#2318 = EDGE_CURVE ( 'NONE', #2329, #1547, #441, .T. ) ;
#2319 = VECTOR ( 'NONE', #1628, 1000.000000000000000 ) ;
#2320 = AXIS2_PLACEMENT_3D ( 'NONE', #1328, #375, #2501 ) ;
#2321 = ORIENTED_EDGE ( 'NONE', *, *, #2392, .F. ) ;
#2322 = EDGE_CURVE ( 'NONE', #1582, #1523, #2111, .T. ) ;
#2323 = FACE_OUTER_BOUND ( 'NONE', #1822, .T. ) ;
#2324 = AXIS2_PLACEMENT_3D ( 'NONE', #1556, #1332, #2701 ) ;
#2325 = CARTESIAN_POINT ( 'NONE',  ( 2.000000000000000000, 2.318662170010689749, 9.648631048310480907 ) ) ;
#2326 = APPLICATION_PROTOCOL_DEFINITION ( 'draft international standard', 'automotive_design', 1998, #674 ) ;
#2327 = DIRECTION ( 'NONE',  ( 0.5223237148526603812, -0.4925690253477680858, 0.6960989097610097431 ) ) ;
#2328 = DIRECTION ( 'NONE',  ( -1.000000000000000000, -0.000000000000000000, -0.000000000000000000 ) ) ;
#2329 = VERTEX_POINT ( 'NONE', #2945 ) ;
#2330 = VERTEX_POINT ( 'NONE', #1083 ) ;
#2331 = FACE_OUTER_BOUND ( 'NONE', #722, .T. ) ;
#2332 = VERTEX_POINT ( 'NONE', #2500 ) ;
#2333 = CARTESIAN_POINT ( 'NONE',  ( 2.000000000000000000, -2.101411997443690005, 3.015941518713856961 ) ) ;
#2334 = VERTEX_POINT ( 'NONE', #1771 ) ;
#2335 = CARTESIAN_POINT ( 'NONE',  ( 2.900000000000005684, 0.8531684216959599665, 7.978048738110532945 ) ) ;
#2336 = EDGE_CURVE ( 'NONE', #2527, #2309, #346, .T. ) ;
#2337 = CARTESIAN_POINT ( 'NONE',  ( 2.700000000000000178, -2.166966284473390569, 7.181735383786030269 ) ) ;
#2338 = CARTESIAN_POINT ( 'NONE',  ( 2.500000000000000000, -2.189746988851569931, 8.781579697442930765 ) ) ;
#2339 = DIRECTION ( 'NONE',  ( 0.000000000000000000, 7.101848770614750867E-15, -1.000000000000000000 ) ) ;
#2340 = VERTEX_POINT ( 'NONE', #2022 ) ;
#2341 = ORIENTED_EDGE ( 'NONE', *, *, #2871, .T. ) ;
#2342 = CARTESIAN_POINT ( 'NONE',  ( 2.817157287525382525, 2.778353790090422937, 8.848118968001372764 ) ) ;
#2343 = PLANE ( 'NONE',  #1130 ) ;
#2344 =( BOUNDED_SURFACE ( )  B_SPLINE_SURFACE ( 3, 3, ( 
 ( #1085, #2023, #1828, #2753 ),
 ( #2534, #1584, #854, #640 ),
 ( #2740, #1553, #1598, #1815 ),
 ( #1571, #2521, #656, #2288 ) ),
 .UNSPECIFIED., .F., .F., .T. ) 
 B_SPLINE_SURFACE_WITH_KNOTS ( ( 4, 4 ),
 ( 4, 4 ),
 ( 0.000000000000000000, 1.000000000000000000 ),
 ( 0.000000000000000000, 1.000000000000000000 ),
 .UNSPECIFIED. ) 
 GEOMETRIC_REPRESENTATION_ITEM ( )  RATIONAL_B_SPLINE_SURFACE ( (
 ( 1.000000000000000000, 0.7992872080500633691, 0.7992872080500633691, 1.000000000000000000),
 ( 0.8047378541243670469, 0.6432166726352644970, 0.6432166726352644970, 0.8047378541243670469),
 ( 0.8047378541243670469, 0.6432166726352644970, 0.6432166726352644970, 0.8047378541243670469),
 ( 1.000000000000000000, 0.7992872080500633691, 0.7992872080500633691, 1.000000000000000000) ) ) 
 REPRESENTATION_ITEM ( '' )  SURFACE ( )  );
#2345 = ORIENTED_EDGE ( 'NONE', *, *, #2160, .T. ) ;
#2346 = PLANE ( 'NONE',  #3014 ) ;
#2347 = VERTEX_POINT ( 'NONE', #1976 ) ;
#2348 = CARTESIAN_POINT ( 'NONE',  ( 0.000000000000000000, 1.854076847109850101, 6.126799657709470104 ) ) ;
#2349 = CARTESIAN_POINT ( 'NONE',  ( 2.000000000000000000, 2.406950374042860386, 2.983123814582119948 ) ) ;
#2350 = CARTESIAN_POINT ( 'NONE',  ( 0.000000000000000000, -2.154865279386000143, 10.06731551639139965 ) ) ;
#2351 = EDGE_CURVE ( 'NONE', #1148, #34, #785, .T. ) ;
#2352 = EDGE_CURVE ( 'NONE', #2912, #1541, #2163, .T. ) ;
#2353 = PLANE ( 'NONE',  #2821 ) ;
#2354 = ORIENTED_EDGE ( 'NONE', *, *, #160, .F. ) ;
#2355 = FACE_OUTER_BOUND ( 'NONE', #1110, .T. ) ;
#2356 = FACE_OUTER_BOUND ( 'NONE', #955, .T. ) ;
#2357 = ORIENTED_EDGE ( 'NONE', *, *, #205, .T. ) ;
#2358 = DIRECTION ( 'NONE',  ( 0.000000000000000000, 0.000000000000000000, -1.000000000000000000 ) ) ;
#2359 = VECTOR ( 'NONE', #2460, 1000.000000000000000 ) ;
#2360 = VERTEX_POINT ( 'NONE', #1099 ) ;
#2361 = AXIS2_PLACEMENT_3D ( 'NONE', #3075, #939, #1880 ) ;
#2362 = CIRCLE ( 'NONE', #1618, 0.2000000000000000944 ) ;
#2363 = PLANE ( 'NONE',  #342 ) ;
#2364 = CARTESIAN_POINT ( 'NONE',  ( 0.6000000000000009770, -2.106950374042849905, 0.000000000000000000 ) ) ;
#2365 = VECTOR ( 'NONE', #1024, 1000.000000000000000 ) ;
#2366 = CIRCLE ( 'NONE', #1132, 1.000000000000000000 ) ;
#2367 = CARTESIAN_POINT ( 'NONE',  ( 2.500000000000000000, -2.378353790090419917, 8.848118968001369211 ) ) ;
#2368 = APPLICATION_PROTOCOL_DEFINITION ( 'draft international standard', 'automotive_design', 1998, #1885 ) ;
#2369 = AXIS2_PLACEMENT_3D ( 'NONE', #1066, #2710, #597 ) ;
#2370 = CARTESIAN_POINT ( 'NONE',  ( -2.000000000000000000, 0.4000000000000000222, 8.000000000000000000 ) ) ;
#2371 = DIRECTION ( 'NONE',  ( 0.000000000000000000, -0.4913561050383781215, 0.8709587694268393632 ) ) ;
#2372 = ORIENTED_EDGE ( 'NONE', *, *, #2659, .T. ) ;
#2373 = EDGE_CURVE ( 'NONE', #710, #1550, #2101, .T. ) ;
#2374 = CARTESIAN_POINT ( 'NONE',  ( 0.6000000000000009770, 2.506950374042855145, -2.000000000000000000 ) ) ;
#2375 = DIRECTION ( 'NONE',  ( 0.000000000000000000, 4.336808689942326181E-15, -1.000000000000000000 ) ) ;
#2376 = ADVANCED_FACE ( 'NONE', ( #866 ), #1740, .T. ) ;
#2377 = CARTESIAN_POINT ( 'NONE',  ( 2.000000000000000000, 2.406950374042860386, 2.983123814582119948 ) ) ;
#2378 = CARTESIAN_POINT ( 'NONE',  ( 2.500000000000000000, 1.770318771452939810, 7.981616090287829479 ) ) ;
#2379 = ORIENTED_EDGE ( 'NONE', *, *, #933, .F. ) ;
#2380 = CARTESIAN_POINT ( 'NONE',  ( 2.903033814340448160, -2.137688282016636077, 7.027276814329884935 ) ) ;
#2381 = DIRECTION ( 'NONE',  ( -1.000000000000000000, 0.000000000000000000, -0.000000000000000000 ) ) ;
#2382 = CARTESIAN_POINT ( 'NONE',  ( 2.000000000000000000, -1.454076847109851744, 6.126799657709468327 ) ) ;
#2383 = FACE_OUTER_BOUND ( 'NONE', #2745, .T. ) ;
#2384 = CARTESIAN_POINT ( 'NONE',  ( 2.747126555043926555, 2.688260793921123604, 8.963823674521409046 ) ) ;
#2385 = VERTEX_POINT ( 'NONE', #2113 ) ;
#2386 = FACE_OUTER_BOUND ( 'NONE', #1138, .T. ) ;
#2387 = DIRECTION ( 'NONE',  ( 1.000000000000000000, 0.000000000000000000, 0.000000000000000000 ) ) ;
#2388 = CARTESIAN_POINT ( 'NONE',  ( -0.6000000000000009770, 2.906950374042850171, -2.000000000000000000 ) ) ;
#2389 = ORIENTED_EDGE ( 'NONE', *, *, #2031, .T. ) ;
#2390 = DIRECTION ( 'NONE',  ( -1.000000000000000000, -0.000000000000000000, -0.000000000000000000 ) ) ;
#2391 = EDGE_CURVE ( 'NONE', #1434, #3051, #3072, .T. ) ;
#2392 = EDGE_CURVE ( 'NONE', #2248, #2096, #2069, .T. ) ;
#2393 = ORIENTED_EDGE ( 'NONE', *, *, #1587, .T. ) ;
#2394 = DIRECTION ( 'NONE',  ( 0.000000000000000000, 1.000000000000000000, -6.938893903907230350E-16 ) ) ;
#2395 = CARTESIAN_POINT ( 'NONE',  ( 2.000000000000000000, -0.009876157712706000111, 8.012535240600110242 ) ) ;
#2396 = VERTEX_POINT ( 'NONE', #2533 ) ;
#2397 = CYLINDRICAL_SURFACE ( 'NONE', #537, 0.1999999999999996503 ) ;
#2398 = CARTESIAN_POINT ( 'NONE',  ( 0.5280000000002820215, -2.506950374042689944, -2.441838184032779857 ) ) ;
#2399 = LINE ( 'NONE', #1174, #3070 ) ;
#2400 = ORIENTED_EDGE ( 'NONE', *, *, #848, .T. ) ;
#2401 = DIRECTION ( 'NONE',  ( 0.000000000000000000, 1.144917494144692682E-13, -1.000000000000000000 ) ) ;
#2402 = CARTESIAN_POINT ( 'NONE',  ( 2.900000000000000355, 1.785600755709186860, 8.781470115068088944 ) ) ;
#2403 = CARTESIAN_POINT ( 'NONE',  ( 0.6000000000000009770, 2.506950374042850260, -2.000000000000000000 ) ) ;
#2404 = ORIENTED_EDGE ( 'NONE', *, *, #2870, .F. ) ;
#2405 = DIRECTION ( 'NONE',  ( 0.000000000000000000, -1.665334536937729880E-16, -1.000000000000000000 ) ) ;
#2406 = AXIS2_PLACEMENT_3D ( 'NONE', #116, #1512, #1485 ) ;
#2407 = ORIENTED_EDGE ( 'NONE', *, *, #897, .T. ) ;
#2408 = EDGE_CURVE ( 'NONE', #2236, #3036, #2883, .T. ) ;
#2409 = DIRECTION ( 'NONE',  ( -1.000000000000000000, -0.000000000000000000, -0.000000000000000000 ) ) ;
#2410 = LINE ( 'NONE', #249, #2062 ) ;
#2411 = CIRCLE ( 'NONE', #2824, 0.1999999999999999833 ) ;
#2412 = ORIENTED_EDGE ( 'NONE', *, *, #521, .T. ) ;
#2413 = FACE_OUTER_BOUND ( 'NONE', #2457, .T. ) ;
#2414 = EDGE_CURVE ( 'NONE', #80, #1706, #590, .T. ) ;
#2415 = LINE ( 'NONE', #777, #1471 ) ;
#2416 = VECTOR ( 'NONE', #1046, 1000.000000000000000 ) ;
#2417 = DIRECTION ( 'NONE',  ( -1.000000000000000000, -0.000000000000000000, -0.000000000000000000 ) ) ;
#2418 =( GEOMETRIC_REPRESENTATION_CONTEXT ( 3 ) GLOBAL_UNCERTAINTY_ASSIGNED_CONTEXT ( ( #1981 ) ) GLOBAL_UNIT_ASSIGNED_CONTEXT ( ( #2039, #645, #1344 ) ) REPRESENTATION_CONTEXT ( 'NONE', 'WORKASPACE' ) );
#2419 = ORIENTED_EDGE ( 'NONE', *, *, #1067, .T. ) ;
#2420 = AXIS2_PLACEMENT_3D ( 'NONE', #2378, #293, #2456 ) ;
#2421 = LINE ( 'NONE', #960, #443 ) ;
#2422 = CARTESIAN_POINT ( 'NONE',  ( 2.900000000000005240, 1.240833660467797639, 8.909057085979615209 ) ) ;
#2423 = CARTESIAN_POINT ( 'NONE',  ( 2.786998782685756737, 2.537688282016643537, 6.941920056387501425 ) ) ;
#2424 = AXIS2_PLACEMENT_3D ( 'NONE', #2508, #902, #1557 ) ;
#2425 = ORIENTED_EDGE ( 'NONE', *, *, #467, .T. ) ;
#2426 = ORIENTED_EDGE ( 'NONE', *, *, #2392, .T. ) ;
#2427 = CARTESIAN_POINT ( 'NONE',  ( 2.899999999999998579, -0.4531684217738322640, 7.978048718088587954 ) ) ;
#2428 = DIRECTION ( 'NONE',  ( -0.000000000000000000, 0.8684709341734331289, 0.4957400896598180284 ) ) ;
#2429 = ORIENTED_EDGE ( 'NONE', *, *, #480, .T. ) ;
#2430 = CARTESIAN_POINT ( 'NONE',  ( 2.000000000000000000, -2.493049625957143522, 5.782411586589356653E-16 ) ) ;
#2431 = FACE_OUTER_BOUND ( 'NONE', #2029, .T. ) ;
#2432 = FACE_OUTER_BOUND ( 'NONE', #1061, .T. ) ;
#2433 = EDGE_CURVE ( 'NONE', #538, #228, #879, .T. ) ;
#2434 = CARTESIAN_POINT ( 'NONE',  ( 2.000000000000000000, 2.778353790090422493, 8.848118968001369211 ) ) ;
#2435 = DIRECTION ( 'NONE',  ( 1.000000000000000000, 0.000000000000000000, 0.000000000000000000 ) ) ;
#2436 = CARTESIAN_POINT ( 'NONE',  ( -0.1200000000002799938, 2.906950374043220542, -3.955777927880609557 ) ) ;
#2437 = ORIENTED_EDGE ( 'NONE', *, *, #2278, .F. ) ;
#2438 = FACE_OUTER_BOUND ( 'NONE', #1263, .T. ) ;
#2439 = ORIENTED_EDGE ( 'NONE', *, *, #1197, .T. ) ;
#2440 = DIRECTION ( 'NONE',  ( 0.000000000000000000, 0.000000000000000000, -1.000000000000000000 ) ) ;
#2441 = CARTESIAN_POINT ( 'NONE',  ( 2.000000000000000000, -2.300146472711220191, 6.981735383786030091 ) ) ;
#2442 =( BOUNDED_CURVE ( )  B_SPLINE_CURVE ( 3, ( #2676, #2956, #1245, #1026 ),
 .UNSPECIFIED., .F., .F. ) 
 B_SPLINE_CURVE_WITH_KNOTS ( ( 4, 4 ),
 ( 0.000000000000000000, 0.5000000000000000000 ),
 .UNSPECIFIED. ) 
 CURVE ( )  GEOMETRIC_REPRESENTATION_ITEM ( )  RATIONAL_B_SPLINE_CURVE ( ( 1.000000000000000000, 0.8015481189971318532, 0.8015481189971318532, 1.000000000000000000 ) ) 
 REPRESENTATION_ITEM ( '' )  );
#2443 = CARTESIAN_POINT ( 'NONE',  ( 2.700000000000000178, -1.370318771452939899, 7.981616090287829479 ) ) ;
#2444 = ORIENTED_EDGE ( 'NONE', *, *, #2336, .F. ) ;
#2445 = CARTESIAN_POINT ( 'NONE',  ( 2.700000000000000178, 1.770318771452939810, 7.981616090287829479 ) ) ;
#2446 = CARTESIAN_POINT ( 'NONE',  ( 2.804397331752659817, 1.786073171452671859, 7.003297505314078464 ) ) ;
#2447 = CARTESIAN_POINT ( 'NONE',  ( 2.000000000000000000, -1.918662170010698498, 9.648631048310484459 ) ) ;
#2448 = ORIENTED_EDGE ( 'NONE', *, *, #610, .F. ) ;
#2449 = DIRECTION ( 'NONE',  ( 0.000000000000000000, 0.000000000000000000, -1.000000000000000000 ) ) ;
#2450 = CARTESIAN_POINT ( 'NONE',  ( 2.000000000000000000, -1.461839066429381662, 9.652957669751179637 ) ) ;
#2451 = ADVANCED_FACE ( 'NONE', ( #207 ), #909, .T. ) ;
#2452 = EDGE_CURVE ( 'NONE', #2644, #2332, #2051, .T. ) ;
#2453 = CARTESIAN_POINT ( 'NONE',  ( 0.5280000000002820215, 2.506950374042690388, -2.441838184032779857 ) ) ;
#2454 = VERTEX_POINT ( 'NONE', #407 ) ;
#2455 = EDGE_CURVE ( 'NONE', #1805, #2330, #2510, .T. ) ;
#2456 = DIRECTION ( 'NONE',  ( 0.000000000000000000, 0.000000000000000000, -1.000000000000000000 ) ) ;
#2457 = EDGE_LOOP ( 'NONE', ( #2426, #1006, #2795, #592 ) ) ;
#2458 = CARTESIAN_POINT ( 'NONE',  ( 2.500000000000000000, -1.370318771452939899, 7.981616090287829479 ) ) ;
#2459 = ORIENTED_EDGE ( 'NONE', *, *, #257, .T. ) ;
#2460 = DIRECTION ( 'NONE',  ( 1.000000000000000000, -0.000000000000000000, 0.000000000000000000 ) ) ;
#2461 = CARTESIAN_POINT ( 'NONE',  ( -2.000000000000000000, -2.006950374042860030, 2.983123814582119948 ) ) ;
#2462 = CARTESIAN_POINT ( 'NONE',  ( 2.500000000000000000, -1.378850146803330068, 8.981579697442930055 ) ) ;
#2463 = AXIS2_PLACEMENT_3D ( 'NONE', #892, #3050, #1363 ) ;
#2464 = ORIENTED_EDGE ( 'NONE', *, *, #452, .T. ) ;
#2465 = CARTESIAN_POINT ( 'NONE',  ( 2.789511326763371990, -2.163489578860558815, 9.020309705205843187 ) ) ;
#2466 = AXIS2_PLACEMENT_3D ( 'NONE', #518, #2199, #768 ) ;
#2467 = CARTESIAN_POINT ( 'NONE',  ( 2.500000000000000000, 2.266146021551220358, 8.981579697442930055 ) ) ;
#2468 = VECTOR ( 'NONE', #2157, 1000.000000000000000 ) ;
#2469 = DIRECTION ( 'NONE',  ( 0.000000000000000000, 0.000000000000000000, -1.000000000000000000 ) ) ;
#2470 = EDGE_CURVE ( 'NONE', #1472, #357, #2301, .T. ) ;
#2471 = ORIENTED_EDGE ( 'NONE', *, *, #2815, .F. ) ;
#2472 = CYLINDRICAL_SURFACE ( 'NONE', #149, 1.000000000000000000 ) ;
#2473 = VECTOR ( 'NONE', #1115, 1000.000000000000114 ) ;
#2474 = EDGE_CURVE ( 'NONE', #2816, #607, #1843, .T. ) ;
#2475 = ORIENTED_EDGE ( 'NONE', *, *, #659, .T. ) ;
#2476 = VERTEX_POINT ( 'NONE', #2803 ) ;
#2477 = CARTESIAN_POINT ( 'NONE',  ( 0.6000000000000009770, -2.306950374042850083, -2.000000000000000000 ) ) ;
#2478 = CARTESIAN_POINT ( 'NONE',  ( 2.815982673900862210, -2.384366340456539834, 8.844151314730243740 ) ) ;
#2479 = CARTESIAN_POINT ( 'NONE',  ( 2.700000000000000178, 1.770318771452939810, 7.981616090287829479 ) ) ;
#2480 = CARTESIAN_POINT ( 'NONE',  ( 0.000000000000000000, 1.854076847109850101, 6.126799657709470104 ) ) ;
#2481 = DIRECTION ( 'NONE',  ( 0.5223237148526646001, 0.4925690253477721381, 0.6960989097610037479 ) ) ;
#2482 = CARTESIAN_POINT ( 'NONE',  ( 0.000000000000000000, -1.835157621338209921, 6.258895361867150342 ) ) ;
#2483 = DIRECTION ( 'NONE',  ( 0.000000000000000000, 0.000000000000000000, -1.000000000000000000 ) ) ;
#2484 = ORIENTED_EDGE ( 'NONE', *, *, #1311, .F. ) ;
#2485 = CARTESIAN_POINT ( 'NONE',  ( 2.000000000000000000, 2.577181570878810390, 8.981579697442930055 ) ) ;
#2486 = ORIENTED_EDGE ( 'NONE', *, *, #2972, .T. ) ;
#2487 = ADVANCED_FACE ( 'NONE', ( #2570 ), #2662, .T. ) ;
#2488 = ADVANCED_FACE ( 'NONE', ( #2323 ), #921, .T. ) ;
#2489 = ORIENTED_EDGE ( 'NONE', *, *, #2455, .T. ) ;
#2490 = CARTESIAN_POINT ( 'NONE',  ( 2.000000000000000000, -2.106950374042849905, 5.132807035752089853 ) ) ;
#2491 = LINE ( 'NONE', #2325, #2065 ) ;
#2492 = CARTESIAN_POINT ( 'NONE',  ( 2.200000000000000178, 2.906950374042855056, 9.039733168033167211E-17 ) ) ;
#2493 = CARTESIAN_POINT ( 'NONE',  ( -0.6000000000000009770, -2.506950374042850260, -2.000000000000000000 ) ) ;
#2494 = CARTESIAN_POINT ( 'NONE',  ( 2.700000000000000178, 2.286412259584590156, 8.781579697442930765 ) ) ;
#2495 = ORIENTED_EDGE ( 'NONE', *, *, #636, .F. ) ;
#2496 = CARTESIAN_POINT ( 'NONE',  ( -0.6000000000000010880, 2.906950374042849727, -2.000000000000000000 ) ) ;
#2497 = ORIENTED_EDGE ( 'NONE', *, *, #2186, .T. ) ;
#2498 = LINE ( 'NONE', #2002, #2716 ) ;
#2499 = ORIENTED_EDGE ( 'NONE', *, *, #222, .F. ) ;
#2500 = CARTESIAN_POINT ( 'NONE',  ( 0.6000000000000010880, 2.906950374042856833, 0.000000000000000000 ) ) ;
#2501 = DIRECTION ( 'NONE',  ( -1.000000000000000000, 0.000000000000000000, -0.000000000000000000 ) ) ;
#2502 = CIRCLE ( 'NONE', #86, 2.511550608801529361 ) ;
#2503 = ADVANCED_FACE ( 'NONE', ( #1370 ), #2966, .T. ) ;
#2504 = CYLINDRICAL_SURFACE ( 'NONE', #968, 0.4999999999999922284 ) ;
#2505 = DIRECTION ( 'NONE',  ( 0.000000000000000000, 1.802288556821790108E-16, 1.000000000000000000 ) ) ;
#2506 = LINE ( 'NONE', #2952, #1624 ) ;
#2507 = AXIS2_PLACEMENT_3D ( 'NONE', #2349, #2116, #232 ) ;
#2508 = CARTESIAN_POINT ( 'NONE',  ( 2.000000000000000000, 0.000000000000000000, 8.000000000000000000 ) ) ;
#2509 = ORIENTED_EDGE ( 'NONE', *, *, #754, .F. ) ;
#2510 = CIRCLE ( 'NONE', #536, 0.2000000000000000944 ) ;
#2511 = ORIENTED_EDGE ( 'NONE', *, *, #1012, .T. ) ;
#2512 = CIRCLE ( 'NONE', #1762, 0.09999999999999245603 ) ;
#2513 = CYLINDRICAL_SURFACE ( 'NONE', #2463, 0.5000000000000022204 ) ;
#2514 = CARTESIAN_POINT ( 'NONE',  ( 2.000000000000000000, 1.854076847109850101, 6.126799657709470104 ) ) ;
#2515 = CIRCLE ( 'NONE', #1661, 0.1999999999999999833 ) ;
#2516 = ORIENTED_EDGE ( 'NONE', *, *, #1682, .T. ) ;
#2517 = AXIS2_PLACEMENT_3D ( 'NONE', #183, #2081, #585 ) ;
#2518 = VECTOR ( 'NONE', #153, 1000.000000000000000 ) ;
#2519 = ORIENTED_EDGE ( 'NONE', *, *, #240, .F. ) ;
#2520 = DIRECTION ( 'NONE',  ( 0.5185577694022754924, -0.4839071401999904265, -0.7049338404815044257 ) ) ;
#2521 = CARTESIAN_POINT ( 'NONE',  ( 2.700000000000000178, -0.8008915762618111778, 6.965942990218278119 ) ) ;
#2522 = LINE ( 'NONE', #1554, #2108 ) ;
#2523 = FACE_OUTER_BOUND ( 'NONE', #1970, .T. ) ;
#2524 = DIRECTION ( 'NONE',  ( 0.000000000000000000, -0.2037249267427883870, 0.9790281682483120695 ) ) ;
#2525 = EDGE_CURVE ( 'NONE', #2298, #832, #1371, .T. ) ;
#2526 = LINE ( 'NONE', #1091, #742 ) ;
#2527 = VERTEX_POINT ( 'NONE', #2364 ) ;
#2528 = VERTEX_POINT ( 'NONE', #496 ) ;
#2529 = ORIENTED_EDGE ( 'NONE', *, *, #1856, .F. ) ;
#2530 = CARTESIAN_POINT ( 'NONE',  ( -2.970713952610280670E-16, 2.906950374044256158, -4.043989427158519945 ) ) ;
#2531 = ADVANCED_FACE ( 'NONE', ( #1643 ), #1942, .T. ) ;
#2532 = ORIENTED_EDGE ( 'NONE', *, *, #1729, .T. ) ;
#2533 = CARTESIAN_POINT ( 'NONE',  ( 2.500000000000000000, -1.370318771452939677, 8.981616090287831256 ) ) ;
#2534 = CARTESIAN_POINT ( 'NONE',  ( 2.899999999999999023, -1.394971807770785777, 7.064790197404549055 ) ) ;
#2535 = CARTESIAN_POINT ( 'NONE',  ( 2.000000000000000000, 1.974041097652470045, 6.565460162197278571 ) ) ;
#2536 = CARTESIAN_POINT ( 'NONE',  ( 2.500000000000000000, 2.589746988851569842, 8.981579697442931831 ) ) ;
#2537 = CARTESIAN_POINT ( 'NONE',  ( 0.6000000000000010880, 2.906950374042850171, 1.000000000000000000 ) ) ;
#2538 = DIRECTION ( 'NONE',  ( 1.000000000000000000, 0.000000000000000000, 0.000000000000000000 ) ) ;
#2539 = LINE ( 'NONE', #211, #796 ) ;
#2540 =( BOUNDED_SURFACE ( )  B_SPLINE_SURFACE ( 3, 3, ( 
 ( #2402, #1873, #287, #2170 ),
 ( #2830, #2422, #2214, #332 ),
 ( #2184, #1531, #2688, #102 ),
 ( #1243, #1746, #309, #1757 ) ),
 .UNSPECIFIED., .F., .F., .F. ) 
 B_SPLINE_SURFACE_WITH_KNOTS ( ( 4, 4 ),
 ( 4, 4 ),
 ( 0.000000000000000000, 1.000000000000000000 ),
 ( 0.000000000000000000, 1.000000000000000000 ),
 .UNSPECIFIED. ) 
 GEOMETRIC_REPRESENTATION_ITEM ( )  RATIONAL_B_SPLINE_SURFACE ( (
 ( 1.000000000000000000, 0.7992872649556672648, 0.7992872649556672648, 1.000000000000000000),
 ( 0.8047378541243547234, 0.6432167184293482443, 0.6432167184293482443, 0.8047378541243547234),
 ( 0.8047378541243547234, 0.6432167184293482443, 0.6432167184293482443, 0.8047378541243547234),
 ( 1.000000000000000000, 0.7992872649556672648, 0.7992872649556672648, 1.000000000000000000) ) ) 
 REPRESENTATION_ITEM ( '' )  SURFACE ( )  );
#2541 = ORIENTED_EDGE ( 'NONE', *, *, #2596, .T. ) ;
#2542 = VERTEX_POINT ( 'NONE', #1708 ) ;
#2543 = EDGE_CURVE ( 'NONE', #1041, #2589, #1764, .T. ) ;
#2544 = EDGE_CURVE ( 'NONE', #2528, #875, #2410, .T. ) ;
#2545 = ORIENTED_EDGE ( 'NONE', *, *, #1339, .F. ) ;
#2546 = EDGE_CURVE ( 'NONE', #545, #2786, #745, .T. ) ;
#2547 = CARTESIAN_POINT ( 'NONE',  ( 0.2400000000004919865, 2.906950374043836938, -3.698122778897189988 ) ) ;
#2548 = CARTESIAN_POINT ( 'NONE',  ( 2.000000000000000000, 2.889768704622325046, 3.113071725902197162 ) ) ;
#2549 = ORIENTED_EDGE ( 'NONE', *, *, #642, .F. ) ;
#2550 = CARTESIAN_POINT ( 'NONE',  ( 2.899999999999999911, 1.845872768983590095, 7.981616090287829479 ) ) ;
#2551 = CARTESIAN_POINT ( 'NONE',  ( 2.000000000000000000, 2.906950374042860386, 2.000000000000000000 ) ) ;
#2552 = FACE_OUTER_BOUND ( 'NONE', #1194, .T. ) ;
#2553 = FACE_OUTER_BOUND ( 'NONE', #155, .T. ) ;
#2554 = CARTESIAN_POINT ( 'NONE',  ( 2.878444815159362680, -1.385463922737311337, 7.077344685939005231 ) ) ;
#2555 = LINE ( 'NONE', #477, #2764 ) ;
#2556 = DIRECTION ( 'NONE',  ( 1.000000000000000000, 0.000000000000000000, 0.000000000000000000 ) ) ;
#2557 = ORIENTED_EDGE ( 'NONE', *, *, #429, .F. ) ;
#2558 = ORIENTED_EDGE ( 'NONE', *, *, #3029, .T. ) ;
#2559 = CARTESIAN_POINT ( 'NONE',  ( 0.5280000000002820215, -2.106950374044654684, -2.441838184032779413 ) ) ;
#2560 = AXIS2_PLACEMENT_3D ( 'NONE', #3055, #2789, #703 ) ;
#2561 = AXIS2_PLACEMENT_3D ( 'NONE', #1094, #1823, #2765 ) ;
#2562 = ORIENTED_EDGE ( 'NONE', *, *, #916, .T. ) ;
#2563 = CARTESIAN_POINT ( 'NONE',  ( 2.848629720328184511, 2.688260793921122271, 8.887659914433374553 ) ) ;
#2564 = AXIS2_PLACEMENT_3D ( 'NONE', #279, #1676, #542 ) ;
#2565 = AXIS2_PLACEMENT_3D ( 'NONE', #1973, #621, #358 ) ;
#2566 = EDGE_CURVE ( 'NONE', #1666, #2360, #2898, .T. ) ;
#2567 = VECTOR ( 'NONE', #1899, 1000.000000000000000 ) ;
#2568 = VECTOR ( 'NONE', #382, 1000.000000000000000 ) ;
#2569 = EDGE_LOOP ( 'NONE', ( #331, #1940, #1444, #2372 ) ) ;
#2570 = FACE_OUTER_BOUND ( 'NONE', #799, .T. ) ;
#2571 = CIRCLE ( 'NONE', #1281, 2.511550608801529361 ) ;
#2572 = DIRECTION ( 'NONE',  ( 0.000000000000000000, 0.000000000000000000, 1.000000000000000000 ) ) ;
#2573 = EDGE_CURVE ( 'NONE', #1492, #2736, #2213, .T. ) ;
#2574 = DIRECTION ( 'NONE',  ( -0.000000000000000000, -1.802288556821790108E-16, -1.000000000000000000 ) ) ;
#2575 = CARTESIAN_POINT ( 'NONE',  ( -2.000000000000000000, -1.835157621338209921, 6.258895361867150342 ) ) ;
#2576 = VERTEX_POINT ( 'NONE', #1214 ) ;
#2577 = EDGE_LOOP ( 'NONE', ( #276, #1954, #2763, #2121, #460 ) ) ;
#2578 = CARTESIAN_POINT ( 'NONE',  ( -0.6000000000000009770, -2.106950374042849905, 0.000000000000000000 ) ) ;
#2579 = CARTESIAN_POINT ( 'NONE',  ( 2.000000000000000000, 1.879465811317345025, 9.531891261312361863 ) ) ;
#2580 = ORIENTED_EDGE ( 'NONE', *, *, #2543, .F. ) ;
#2581 = DIRECTION ( 'NONE',  ( -1.000000000000000000, -0.000000000000000000, -0.000000000000000000 ) ) ;
#2582 = ORIENTED_EDGE ( 'NONE', *, *, #2947, .T. ) ;
#2583 = EDGE_CURVE ( 'NONE', #2313, #607, #43, .T. ) ;
#2584 = EDGE_CURVE ( 'NONE', #1352, #2340, #1912, .T. ) ;
#2585 = CARTESIAN_POINT ( 'NONE',  ( 2.817157287525385190, 0.7726465547977863224, 7.381208569294090971 ) ) ;
#2586 = PLANE ( 'NONE',  #1464 ) ;
#2587 = DIRECTION ( 'NONE',  ( 0.000000000000000000, -1.000000000000000000, 0.000000000000000000 ) ) ;
#2588 = DIRECTION ( 'NONE',  ( 0.000000000000000000, 0.000000000000000000, -1.000000000000000000 ) ) ;
#2589 = VERTEX_POINT ( 'NONE', #1478 ) ;
#2590 = CARTESIAN_POINT ( 'NONE',  ( 0.6000000000000009770, -2.506950374042850260, -2.000000000000000000 ) ) ;
#2591 = DIRECTION ( 'NONE',  ( -1.000000000000000000, -0.000000000000000000, -0.000000000000000000 ) ) ;
#2592 = ORIENTED_EDGE ( 'NONE', *, *, #1277, .T. ) ;
#2593 = CARTESIAN_POINT ( 'NONE',  ( 2.000000000000000000, -2.489768704622322915, 3.113071725902204712 ) ) ;
#2594 = ORIENTED_EDGE ( 'NONE', *, *, #1705, .F. ) ;
#2595 = DIRECTION ( 'NONE',  ( -0.000000000000000000, -0.3594123588082826504, -0.9331788447751407922 ) ) ;
#2596 = EDGE_CURVE ( 'NONE', #1434, #1702, #1927, .T. ) ;
#2597 = SURFACE_STYLE_FILL_AREA ( #219 ) ;
#2598 = FACE_OUTER_BOUND ( 'NONE', #2601, .T. ) ;
#2599 = CARTESIAN_POINT ( 'NONE',  ( 2.718308298310213811, 2.342729547521706035, 9.091202444396516924 ) ) ;
#2600 = EDGE_CURVE ( 'NONE', #2330, #1550, #760, .T. ) ;
#2601 = EDGE_LOOP ( 'NONE', ( #587, #1451, #1465, #1687 ) ) ;
#2602 = DIRECTION ( 'NONE',  ( 1.000000000000000000, -0.000000000000000000, 0.000000000000000000 ) ) ;
#2603 = CARTESIAN_POINT ( 'NONE',  ( 2.400000000000000355, 2.706950374042849994, 4.967123663406106414E-16 ) ) ;
#2604 = ORIENTED_EDGE ( 'NONE', *, *, #824, .F. ) ;
#2605 = CARTESIAN_POINT ( 'NONE',  ( 2.759959220973577043, -2.263747712513388688, 7.008563875994385128 ) ) ;
#2606 = AXIS2_PLACEMENT_3D ( 'NONE', #593, #2581, #1595 ) ;
#2607 = ORIENTED_EDGE ( 'NONE', *, *, #391, .T. ) ;
#2608 = VECTOR ( 'NONE', #1111, 1000.000000000000114 ) ;
#2609 = AXIS2_PLACEMENT_3D ( 'NONE', #2261, #151, #1090 ) ;
#2610 = CARTESIAN_POINT ( 'NONE',  ( 2.000000000000000000, -2.006950374042860030, 2.983123814582119948 ) ) ;
#2611 = LINE ( 'NONE', #2191, #639 ) ;
#2612 = CIRCLE ( 'NONE', #1327, 1.000000000000000000 ) ;
#2613 = CARTESIAN_POINT ( 'NONE',  ( -2.000000000000000000, -2.106950374042849905, 0.000000000000000000 ) ) ;
#2614 = AXIS2_PLACEMENT_3D ( 'NONE', #1747, #829, #869 ) ;
#2615 = CARTESIAN_POINT ( 'NONE',  ( 0.3600000000005659784, -2.506950374042430152, -3.283808552441100481 ) ) ;
#2616 = CARTESIAN_POINT ( 'NONE',  ( 2.804464742970532498, 2.688260793921122271, 8.920799479395132181 ) ) ;
#2617 = ORIENTED_EDGE ( 'NONE', *, *, #2297, .F. ) ;
#2618 = PLANE ( 'NONE',  #242 ) ;
#2619 = DIRECTION ( 'NONE',  ( 0.000000000000000000, 0.000000000000000000, -1.000000000000000000 ) ) ;
#2620 = EDGE_CURVE ( 'NONE', #2703, #2644, #2611, .T. ) ;
#2621 = EDGE_CURVE ( 'NONE', #1420, #2857, #264, .T. ) ;
#2622 = CARTESIAN_POINT ( 'NONE',  ( 2.754036583651835013, 2.410841784425723944, 6.881000370496376028 ) ) ;
#2623 = EDGE_LOOP ( 'NONE', ( #1508, #179, #683, #787, #505, #1840, #3001 ) ) ;
#2624 = CARTESIAN_POINT ( 'NONE',  ( 2.000000000000000000, -2.493049625957139970, 1.000000000000000000 ) ) ;
#2625 = ORIENTED_EDGE ( 'NONE', *, *, #966, .T. ) ;
#2626 = DIRECTION ( 'NONE',  ( 1.000000000000000000, 0.000000000000000000, 0.000000000000000000 ) ) ;
#2627 = CARTESIAN_POINT ( 'NONE',  ( 2.817157287525381637, -2.579429019469730910, 8.278167486668360553 ) ) ;
#2628 = ORIENTED_EDGE ( 'NONE', *, *, #1663, .T. ) ;
#2629 = CARTESIAN_POINT ( 'NONE',  ( 2.805831887185033846, 2.884309308348894429, 7.278383311982202564 ) ) ;
#2630 = PRODUCT_CONTEXT ( 'NONE', #1885, 'mechanical' ) ;
#2631 = CARTESIAN_POINT ( 'NONE',  ( 0.4560000000004669762, -2.506950374042550056, -2.837311437044750306 ) ) ;
#2632 = CARTESIAN_POINT ( 'NONE',  ( 2.804464742970532498, 2.688260793921123604, 8.920799479395133957 ) ) ;
#2633 = EDGE_LOOP ( 'NONE', ( #2980, #1137, #448, #1395 ) ) ;
#2634 = DIRECTION ( 'NONE',  ( 1.000000000000000000, 0.000000000000000000, 0.000000000000000000 ) ) ;
#2635 = CARTESIAN_POINT ( 'NONE',  ( 2.700000000000000178, -2.353602053428420326, 7.109852912024377858 ) ) ;
#2636 = CARTESIAN_POINT ( 'NONE',  ( 2.745694038053112962, 2.663747712513388599, 6.998070236718535675 ) ) ;
#2637 = EDGE_CURVE ( 'NONE', #3022, #343, #1200, .T. ) ;
#2638 = EDGE_CURVE ( 'NONE', #819, #2750, #792, .T. ) ;
#2639 = EDGE_LOOP ( 'NONE', ( #720, #635, #2058, #1888 ) ) ;
#2640 = LINE ( 'NONE', #770, #876 ) ;
#2641 = B_SPLINE_SURFACE_WITH_KNOTS ( 'NONE', 5, 1, ( 
 ( #2838, #2902 ),
 ( #63, #2666 ),
 ( #1697, #727 ),
 ( #513, #969 ),
 ( #1218, #28 ),
 ( #1895, #1660 ),
 ( #267, #1449 ),
 ( #1462, #2649 ),
 ( #1730, #2180 ),
 ( #1004, #763 ),
 ( #1019, #2615 ),
 ( #498, #2631 ),
 ( #1432, #2398 ),
 ( #1930, #1945 ),
 ( #2133, #528 ) ),
 .UNSPECIFIED., .F., .F., .F.,
 ( 6, 1, 1, 1, 1, 1, 1, 1, 1, 1, 6 ),
 ( 2, 2 ),
 ( -1.000000000000000000, -0.9000000000000000222, -0.8000000000000000444, -0.6999999999999999556, -0.5999999999999999778, -0.5000000000000000000, -0.4000000000000000222, -0.2999999999999999889, -0.2000000000000000111, -0.1000000000000000056, 0.000000000000000000 ),
 ( 0.000000000000000000, 0.04000000000000000083 ),
 .UNSPECIFIED. ) ;
#2642 = EDGE_CURVE ( 'NONE', #1122, #2159, #558, .T. ) ;
#2643 =( BOUNDED_SURFACE ( )  B_SPLINE_SURFACE ( 3, 3, ( 
 ( #9, #59, #2897, #773 ),
 ( #950, #723, #2380, #263 ),
 ( #1199, #633, #1987, #2204 ),
 ( #339, #2223, #863, #91 ) ),
 .UNSPECIFIED., .F., .F., .F. ) 
 B_SPLINE_SURFACE_WITH_KNOTS ( ( 4, 4 ),
 ( 4, 4 ),
 ( 0.000000000000000000, 1.000000000000000000 ),
 ( 0.000000000000000000, 1.000000000000000000 ),
 .UNSPECIFIED. ) 
 GEOMETRIC_REPRESENTATION_ITEM ( )  RATIONAL_B_SPLINE_SURFACE ( (
 ( 1.000000000000000000, 0.3333333333333290960, 0.3333333333333290960, 1.000000000000000000),
 ( 0.9132349005865874059, 0.3044116335288585828, 0.3044116335288585828, 0.9132349005865874059),
 ( 0.9132349005865874059, 0.3044116335288585828, 0.3044116335288585828, 0.9132349005865874059),
 ( 1.000000000000000000, 0.3333333333333290960, 0.3333333333333290960, 1.000000000000000000) ) ) 
 REPRESENTATION_ITEM ( '' )  SURFACE ( )  );
#2644 = VERTEX_POINT ( 'NONE', #1669 ) ;
#2645 = CARTESIAN_POINT ( 'NONE',  ( 2.700000000000000178, -2.189746988851569931, 8.981579697442930055 ) ) ;
#2646 = DIRECTION ( 'NONE',  ( 0.000000000000000000, -0.8684709341734331289, -0.4957400896598180284 ) ) ;
#2647 = ORIENTED_EDGE ( 'NONE', *, *, #1558, .F. ) ;
#2648 = CARTESIAN_POINT ( 'NONE',  ( 2.657957003514500816, 2.634865282865877401, 6.998372049218246183 ) ) ;
#2649 = CARTESIAN_POINT ( 'NONE',  ( -2.970713952610280670E-16, -2.506950374042829832, -4.043989427158519945 ) ) ;
#2650 = CARTESIAN_POINT ( 'NONE',  ( 2.000000000000000000, -2.506950374042856478, 1.445602896647339163E-16 ) ) ;
#2651 = VERTEX_POINT ( 'NONE', #2891 ) ;
#2652 = CARTESIAN_POINT ( 'NONE',  ( -0.6000000000000009770, -2.506950374042850260, 0.000000000000000000 ) ) ;
#2653 = CARTESIAN_POINT ( 'NONE',  ( 2.399999999999999911, 2.906950374042860386, 2.000000000000000000 ) ) ;
#2654 = CARTESIAN_POINT ( 'NONE',  ( 0.1200000000002799938, 2.906950374042540197, -3.955777927878620037 ) ) ;
#2655 = ORIENTED_EDGE ( 'NONE', *, *, #1247, .T. ) ;
#2656 = DIRECTION ( 'NONE',  ( 0.000000000000000000, -1.000000000000000000, -0.000000000000000000 ) ) ;
#2657 = AXIS2_PLACEMENT_3D ( 'NONE', #1055, #1995, #2949 ) ;
#2658 = ORIENTED_EDGE ( 'NONE', *, *, #1349, .F. ) ;
#2659 = EDGE_CURVE ( 'NONE', #2840, #228, #1275, .T. ) ;
#2660 = FACE_OUTER_BOUND ( 'NONE', #3007, .T. ) ;
#2661 = DIRECTION ( 'NONE',  ( -0.000000000000000000, 1.000000000000000000, 0.000000000000000000 ) ) ;
#2662 =( BOUNDED_SURFACE ( )  B_SPLINE_SURFACE ( 3, 3, ( 
 ( #231, #655, #1388, #1583 ),
 ( #2335, #1142, #420, #187 ),
 ( #1827, #2585, #433, #2787 ),
 ( #2097, #3054, #667, #1597 ) ),
 .UNSPECIFIED., .F., .F., .F. ) 
 B_SPLINE_SURFACE_WITH_KNOTS ( ( 4, 4 ),
 ( 4, 4 ),
 ( 0.000000000000000000, 1.000000000000000000 ),
 ( 0.000000000000000000, 1.000000000000000000 ),
 .UNSPECIFIED. ) 
 GEOMETRIC_REPRESENTATION_ITEM ( )  RATIONAL_B_SPLINE_SURFACE ( (
 ( 1.000000000000000000, 0.7992872649556677089, 0.7992872649556677089, 1.000000000000000000),
 ( 0.8047378541243541683, 0.6432167184293481332, 0.6432167184293481332, 0.8047378541243541683),
 ( 0.8047378541243541683, 0.6432167184293481332, 0.6432167184293481332, 0.8047378541243541683),
 ( 1.000000000000000000, 0.7992872649556677089, 0.7992872649556677089, 1.000000000000000000) ) ) 
 REPRESENTATION_ITEM ( '' )  SURFACE ( )  );
#2663 = AXIS2_PLACEMENT_3D ( 'NONE', #272, #2150, #975 ) ;
#2664 = ORIENTED_EDGE ( 'NONE', *, *, #1662, .F. ) ;
#2665 = VECTOR ( 'NONE', #2926, 1000.000000000000000 ) ;
#2666 = CARTESIAN_POINT ( 'NONE',  ( -0.5760000000000989884, -2.506950374043039886, -2.151695218389699793 ) ) ;
#2667 = CIRCLE ( 'NONE', #2269, 2.529673665926789994 ) ;
#2668 = CARTESIAN_POINT ( 'NONE',  ( 2.000000000000000000, 2.318662170010695522, 9.648631048310486236 ) ) ;
#2669 = VERTEX_POINT ( 'NONE', #288 ) ;
#2670 = VECTOR ( 'NONE', #2371, 1000.000000000000000 ) ;
#2671 = CARTESIAN_POINT ( 'NONE',  ( 2.678789475080382232, -2.270910197190043167, 8.976775487371428497 ) ) ;
#2672 = CARTESIAN_POINT ( 'NONE',  ( -0.6000000000000009770, -2.106950374042849905, -2.000000000000000000 ) ) ;
#2673 = CARTESIAN_POINT ( 'NONE',  ( 0.2400000000004919865, 2.506950374042409724, -3.698122778897189988 ) ) ;
#2674 = VECTOR ( 'NONE', #1646, 1000.000000000000000 ) ;
#2675 = ORIENTED_EDGE ( 'NONE', *, *, #701, .T. ) ;
#2676 = CARTESIAN_POINT ( 'NONE',  ( 2.899999999998891465, 1.784219759067359856, 7.181736872816009587 ) ) ;
#2677 = ORIENTED_EDGE ( 'NONE', *, *, #1894, .F. ) ;
#2678 = CARTESIAN_POINT ( 'NONE',  ( 2.000000000000000000, 2.506950374042860030, 2.000000000000000000 ) ) ;
#2679 = CARTESIAN_POINT ( 'NONE',  ( -0.6000000000000009770, 2.506950374042850260, -2.000000000000000000 ) ) ;
#2680 = ORIENTED_EDGE ( 'NONE', *, *, #454, .F. ) ;
#2681 = ADVANCED_FACE ( 'NONE', ( #2907 ), #317, .T. ) ;
#2682 = EDGE_CURVE ( 'NONE', #676, #2796, #1860, .T. ) ;
#2683 = CARTESIAN_POINT ( 'NONE',  ( 2.000000000000000000, 2.207472492326549851, 10.26561407150419925 ) ) ;
#2684 = CARTESIAN_POINT ( 'NONE',  ( 0.000000000000000000, 1.948934943372069961, 9.603822059247340448 ) ) ;
#2685 = FACE_OUTER_BOUND ( 'NONE', #182, .T. ) ;
#2686 = CARTESIAN_POINT ( 'NONE',  ( 2.000000000000000000, -2.166966284473390569, 7.181735383786030269 ) ) ;
#2687 = CARTESIAN_POINT ( 'NONE',  ( 2.700000000000000178, 1.770318771452940032, 8.981616090287831256 ) ) ;
#2688 = CARTESIAN_POINT ( 'NONE',  ( 2.817157287525385190, 0.7680061169600145288, 8.574244461018423635 ) ) ;
#2689 = CARTESIAN_POINT ( 'NONE',  ( 0.4560000000004669762, 2.906950374042549967, -2.837311437044750306 ) ) ;
#2690 = ORIENTED_EDGE ( 'NONE', *, *, #323, .F. ) ;
#2691 = ORIENTED_EDGE ( 'NONE', *, *, #6, .T. ) ;
#2692 = CYLINDRICAL_SURFACE ( 'NONE', #841, 1.000000000000000000 ) ;
#2693 = EDGE_LOOP ( 'NONE', ( #1877, #2562, #1824, #515 ) ) ;
#2694 = DIRECTION ( 'NONE',  ( 0.000000000000000000, 0.000000000000000000, 1.000000000000000000 ) ) ;
#2695 = CARTESIAN_POINT ( 'NONE',  ( 2.399999999999999911, 2.506950374042850260, 1.032867151468250083E-16 ) ) ;
#2696 = ADVANCED_FACE ( 'NONE', ( #70 ), #1695, .T. ) ;
#2697 = CARTESIAN_POINT ( 'NONE',  ( 2.500000000000000000, 1.770318771452939810, 7.981616090287829479 ) ) ;
#2698 = ORIENTED_EDGE ( 'NONE', *, *, #2544, .F. ) ;
#2699 = CARTESIAN_POINT ( 'NONE',  ( 2.992159318517849886, -1.942729547521701683, 8.885716011096183919 ) ) ;
#2700 = LINE ( 'NONE', #2672, #1719 ) ;
#2701 = DIRECTION ( 'NONE',  ( 0.000000000000000000, 0.000000000000000000, -1.000000000000000000 ) ) ;
#2702 = EDGE_CURVE ( 'NONE', #34, #1352, #924, .T. ) ;
#2703 = VERTEX_POINT ( 'NONE', #1922 ) ;
#2704 = DIRECTION ( 'NONE',  ( 0.5185577694022739381, -0.4839071401999909816, -0.7049338404815052028 ) ) ;
#2705 = ORIENTED_EDGE ( 'NONE', *, *, #2525, .F. ) ;
#2706 = ORIENTED_EDGE ( 'NONE', *, *, #2849, .F. ) ;
#2707 = LINE ( 'NONE', #2477, #1225 ) ;
#2708 = PRESENTATION_LAYER_ASSIGNMENT (  '', '', ( #1169 ) ) ;
#2709 = CARTESIAN_POINT ( 'NONE',  ( 0.000000000000000000, 1.974041097652471821, 6.565460162197278571 ) ) ;
#2710 = DIRECTION ( 'NONE',  ( 0.000000000000000000, -1.000000000000000000, 1.665334536937729880E-16 ) ) ;
#2711 = AXIS2_PLACEMENT_3D ( 'NONE', #520, #2139, #1939 ) ;
#2712 = CARTESIAN_POINT ( 'NONE',  ( 0.000000000000000000, -1.918662170010696721, 9.648631048310484459 ) ) ;
#2713 = DIRECTION ( 'NONE',  ( -0.000000000000000000, 1.000000000000000000, 0.000000000000000000 ) ) ;
#2714 = VECTOR ( 'NONE', #609, 1000.000000000000000 ) ;
#2715 = CARTESIAN_POINT ( 'NONE',  ( 2.700000000000000178, 1.770318771452939810, 7.981616090287829479 ) ) ;
#2716 = VECTOR ( 'NONE', #834, 1000.000000000000000 ) ;
#2717 = PLANE ( 'NONE',  #2614 ) ;
#2718 = AXIS2_PLACEMENT_3D ( 'NONE', #1650, #517, #1179 ) ;
#2719 = CIRCLE ( 'NONE', #1084, 0.2000000000000000944 ) ;
#2720 = VERTEX_POINT ( 'NONE', #2876 ) ;
#2721 = ORIENTED_EDGE ( 'NONE', *, *, #2760, .T. ) ;
#2722 = ADVANCED_FACE ( 'NONE', ( #1685 ), #2343, .T. ) ;
#2723 = EDGE_CURVE ( 'NONE', #1541, #2840, #1639, .T. ) ;
#2724 = CARTESIAN_POINT ( 'NONE',  ( 2.700000000000000178, -2.166966284473390569, 7.181735383786030269 ) ) ;
#2725 = VECTOR ( 'NONE', #439, 1000.000000000000000 ) ;
#2726 = ORIENTED_EDGE ( 'NONE', *, *, #2318, .F. ) ;
#2727 = ORIENTED_EDGE ( 'NONE', *, *, #753, .F. ) ;
#2728 = DIRECTION ( 'NONE',  ( -0.000000000000000000, -0.000000000000000000, 1.000000000000000000 ) ) ;
#2729 = DIRECTION ( 'NONE',  ( 0.000000000000000000, 0.000000000000000000, -1.000000000000000000 ) ) ;
#2730 = DIRECTION ( 'NONE',  ( -1.000000000000000000, -0.000000000000000000, -0.000000000000000000 ) ) ;
#2731 = DIRECTION ( 'NONE',  ( -0.000000000000000000, 0.4913561050383781215, -0.8709587694268393632 ) ) ;
#2732 = DIRECTION ( 'NONE',  ( 0.000000000000000000, -0.9999924355740376081, -0.003889575131577754918 ) ) ;
#2733 = CYLINDRICAL_SURFACE ( 'NONE', #2609, 1.000000000000000000 ) ;
#2734 = ORIENTED_EDGE ( 'NONE', *, *, #2474, .T. ) ;
#2735 = DIRECTION ( 'NONE',  ( -1.000000000000000000, 0.000000000000000000, 0.000000000000000000 ) ) ;
#2736 = VERTEX_POINT ( 'NONE', #696 ) ;
#2737 = EDGE_CURVE ( 'NONE', #1161, #1500, #484, .T. ) ;
#2738 = ORIENTED_EDGE ( 'NONE', *, *, #1353, .F. ) ;
#2739 = LINE ( 'NONE', #2709, #835 ) ;
#2740 = CARTESIAN_POINT ( 'NONE',  ( 2.817157287525380305, -1.397198606191388137, 6.981977418324588847 ) ) ;
#2741 = CARTESIAN_POINT ( 'NONE',  ( 2.700000000000000178, 2.589746988851569842, 8.781579697442930765 ) ) ;
#2742 = CARTESIAN_POINT ( 'NONE',  ( -0.3600000000005569856, -2.506950374045230134, -3.283808552445110163 ) ) ;
#2743 = DIRECTION ( 'NONE',  ( 0.000000000000000000, 0.000000000000000000, -1.000000000000000000 ) ) ;
#2744 = CARTESIAN_POINT ( 'NONE',  ( 2.000000000000000000, -2.106950374042850349, 2.000000000000000000 ) ) ;
#2745 = EDGE_LOOP ( 'NONE', ( #168, #693, #651, #2286 ) ) ;
#2746 = VERTEX_POINT ( 'NONE', #2635 ) ;
#2747 = FACE_OUTER_BOUND ( 'NONE', #2801, .T. ) ;
#2748 = DIRECTION ( 'NONE',  ( 1.000000000000000000, 0.000000000000000000, 0.000000000000000000 ) ) ;
#2749 = ORIENTED_EDGE ( 'NONE', *, *, #1890, .T. ) ;
#2750 = VERTEX_POINT ( 'NONE', #271 ) ;
#2751 = ADVANCED_FACE ( 'NONE', ( #473 ), #227, .T. ) ;
#2752 = CARTESIAN_POINT ( 'NONE',  ( 2.804464742970532498, -2.288260793921131242, 8.920799479395128628 ) ) ;
#2753 = CARTESIAN_POINT ( 'NONE',  ( 2.900000000000000355, -0.5703248230616375647, 7.978504412718244510 ) ) ;
#2754 = DIRECTION ( 'NONE',  ( -1.000000000000000000, -0.000000000000000000, -0.000000000000000000 ) ) ;
#2755 = CARTESIAN_POINT ( 'NONE',  ( 0.1200000000002799938, -2.506950374043989793, -3.955777927878620037 ) ) ;
#2756 = DIRECTION ( 'NONE',  ( 0.000000000000000000, -1.000000000000000000, -0.000000000000000000 ) ) ;
#2757 = CARTESIAN_POINT ( 'NONE',  ( 2.700000000000000178, -2.189746988851569931, 8.781579697442930765 ) ) ;
#2758 = VECTOR ( 'NONE', #483, 1000.000000000000000 ) ;
#2759 = DIRECTION ( 'NONE',  ( 0.000000000000000000, 0.000000000000000000, -1.000000000000000000 ) ) ;
#2760 = EDGE_CURVE ( 'NONE', #2043, #1666, #2875, .T. ) ;
#2761 = ORIENTED_EDGE ( 'NONE', *, *, #2870, .T. ) ;
#2762 = AXIS2_PLACEMENT_3D ( 'NONE', #2684, #2886, #1189 ) ;
#2763 = ORIENTED_EDGE ( 'NONE', *, *, #1293, .T. ) ;
#2764 = VECTOR ( 'NONE', #1411, 1000.000000000000000 ) ;
#2765 = DIRECTION ( 'NONE',  ( 0.000000000000000000, 0.000000000000000000, 1.000000000000000000 ) ) ;
#2766 = CIRCLE ( 'NONE', #1917, 0.4999999999999922284 ) ;
#2767 = VECTOR ( 'NONE', #563, 1000.000000000000000 ) ;
#2768 = ORIENTED_EDGE ( 'NONE', *, *, #2600, .F. ) ;
#2769 = CARTESIAN_POINT ( 'NONE',  ( 2.887741902192990207, 2.657981699003840070, 8.791428681725241390 ) ) ;
#2770 = CIRCLE ( 'NONE', #1425, 2.129673665926790527 ) ;
#2771 = VERTEX_POINT ( 'NONE', #2603 ) ;
#2772 = CARTESIAN_POINT ( 'NONE',  ( 2.000000000000000000, -1.835157621338209921, 6.258895361867150342 ) ) ;
#2773 = FACE_OUTER_BOUND ( 'NONE', #1361, .T. ) ;
#2774 = EDGE_CURVE ( 'NONE', #108, #991, #2766, .T. ) ;
#2775 = EDGE_CURVE ( 'NONE', #1924, #1368, #2137, .T. ) ;
#2776 = LINE ( 'NONE', #1113, #1220 ) ;
#2777 = DIRECTION ( 'NONE',  ( 0.000000000000000000, 0.000000000000000000, -1.000000000000000000 ) ) ;
#2778 = LINE ( 'NONE', #3032, #599 ) ;
#2779 = CARTESIAN_POINT ( 'NONE',  ( -0.6000000000000009770, -2.106950374042849905, -2.000000000000000000 ) ) ;
#2780 = CARTESIAN_POINT ( 'NONE',  ( -0.6000000000000009770, 2.506950374042850260, -2.000000000000000000 ) ) ;
#2781 = ADVANCED_FACE ( 'NONE', ( #53 ), #1224, .T. ) ;
#2782 = ORIENTED_EDGE ( 'NONE', *, *, #2723, .F. ) ;
#2783 = FACE_OUTER_BOUND ( 'NONE', #2993, .T. ) ;
#2784 = ORIENTED_EDGE ( 'NONE', *, *, #2317, .F. ) ;
#2785 = CARTESIAN_POINT ( 'NONE',  ( -0.3600000000005569856, 2.906950374045206953, -3.283808552445119933 ) ) ;
#2786 = VERTEX_POINT ( 'NONE', #2579 ) ;
#2787 = CARTESIAN_POINT ( 'NONE',  ( 2.817157287525385190, 1.797198345753352910, 6.981977411321559579 ) ) ;
#2788 = DIRECTION ( 'NONE',  ( 0.000000000000000000, 0.000000000000000000, -1.000000000000000000 ) ) ;
#2789 = DIRECTION ( 'NONE',  ( 0.000000000000000000, 1.000000000000000000, 0.000000000000000000 ) ) ;
#2790 = DIRECTION ( 'NONE',  ( 1.000000000000000000, 0.000000000000000000, -0.000000000000000000 ) ) ;
#2791 = ADVANCED_FACE ( 'NONE', ( #2356 ), #943, .T. ) ;
#2792 = FACE_OUTER_BOUND ( 'NONE', #1517, .T. ) ;
#2793 = CARTESIAN_POINT ( 'NONE',  ( 2.000000000000000000, -2.106950374042850349, 0.000000000000000000 ) ) ;
#2794 = CARTESIAN_POINT ( 'NONE',  ( -2.000000000000000000, 2.235157621338213385, 6.258895361867145901 ) ) ;
#2795 = ORIENTED_EDGE ( 'NONE', *, *, #356, .T. ) ;
#2796 = VERTEX_POINT ( 'NONE', #3061 ) ;
#2797 = CARTESIAN_POINT ( 'NONE',  ( 0.5760000000001028742, -2.106950374044764374, -2.151695218388979924 ) ) ;
#2798 = EDGE_CURVE ( 'NONE', #2107, #1426, #394, .T. ) ;
#2799 = ORIENTED_EDGE ( 'NONE', *, *, #2566, .F. ) ;
#2800 = DIRECTION ( 'NONE',  ( 0.000000000000000000, 1.084202172485501594E-14, -1.000000000000000000 ) ) ;
#2801 = EDGE_LOOP ( 'NONE', ( #1811, #2264, #1674, #2222 ) ) ;
#2802 = B_SPLINE_CURVE_WITH_KNOTS ( 'NONE', 5,
 ( #3015, #1835, #1116, #398, #1603, #648, #888, #3047, #661, #1346, #871, #858, #1847, #628, #2780 ),
 .UNSPECIFIED., .F., .F.,
 ( 6, 1, 1, 1, 1, 1, 1, 1, 1, 1, 6 ),
 ( 0.000000000000000000, 0.0004279161281921846512, 0.0008558322563843693024, 0.001283748384576553899, 0.001711664512768738605, 0.002139580640960923093, 0.002567496769153107799, 0.002995412897345292071, 0.003423329025537477210, 0.003851245153729661481, 0.004279161281921846187 ),
 .UNSPECIFIED. ) ;
#2803 = CARTESIAN_POINT ( 'NONE',  ( 2.000000000000000000, -2.106950374042849905, 2.983123814582119948 ) ) ;
#2804 = DIRECTION ( 'NONE',  ( -0.000000000000000000, -1.000000000000000000, -0.000000000000000000 ) ) ;
#2805 = AXIS2_PLACEMENT_3D ( 'NONE', #1713, #2167, #765 ) ;
#2806 = CARTESIAN_POINT ( 'NONE',  ( 2.200000000000000178, 2.906950374042850171, 1.000000000000000000 ) ) ;
#2807 = CARTESIAN_POINT ( 'NONE',  ( 2.500000000000000000, 1.770318771452939810, 7.981616090287829479 ) ) ;
#2808 = ORIENTED_EDGE ( 'NONE', *, *, #1212, .T. ) ;
#2809 = ORIENTED_EDGE ( 'NONE', *, *, #181, .F. ) ;
#2810 = CARTESIAN_POINT ( 'NONE',  ( 2.700000000000000178, 2.778353790090422937, 8.848118968001372764 ) ) ;
#2811 = DIRECTION ( 'NONE',  ( -1.000000000000000000, -0.000000000000000000, -0.000000000000000000 ) ) ;
#2812 = AXIS2_PLACEMENT_3D ( 'NONE', #2305, #1378, #192 ) ;
#2813 = AXIS2_PLACEMENT_3D ( 'NONE', #2874, #2829, #237 ) ;
#2814 = EDGE_CURVE ( 'NONE', #2360, #1755, #1684, .T. ) ;
#2815 = EDGE_CURVE ( 'NONE', #2750, #2253, #2865, .T. ) ;
#2816 = VERTEX_POINT ( 'NONE', #256 ) ;
#2817 = CARTESIAN_POINT ( 'NONE',  ( 2.571677640927697350, 2.909066849754120110, 8.850918921562142216 ) ) ;
#2818 = AXIS2_PLACEMENT_3D ( 'NONE', #1309, #329, #840 ) ;
#2819 = VECTOR ( 'NONE', #1184, 1000.000000000000000 ) ;
#2820 = CIRCLE ( 'NONE', #739, 0.1000000000000028644 ) ;
#2821 = AXIS2_PLACEMENT_3D ( 'NONE', #306, #330, #1741 ) ;
#2822 = ORIENTED_EDGE ( 'NONE', *, *, #3046, .F. ) ;
#2823 = DIRECTION ( 'NONE',  ( 0.000000000000000000, 0.000000000000000000, -1.000000000000000000 ) ) ;
#2824 = AXIS2_PLACEMENT_3D ( 'NONE', #412, #1135, #1623 ) ;
#2825 = DIRECTION ( 'NONE',  ( 1.000000000000000000, 0.000000000000000000, 0.000000000000000000 ) ) ;
#2826 = PLANE ( 'NONE',  #158 ) ;
#2827 = CARTESIAN_POINT ( 'NONE',  ( -2.000000000000000000, -1.461839066429380107, 9.652957669751179637 ) ) ;
#2828 = ORIENTED_EDGE ( 'NONE', *, *, #88, .T. ) ;
#2829 = DIRECTION ( 'NONE',  ( 1.000000000000000000, 0.000000000000000000, 0.000000000000000000 ) ) ;
#2830 = CARTESIAN_POINT ( 'NONE',  ( 2.900000000000005684, 1.787838750488520478, 8.898606025017485877 ) ) ;
#2831 = VERTEX_POINT ( 'NONE', #1884 ) ;
#2832 = CARTESIAN_POINT ( 'NONE',  ( 2.899999999998885691, -1.384219987075365532, 7.181735682312402780 ) ) ;
#2833 = ADVANCED_FACE ( 'NONE', ( #1193 ), #1436, .T. ) ;
#2834 = VERTEX_POINT ( 'NONE', #1206 ) ;
#2835 = ADVANCED_FACE ( 'NONE', ( #1921 ), #2540, .T. ) ;
#2836 = CARTESIAN_POINT ( 'NONE',  ( 0.000000000000000000, -1.479465811317340229, 9.531891261312361863 ) ) ;
#2837 = DIRECTION ( 'NONE',  ( 0.000000000000000000, -1.000000000000000000, 1.802288556821789369E-16 ) ) ;
#2838 = CARTESIAN_POINT ( 'NONE',  ( -0.6000000000000009770, -2.106950374042849905, -2.000000000000000000 ) ) ;
#2839 = CARTESIAN_POINT ( 'NONE',  ( 2.972642175625073602, 2.437470170407926684, 8.921465951386110760 ) ) ;
#2840 = VERTEX_POINT ( 'NONE', #2937 ) ;
#2841 = CARTESIAN_POINT ( 'NONE',  ( 2.000000000000000000, -1.870467079290269563, 6.981735383786030091 ) ) ;
#2842 = DIRECTION ( 'NONE',  ( 0.000000000000000000, 0.000000000000000000, -1.000000000000000000 ) ) ;
#2843 = ORIENTED_EDGE ( 'NONE', *, *, #620, .T. ) ;
#2844 = CARTESIAN_POINT ( 'NONE',  ( 2.400000000000000355, 2.706950374042849994, 2.000000000000000000 ) ) ;
#2845 = CARTESIAN_POINT ( 'NONE',  ( 0.000000000000000000, -2.106950374042849905, 0.000000000000000000 ) ) ;
#2846 = ORIENTED_EDGE ( 'NONE', *, *, #1812, .F. ) ;
#2847 = CARTESIAN_POINT ( 'NONE',  ( 2.899999999999999911, -0.9084698394553625267, 8.790586141500114081 ) ) ;
#2848 = DIRECTION ( 'NONE',  ( -1.000000000000000000, -0.000000000000000000, -0.000000000000000000 ) ) ;
#2849 = EDGE_CURVE ( 'NONE', #817, #1596, #67, .T. ) ;
#2850 = ADVANCED_FACE ( 'NONE', ( #1716 ), #2906, .T. ) ;
#2851 = CARTESIAN_POINT ( 'NONE',  ( 2.700000000000000178, 1.785764572353550239, 6.981735383786029203 ) ) ;
#2852 = CARTESIAN_POINT ( 'NONE',  ( 2.893342617305171061, 2.670910197190042190, 8.815783719235144034 ) ) ;
#2853 = ORIENTED_EDGE ( 'NONE', *, *, #1068, .T. ) ;
#2854 = DIRECTION ( 'NONE',  ( -0.000000000000000000, 0.000000000000000000, -1.000000000000000000 ) ) ;
#2855 = CARTESIAN_POINT ( 'NONE',  ( 2.000000000000000000, -0.009876157712706000111, 8.012535240600110242 ) ) ;
#2856 = AXIS2_PLACEMENT_3D ( 'NONE', #2686, #349, #1286 ) ;
#2857 = VERTEX_POINT ( 'NONE', #1502 ) ;
#2858 = CYLINDRICAL_SURFACE ( 'NONE', #833, 2.511550608801529361 ) ;
#2859 = CIRCLE ( 'NONE', #1657, 2.111517552952840049 ) ;
#2860 = VERTEX_POINT ( 'NONE', #601 ) ;
#2861 = VECTOR ( 'NONE', #2728, 1000.000000000000000 ) ;
#2862 = CIRCLE ( 'NONE', #1081, 2.111517552952840049 ) ;
#2863 = CARTESIAN_POINT ( 'NONE',  ( 0.000000000000000000, 0.000000000000000000, 8.000000000000000000 ) ) ;
#2864 = CARTESIAN_POINT ( 'NONE',  ( 2.700000000000000622, -2.570823919200648344, 7.673848124747035371 ) ) ;
#2865 = CIRCLE ( 'NONE', #3067, 2.111517552952840049 ) ;
#2866 = CIRCLE ( 'NONE', #45, 1.000000000000000000 ) ;
#2867 = ORIENTED_EDGE ( 'NONE', *, *, #547, .F. ) ;
#2868 = CARTESIAN_POINT ( 'NONE',  ( 0.000000000000000000, -1.461839066429382328, 9.652957669751177860 ) ) ;
#2869 = CARTESIAN_POINT ( 'NONE',  ( 0.000000000000000000, -2.006950374042860030, 2.983123814582119948 ) ) ;
#2870 = EDGE_CURVE ( 'NONE', #2816, #18, #1468, .T. ) ;
#2871 = EDGE_CURVE ( 'NONE', #1304, #1755, #814, .T. ) ;
#2872 = CARTESIAN_POINT ( 'NONE',  ( 2.758089033400283441, 2.437470170407928904, 9.082457719522395223 ) ) ;
#2873 = EDGE_LOOP ( 'NONE', ( #2726, #691, #837, #406, #1613, #1381 ) ) ;
#2874 = CARTESIAN_POINT ( 'NONE',  ( 2.500000000000000000, -1.445872768983590184, 7.981616090287829479 ) ) ;
#2875 = LINE ( 'NONE', #1404, #2319 ) ;
#2876 = CARTESIAN_POINT ( 'NONE',  ( -0.6000000000000009770, -2.506950374042850260, 9.251858538542966651E-17 ) ) ;
#2877 = ADVANCED_FACE ( 'NONE', ( #2232 ), #1043, .T. ) ;
#2878 = EDGE_LOOP ( 'NONE', ( #1871, #1802, #2867, #1956, #289, #948, #2200, #1380, #94, #632, #1013, #1027, #1362, #30 ) ) ;
#2879 = CARTESIAN_POINT ( 'NONE',  ( 2.803711553880457341, -2.263747712513388688, 7.040748615689730094 ) ) ;
#2880 = ORIENTED_EDGE ( 'NONE', *, *, #416, .T. ) ;
#2881 = DIRECTION ( 'NONE',  ( -0.000000000000000000, 1.000000000000000000, 0.000000000000000000 ) ) ;
#2882 = DIRECTION ( 'NONE',  ( 0.000000000000000000, 0.000000000000000000, -1.000000000000000000 ) ) ;
#2883 =( BOUNDED_CURVE ( )  B_SPLINE_CURVE ( 3, ( #713, #1125, #938, #3008 ),
 .UNSPECIFIED., .F., .F. ) 
 B_SPLINE_CURVE_WITH_KNOTS ( ( 4, 4 ),
 ( 0.000000000000000000, 0.4999999591126899068 ),
 .UNSPECIFIED. ) 
 CURVE ( )  GEOMETRIC_REPRESENTATION_ITEM ( )  RATIONAL_B_SPLINE_CURVE ( ( 1.000000000000000000, 0.8015481241772226539, 0.8015481241772226539, 1.000000000000000000 ) ) 
 REPRESENTATION_ITEM ( '' )  );
#2884 = VERTEX_POINT ( 'NONE', #2450 ) ;
#2885 = CARTESIAN_POINT ( 'NONE',  ( 2.847463886787336307, 2.663747712513387711, 7.072933355385074172 ) ) ;
#2886 = DIRECTION ( 'NONE',  ( 1.000000000000000000, 0.000000000000000000, 0.000000000000000000 ) ) ;
#2887 = DIRECTION ( 'NONE',  ( -1.000000000000000000, -0.000000000000000000, -0.000000000000000000 ) ) ;
#2888 = ORIENTED_EDGE ( 'NONE', *, *, #1293, .F. ) ;
#2889 = FACE_OUTER_BOUND ( 'NONE', #465, .T. ) ;
#2890 = LINE ( 'NONE', #1487, #644 ) ;
#2891 = CARTESIAN_POINT ( 'NONE',  ( 2.500000000000000000, 1.770318771452939810, 6.981616090287829479 ) ) ;
#2892 = ORIENTED_EDGE ( 'NONE', *, *, #2470, .T. ) ;
#2893 = EDGE_CURVE ( 'NONE', #1016, #831, #2700, .T. ) ;
#2894 = CARTESIAN_POINT ( 'NONE',  ( 2.899999999999896438, 1.777997008394761158, 8.781579606433577823 ) ) ;
#2895 = PRODUCT ( '52100001009', '52100001009', '', ( #2630 ) ) ;
#2896 = ORIENTED_EDGE ( 'NONE', *, *, #2948, .F. ) ;
#2897 = CARTESIAN_POINT ( 'NONE',  ( 2.803711553880456453, -2.263747712513386912, 7.040748615689725654 ) ) ;
#2898 = LINE ( 'NONE', #10, #1522 ) ;
#2899 = EDGE_CURVE ( 'NONE', #2831, #2334, #118, .T. ) ;
#2900 = ORIENTED_EDGE ( 'NONE', *, *, #27, .F. ) ;
#2901 = LINE ( 'NONE', #2004, #1413 ) ;
#2902 = CARTESIAN_POINT ( 'NONE',  ( -0.6000000000000009770, -2.506950374042850260, -2.000000000000000000 ) ) ;
#2903 = CARTESIAN_POINT ( 'NONE',  ( 2.000000000000000000, 0.3901238422872940204, 8.012535240600110242 ) ) ;
#2904 = ORIENTED_EDGE ( 'NONE', *, *, #1558, .T. ) ;
#2905 = CARTESIAN_POINT ( 'NONE',  ( 2.804464742970534274, -2.288260793921122804, 8.920799479395135734 ) ) ;
#2906 = PLANE ( 'NONE',  #1419 ) ;
#2907 = FACE_OUTER_BOUND ( 'NONE', #1221, .T. ) ;
#2908 = VERTEX_POINT ( 'NONE', #1257 ) ;
#2909 = EDGE_CURVE ( 'NONE', #649, #2669, #1997, .T. ) ;
#2910 = ADVANCED_FACE ( 'NONE', ( #1949 ), #1269, .T. ) ;
#2911 = COLOUR_RGB ( '',0.6274509803921568540, 0.6274509803921568540, 0.6274509803921568540 ) ;
#2912 = VERTEX_POINT ( 'NONE', #1057 ) ;
#2913 = CARTESIAN_POINT ( 'NONE',  ( 2.500000000000000000, -0.009876157712706000111, 8.012535240600110242 ) ) ;
#2914 = CARTESIAN_POINT ( 'NONE',  ( 0.000000000000000000, -1.807472492326549940, 10.26561407150419925 ) ) ;
#2915 = VECTOR ( 'NONE', #896, 1000.000000000000227 ) ;
#2916 = VECTOR ( 'NONE', #2634, 1000.000000000000000 ) ;
#2917 = ORIENTED_EDGE ( 'NONE', *, *, #1879, .T. ) ;
#2918 = CARTESIAN_POINT ( 'NONE',  ( 0.6000000000000009770, 2.906950374042850171, -2.000000000000000000 ) ) ;
#2919 = AXIS2_PLACEMENT_3D ( 'NONE', #1301, #802, #1980 ) ;
#2920 = CYLINDRICAL_SURFACE ( 'NONE', #2762, 0.09999999999999766020 ) ;
#2921 = AXIS2_PLACEMENT_3D ( 'NONE', #2724, #2267, #2991 ) ;
#2922 = CARTESIAN_POINT ( 'NONE',  ( 2.899999999999896438, 1.777997008394761158, 8.781579606433577823 ) ) ;
#2923 = ORIENTED_EDGE ( 'NONE', *, *, #864, .F. ) ;
#2924 = AXIS2_PLACEMENT_3D ( 'NONE', #728, #2887, #2339 ) ;
#2925 = CARTESIAN_POINT ( 'NONE',  ( 2.700000000000000178, -1.378850146803329846, 8.981579697442930055 ) ) ;
#2926 = DIRECTION ( 'NONE',  ( -1.000000000000000000, -0.000000000000000000, 0.000000000000000000 ) ) ;
#2927 = CARTESIAN_POINT ( 'NONE',  ( -0.5760000000000989884, 2.906950374043040242, -2.151695218389699793 ) ) ;
#2928 = ORIENTED_EDGE ( 'NONE', *, *, #903, .T. ) ;
#2929 = VERTEX_POINT ( 'NONE', #781 ) ;
#2930 = EDGE_CURVE ( 'NONE', #2454, #859, #1279, .T. ) ;
#2931 = ORIENTED_EDGE ( 'NONE', *, *, #1498, .F. ) ;
#2932 = CARTESIAN_POINT ( 'NONE',  ( 2.803711553880455121, 2.663747712513389487, 7.040748615689730094 ) ) ;
#2933 = EDGE_CURVE ( 'NONE', #2096, #915, #2820, .T. ) ;
#2934 = CARTESIAN_POINT ( 'NONE',  ( 2.899999999999999911, 0.9703248229937129210, 7.978504430182574048 ) ) ;
#2935 = CYLINDRICAL_SURFACE ( 'NONE', #931, 1.000000000000000000 ) ;
#2936 = ORIENTED_EDGE ( 'NONE', *, *, #1539, .T. ) ;
#2937 = CARTESIAN_POINT ( 'NONE',  ( 2.000000000000000000, -1.574041097652470134, 6.565460162197279459 ) ) ;
#2938 = FACE_OUTER_BOUND ( 'NONE', #1251, .T. ) ;
#2939 = ORIENTED_EDGE ( 'NONE', *, *, #725, .F. ) ;
#2940 = DIRECTION ( 'NONE',  ( 1.000000000000000000, 0.000000000000000000, 0.000000000000000000 ) ) ;
#2941 = ORIENTED_EDGE ( 'NONE', *, *, #1778, .T. ) ;
#2942 = CARTESIAN_POINT ( 'NONE',  ( 2.500000000000000000, 2.753602053428421126, 7.109852912024379634 ) ) ;
#2943 = ORIENTED_EDGE ( 'NONE', *, *, #2284, .F. ) ;
#2944 = LINE ( 'NONE', #1581, #1804 ) ;
#2945 = CARTESIAN_POINT ( 'NONE',  ( 2.700000000000000178, -2.378353790090421693, 8.848118968001372764 ) ) ;
#2946 = FACE_OUTER_BOUND ( 'NONE', #1154, .T. ) ;
#2947 = EDGE_CURVE ( 'NONE', #991, #1233, #2890, .T. ) ;
#2948 = EDGE_CURVE ( 'NONE', #2669, #1476, #321, .T. ) ;
#2949 = DIRECTION ( 'NONE',  ( -6.505213034913027393E-15, 0.9331788447751412363, -0.3594123588082816512 ) ) ;
#2950 = CARTESIAN_POINT ( 'NONE',  ( 2.617092046137279304, -2.240687381318432259, 8.956311914282354181 ) ) ;
#2951 = DIRECTION ( 'NONE',  ( 0.000000000000000000, 0.2037249267427876931, -0.9790281682483122916 ) ) ;
#2952 = CARTESIAN_POINT ( 'NONE',  ( -2.000000000000000444, 2.906950374042850171, 1.000000000000000000 ) ) ;
#2953 = DIRECTION ( 'NONE',  ( 0.000000000000000000, 0.000000000000000000, 1.000000000000000000 ) ) ;
#2954 = ORIENTED_EDGE ( 'NONE', *, *, #1504, .F. ) ;
#2955 = LINE ( 'NONE', #2514, #299 ) ;
#2956 = CARTESIAN_POINT ( 'NONE',  ( 2.900000000000000355, 1.310635048745975695, 7.173506511220461235 ) ) ;
#2957 = ORIENTED_EDGE ( 'NONE', *, *, #2546, .F. ) ;
#2958 = VECTOR ( 'NONE', #2276, 1000.000000000000000 ) ;
#2959 = DIRECTION ( 'NONE',  ( 1.000000000000000000, 0.000000000000000000, 0.000000000000000000 ) ) ;
#2960 = EDGE_LOOP ( 'NONE', ( #2135, #2130, #2727, #2782, #3048, #2321 ) ) ;
#2961 = CARTESIAN_POINT ( 'NONE',  ( -0.6000000000000010880, 2.906950374042849727, -2.000000000000000000 ) ) ;
#2962 = DIRECTION ( 'NONE',  ( 1.000000000000000000, 0.000000000000000000, 0.000000000000000000 ) ) ;
#2963 = AXIS2_PLACEMENT_3D ( 'NONE', #2292, #2556, #1360 ) ;
#2964 = CARTESIAN_POINT ( 'NONE',  ( 2.000000000000000000, 1.854076847109850545, 6.126799657709467439 ) ) ;
#2965 = AXIS2_PLACEMENT_3D ( 'NONE', #112, #1455, #260 ) ;
#2966 =( BOUNDED_SURFACE ( )  B_SPLINE_SURFACE ( 3, 3, ( 
 ( #1398, #1907, #525, #1001 ),
 ( #1955, #510, #1692, #774 ),
 ( #314, #2627, #1459, #60 ),
 ( #2158, #1187, #2864, #963 ) ),
 .UNSPECIFIED., .F., .F., .F. ) 
 B_SPLINE_SURFACE_WITH_KNOTS ( ( 4, 4 ),
 ( 4, 4 ),
 ( 0.000000000000000000, 1.000000000000000000 ),
 ( 0.000000000000000000, 1.000000000000000000 ),
 .UNSPECIFIED. ) 
 GEOMETRIC_REPRESENTATION_ITEM ( )  RATIONAL_B_SPLINE_SURFACE ( (
 ( 1.000000000000000000, 0.9588010167617815327, 0.9588010167617815327, 1.000000000000000000),
 ( 0.8047378541243632721, 0.7715834727611337041, 0.7715834727611337041, 0.8047378541243632721),
 ( 0.8047378541243632721, 0.7715834727611337041, 0.7715834727611337041, 0.8047378541243632721),
 ( 1.000000000000000000, 0.9588010167617815327, 0.9588010167617815327, 1.000000000000000000) ) ) 
 REPRESENTATION_ITEM ( '' )  SURFACE ( )  );
#2967 = LINE ( 'NONE', #1773, #1855 ) ;
#2968 = VECTOR ( 'NONE', #478, 1000.000000000000000 ) ;
#2969 = DIRECTION ( 'NONE',  ( 0.000000000000000000, 0.000000000000000000, -1.000000000000000000 ) ) ;
#2970 = VECTOR ( 'NONE', #2048, 1000.000000000000000 ) ;
#2971 = EDGE_CURVE ( 'NONE', #2253, #71, #1965, .T. ) ;
#2972 = EDGE_CURVE ( 'NONE', #1780, #1523, #626, .T. ) ;
#2973 = PLANE ( 'NONE',  #2013 ) ;
#2974 = AXIS2_PLACEMENT_3D ( 'NONE', #238, #462, #1163 ) ;
#2975 = AXIS2_PLACEMENT_3D ( 'NONE', #253, #1915, #1400 ) ;
#2976 = ORIENTED_EDGE ( 'NONE', *, *, #1593, .T. ) ;
#2977 = DIRECTION ( 'NONE',  ( -0.2867423817582269718, -0.8751193516677977513, 0.3898011375562578928 ) ) ;
#2978 = ADVANCED_FACE ( 'NONE', ( #1114 ), #2984, .T. ) ;
#2979 = AXIS2_PLACEMENT_3D ( 'NONE', #2040, #2998, #2732 ) ;
#2980 = ORIENTED_EDGE ( 'NONE', *, *, #2566, .T. ) ;
#2981 = ORIENTED_EDGE ( 'NONE', *, *, #2760, .F. ) ;
#2982 = PLANE ( 'NONE',  #2320 ) ;
#2983 = CARTESIAN_POINT ( 'NONE',  ( 2.500000000000000000, -1.370318771452939677, 8.981616090287831256 ) ) ;
#2984 = CYLINDRICAL_SURFACE ( 'NONE', #1323, 1.000000000000000000 ) ;
#2985 = DIRECTION ( 'NONE',  ( 0.000000000000000000, -0.8684709341734331289, 0.4957400896598180284 ) ) ;
#2986 = CARTESIAN_POINT ( 'NONE',  ( 0.000000000000000000, -2.101411997443689561, 3.015941518713860070 ) ) ;
#2987 = LINE ( 'NONE', #1787, #1814 ) ;
#2988 = ORIENTED_EDGE ( 'NONE', *, *, #2247, .T. ) ;
#2989 = ORIENTED_EDGE ( 'NONE', *, *, #579, .F. ) ;
#2990 = LINE ( 'NONE', #650, #38 ) ;
#2991 = DIRECTION ( 'NONE',  ( 0.000000000000000000, 0.000000000000000000, -1.000000000000000000 ) ) ;
#2992 = EDGE_CURVE ( 'NONE', #875, #2884, #1070, .T. ) ;
#2993 = EDGE_LOOP ( 'NONE', ( #1246, #890, #2809, #2664 ) ) ;
#2994 = ORIENTED_EDGE ( 'NONE', *, *, #2011, .T. ) ;
#2995 = CARTESIAN_POINT ( 'NONE',  ( 2.571677640927702679, -2.509066849754114426, 8.850918921562140440 ) ) ;
#2996 = DIRECTION ( 'NONE',  ( 0.000000000000000000, 1.634976876108140686E-13, -1.000000000000000000 ) ) ;
#2997 = CARTESIAN_POINT ( 'NONE',  ( 2.900000000000000355, -2.166966284473391013, 7.181735383786032934 ) ) ;
#2998 = DIRECTION ( 'NONE',  ( 0.000000000000000000, 0.003889575131573508749, -0.9999924355740377191 ) ) ;
#2999 = DIRECTION ( 'NONE',  ( -1.000000000000000000, -0.000000000000000000, -0.000000000000000000 ) ) ;
#3000 = DIRECTION ( 'NONE',  ( 0.000000000000000000, 0.000000000000000000, -1.000000000000000000 ) ) ;
#3001 = ORIENTED_EDGE ( 'NONE', *, *, #323, .T. ) ;
#3002 = ORIENTED_EDGE ( 'NONE', *, *, #807, .T. ) ;
#3003 = PLANE ( 'NONE',  #491 ) ;
#3004 = ORIENTED_EDGE ( 'NONE', *, *, #3029, .F. ) ;
#3005 = EDGE_CURVE ( 'NONE', #2107, #2476, #2008, .T. ) ;
#3006 = EDGE_CURVE ( 'NONE', #761, #831, #804, .T. ) ;
#3007 = EDGE_LOOP ( 'NONE', ( #1642, #85, #2738, #2092, #2407 ) ) ;
#3008 = CARTESIAN_POINT ( 'NONE',  ( 2.899999999999999911, -0.5703248230286149800, 7.978504412718072203 ) ) ;
#3009 = CARTESIAN_POINT ( 'NONE',  ( 2.000000000000000000, -2.506950374042854701, 2.983123814582119948 ) ) ;
#3010 = DIRECTION ( 'NONE',  ( 0.000000000000000000, 0.000000000000000000, -1.000000000000000000 ) ) ;
#3011 = CARTESIAN_POINT ( 'NONE',  ( 0.2400000000004919865, -2.506950374043860119, -3.698122778897189988 ) ) ;
#3012 = CYLINDRICAL_SURFACE ( 'NONE', #1723, 0.2000000000000005107 ) ;
#3013 = CARTESIAN_POINT ( 'NONE',  ( -2.000000000000000000, 2.889768704622325046, 3.113071725902196274 ) ) ;
#3014 = AXIS2_PLACEMENT_3D ( 'NONE', #1183, #979, #1703 ) ;
#3015 = CARTESIAN_POINT ( 'NONE',  ( 0.6000000000000009770, 2.506950374042855145, -2.000000000000000000 ) ) ;
#3016 = ORIENTED_EDGE ( 'NONE', *, *, #506, .F. ) ;
#3017 = AXIS2_PLACEMENT_3D ( 'NONE', #1862, #685, #2520 ) ;
#3018 = ORIENTED_EDGE ( 'NONE', *, *, #480, .F. ) ;
#3019 = CIRCLE ( 'NONE', #591, 0.1999999999999999833 ) ;
#3020 = CARTESIAN_POINT ( 'NONE',  ( 2.700000000000000178, 1.778850146803329979, 8.981579697442930055 ) ) ;
#3021 = AXIS2_PLACEMENT_3D ( 'NONE', #1127, #881, #145 ) ;
#3022 = VERTEX_POINT ( 'NONE', #377 ) ;
#3023 = DIRECTION ( 'NONE',  ( 0.000000000000000000, -1.000000000000000000, 0.000000000000000000 ) ) ;
#3024 = VECTOR ( 'NONE', #2756, 1000.000000000000000 ) ;
#3025 = ORIENTED_EDGE ( 'NONE', *, *, #2814, .F. ) ;
#3026 = EDGE_CURVE ( 'NONE', #2527, #1037, #1586, .T. ) ;
#3027 = CARTESIAN_POINT ( 'NONE',  ( 2.000000000000000000, -1.986632298580399913, 0.000000000000000000 ) ) ;
#3028 = CARTESIAN_POINT ( 'NONE',  ( 2.700000000000000178, -1.370318771452939899, 7.981616090287829479 ) ) ;
#3029 = EDGE_CURVE ( 'NONE', #2079, #89, #1830, .T. ) ;
#3030 = DIRECTION ( 'NONE',  ( 0.000000000000000000, -1.769914128591562855E-15, -1.000000000000000000 ) ) ;
#3031 = CARTESIAN_POINT ( 'NONE',  ( 0.5760000000001029852, -2.506950374044250029, -2.151695218388979924 ) ) ;
#3032 = CARTESIAN_POINT ( 'NONE',  ( 2.500000000000000000, 1.770318771452940032, 8.981616090287831256 ) ) ;
#3033 = CARTESIAN_POINT ( 'NONE',  ( -2.000000000000000000, 2.889768704622320161, 3.113071725902230025 ) ) ;
#3034 = DIRECTION ( 'NONE',  ( 0.000000000000000000, -0.8709587694268400293, 0.4913561050383770668 ) ) ;
#3035 = VERTEX_POINT ( 'NONE', #1331 ) ;
#3036 = VERTEX_POINT ( 'NONE', #856 ) ;
#3037 = CARTESIAN_POINT ( 'NONE',  ( 0.1200000000002799799, -2.106950374044504581, -3.955777927878620037 ) ) ;
#3038 = VERTEX_POINT ( 'NONE', #1784 ) ;
#3039 = CARTESIAN_POINT ( 'NONE',  ( 0.5280000000002820215, 2.906950374044116714, -2.441838184032779857 ) ) ;
#3040 = ORIENTED_EDGE ( 'NONE', *, *, #681, .T. ) ;
#3041 = DIRECTION ( 'NONE',  ( 0.000000000000000000, 0.000000000000000000, -1.000000000000000000 ) ) ;
#3042 = DIRECTION ( 'NONE',  ( -0.000000000000000000, 1.000000000000000000, 0.000000000000000000 ) ) ;
#3043 = UNCERTAINTY_MEASURE_WITH_UNIT (LENGTH_MEASURE( 1.000000000000000082E-05 ), #669, 'distance_accuracy_value', 'NONE');
#3044 = LINE ( 'NONE', #2537, #203 ) ;
#3045 = ADVANCED_FACE ( 'NONE', ( #2553 ), #1358, .T. ) ;
#3046 = EDGE_CURVE ( 'NONE', #2396, #500, #1231, .T. ) ;
#3047 = CARTESIAN_POINT ( 'NONE',  ( -2.970713952610280670E-16, 2.506950374044757179, -4.043989427158519945 ) ) ;
#3048 = ORIENTED_EDGE ( 'NONE', *, *, #1551, .T. ) ;
#3049 = ORIENTED_EDGE ( 'NONE', *, *, #1894, .T. ) ;
#3050 = DIRECTION ( 'NONE',  ( 1.000000000000000000, 0.000000000000000000, 0.000000000000000000 ) ) ;
#3051 = VERTEX_POINT ( 'NONE', #1774 ) ;
#3052 = PLANE ( 'NONE',  #2965 ) ;
#3053 = ORIENTED_EDGE ( 'NONE', *, *, #1670, .F. ) ;
#3054 = CARTESIAN_POINT ( 'NONE',  ( 2.699999999999999734, 0.7726465547977862114, 7.381208569294091859 ) ) ;
#3055 = CARTESIAN_POINT ( 'NONE',  ( 2.700000000000000178, 1.815818670668569945, 7.181735383786030269 ) ) ;
#3056 = DIRECTION ( 'NONE',  ( -0.2956317970504589443, -0.8702733796158237389, -0.3939874176985458942 ) ) ;
#3057 = DIRECTION ( 'NONE',  ( 0.000000000000000000, 1.802288556821790108E-16, 1.000000000000000000 ) ) ;
#3058 = VECTOR ( 'NONE', #2053, 1000.000000000000000 ) ;
#3059 = ORIENTED_EDGE ( 'NONE', *, *, #1439, .T. ) ;
#3060 = PLANE ( 'NONE',  #1909 ) ;
#3061 = CARTESIAN_POINT ( 'NONE',  ( 2.500000000000000000, -1.370318771452939899, 6.981616090287829479 ) ) ;
#3062 = AXIS2_PLACEMENT_3D ( 'NONE', #2869, #2194, #1253 ) ;
#3063 = CIRCLE ( 'NONE', #338, 0.2000000000000000944 ) ;
#3064 = ORIENTED_EDGE ( 'NONE', *, *, #1834, .F. ) ;
#3065 = EDGE_CURVE ( 'NONE', #2796, #2396, #298, .T. ) ;
#3066 = CARTESIAN_POINT ( 'NONE',  ( 2.000000000000000000, 2.906950374042860386, 5.132807035752089853 ) ) ;
#3067 = AXIS2_PLACEMENT_3D ( 'NONE', #2855, #3, #1394 ) ;
#3068 = AXIS2_PLACEMENT_3D ( 'NONE', #1707, #2394, #983 ) ;
#3069 = LINE ( 'NONE', #1612, #2970 ) ;
#3070 = VECTOR ( 'NONE', #1664, 1000.000000000000000 ) ;
#3071 = EDGE_LOOP ( 'NONE', ( #46, #1059, #805, #1011 ) ) ;
#3072 = LINE ( 'NONE', #2083, #1659 ) ;
#3073 = CIRCLE ( 'NONE', #981, 0.1999999999999996503 ) ;
#3074 = DIRECTION ( 'NONE',  ( 0.000000000000000000, 0.000000000000000000, -1.000000000000000000 ) ) ;
#3075 = CARTESIAN_POINT ( 'NONE',  ( -2.000000000000000000, 0.000000000000000000, 8.000000000000000000 ) ) ;
#3076 = CARTESIAN_POINT ( 'NONE',  ( 2.200000000000000178, 2.706950374042850438, 2.000000000000000000 ) ) ;
ENDSEC;
END-ISO-10303-21;
