ISO-10303-21;
HEADER;
FILE_DESCRIPTION((''),'2;1');
FILE_NAME('75869_Y01_SW0001_PRT','2007-07-28T',('nebupm'),
('FCI - CDC Division'),
'PRO/ENGINEER BY PARAMETRIC TECHNOLOGY CORPORATION, 2006140',
'PRO/ENGINEER BY PARAMETRIC TECHNOLOGY CORPORATION, 2006140','');
FILE_SCHEMA(('CONFIG_CONTROL_DESIGN'));
ENDSEC;
DATA;
#1=DIRECTION('',(0.E0,1.E0,0.E0));
#2=VECTOR('',#1,8.94E0);
#3=CARTESIAN_POINT('',(5.535E0,3.8E-1,0.E0));
#4=LINE('467',#3,#2);
#5=DIRECTION('',(-1.E0,0.E0,0.E0));
#6=VECTOR('',#5,2.995E0);
#7=CARTESIAN_POINT('',(5.535E0,9.32E0,0.E0));
#8=LINE('473',#7,#6);
#9=DIRECTION('',(0.E0,-1.E0,0.E0));
#10=VECTOR('',#9,9.32E0);
#11=CARTESIAN_POINT('',(2.54E0,9.32E0,0.E0));
#12=LINE('302',#11,#10);
#13=DIRECTION('',(1.E0,0.E0,0.E0));
#14=VECTOR('',#13,1.02E0);
#15=CARTESIAN_POINT('',(2.54E0,0.E0,0.E0));
#16=LINE('303',#15,#14);
#17=DIRECTION('',(0.E0,1.E0,0.E0));
#18=VECTOR('',#17,3.8E-1);
#19=CARTESIAN_POINT('',(3.56E0,0.E0,0.E0));
#20=LINE('304',#19,#18);
#21=DIRECTION('',(1.E0,0.E0,0.E0));
#22=VECTOR('',#21,1.975E0);
#23=CARTESIAN_POINT('',(3.56E0,3.8E-1,0.E0));
#24=LINE('468',#23,#22);
#25=DIRECTION('',(0.E0,1.E0,0.E0));
#26=VECTOR('',#25,5.358983848622E-1);
#27=CARTESIAN_POINT('',(6.54E0,3.8E-1,0.E0));
#28=LINE('566',#27,#26);
#29=DIRECTION('',(-1.E0,0.E0,0.E0));
#30=VECTOR('',#29,5.575E0);
#31=CARTESIAN_POINT('',(1.2115E1,9.158983848622E-1,0.E0));
#32=LINE('569',#31,#30);
#33=DIRECTION('',(0.E0,1.E0,0.E0));
#34=VECTOR('',#33,8.404101615138E0);
#35=CARTESIAN_POINT('',(1.2115E1,9.158983848622E-1,0.E0));
#36=LINE('575',#35,#34);
#37=DIRECTION('',(-1.E0,0.E0,0.E0));
#38=VECTOR('',#37,5.82E0);
#39=CARTESIAN_POINT('',(1.2115E1,9.32E0,0.E0));
#40=LINE('472',#39,#38);
#41=DIRECTION('',(0.E0,1.E0,0.E0));
#42=VECTOR('',#41,8.94E0);
#43=CARTESIAN_POINT('',(6.295E0,3.8E-1,0.E0));
#44=LINE('466',#43,#42);
#45=DIRECTION('',(1.E0,0.E0,0.E0));
#46=VECTOR('',#45,2.45E-1);
#47=CARTESIAN_POINT('',(6.295E0,3.8E-1,0.E0));
#48=LINE('576',#47,#46);
#49=DIRECTION('',(0.E0,2.588190451025E-1,-9.659258262891E-1));
#50=VECTOR('',#49,2.070552360820E0);
#51=CARTESIAN_POINT('',(6.54E0,3.8E-1,2.E0));
#52=LINE('578',#51,#50);
#53=DIRECTION('',(0.E0,0.E0,1.E0));
#54=VECTOR('',#53,2.E0);
#55=CARTESIAN_POINT('',(6.54E0,3.8E-1,0.E0));
#56=LINE('570',#55,#54);
#57=CARTESIAN_POINT('',(5.915E0,3.8E-1,0.E0));
#58=DIRECTION('',(0.E0,1.E0,0.E0));
#59=DIRECTION('',(1.E0,0.E0,0.E0));
#60=AXIS2_PLACEMENT_3D('',#57,#58,#59);
#62=DIRECTION('',(0.E0,0.E0,1.E0));
#63=VECTOR('',#62,1.07E0);
#64=CARTESIAN_POINT('',(3.56E0,3.8E-1,0.E0));
#65=LINE('320',#64,#63);
#66=DIRECTION('',(1.E0,0.E0,0.E0));
#67=VECTOR('',#66,2.03E0);
#68=CARTESIAN_POINT('',(3.56E0,3.8E-1,1.07E0));
#69=LINE('317',#68,#67);
#70=DIRECTION('',(0.E0,0.E0,1.E0));
#71=VECTOR('',#70,6.75E0);
#72=CARTESIAN_POINT('',(5.59E0,3.8E-1,1.07E0));
#73=LINE('318',#72,#71);
#74=DIRECTION('',(1.E0,0.E0,0.E0));
#75=VECTOR('',#74,2.03E0);
#76=CARTESIAN_POINT('',(3.56E0,3.8E-1,7.82E0));
#77=LINE('319',#76,#75);
#78=DIRECTION('',(0.E0,0.E0,1.E0));
#79=VECTOR('',#78,1.07E0);
#80=CARTESIAN_POINT('',(3.56E0,3.8E-1,7.82E0));
#81=LINE('321',#80,#79);
#82=DIRECTION('',(0.E0,0.E0,-1.E0));
#83=VECTOR('',#82,1.27E0);
#84=CARTESIAN_POINT('',(1.415E1,3.8E-1,8.89E0));
#85=LINE('411',#84,#83);
#86=DIRECTION('',(1.E0,0.E0,0.E0));
#87=VECTOR('',#86,4.31E0);
#88=CARTESIAN_POINT('',(1.415E1,3.8E-1,7.62E0));
#89=LINE('410',#88,#87);
#90=DIRECTION('',(0.E0,0.E0,-1.E0));
#91=VECTOR('',#90,1.27E0);
#92=CARTESIAN_POINT('',(1.846E1,3.8E-1,8.89E0));
#93=LINE('412',#92,#91);
#94=DIRECTION('',(-1.E0,0.E0,0.E0));
#95=VECTOR('',#94,2.03E0);
#96=CARTESIAN_POINT('',(2.143E1,3.8E-1,7.82E0));
#97=LINE('329',#96,#95);
#98=DIRECTION('',(0.E0,0.E0,-1.E0));
#99=VECTOR('',#98,6.75E0);
#100=CARTESIAN_POINT('',(1.94E1,3.8E-1,7.82E0));
#101=LINE('330',#100,#99);
#102=DIRECTION('',(-1.E0,0.E0,0.E0));
#103=VECTOR('',#102,2.03E0);
#104=CARTESIAN_POINT('',(2.143E1,3.8E-1,1.07E0));
#105=LINE('331',#104,#103);
#106=CARTESIAN_POINT('',(1.9075E1,3.8E-1,0.E0));
#107=DIRECTION('',(0.E0,1.E0,0.E0));
#108=DIRECTION('',(1.E0,0.E0,0.E0));
#109=AXIS2_PLACEMENT_3D('',#106,#107,#108);
#111=DIRECTION('',(0.E0,0.E0,1.E0));
#112=VECTOR('',#111,2.E0);
#113=CARTESIAN_POINT('',(1.845E1,3.8E-1,0.E0));
#114=LINE('571',#113,#112);
#115=DIRECTION('',(-1.E0,0.E0,0.E0));
#116=VECTOR('',#115,1.191E1);
#117=CARTESIAN_POINT('',(1.845E1,3.8E-1,2.E0));
#118=LINE('572',#117,#116);
#119=CARTESIAN_POINT('',(1.2495E1,3.8E-1,7.69E0));
#120=DIRECTION('',(0.E0,-1.E0,0.E0));
#121=DIRECTION('',(-1.E0,0.E0,0.E0));
#122=AXIS2_PLACEMENT_3D('',#119,#120,#121);
#124=CARTESIAN_POINT('',(1.2495E1,3.8E-1,7.69E0));
#125=DIRECTION('',(0.E0,-1.E0,0.E0));
#126=DIRECTION('',(1.E0,0.E0,0.E0));
#127=AXIS2_PLACEMENT_3D('',#124,#125,#126);
#129=DIRECTION('',(0.E0,-9.983879820632E-1,-5.675770671723E-2));
#130=VECTOR('',#129,2.413891235970E0);
#131=CARTESIAN_POINT('',(3.56E0,2.41E0,2.137006930818E0));
#132=LINE('385',#131,#130);
#133=DIRECTION('',(0.E0,0.E0,1.E0));
#134=VECTOR('',#133,2.E0);
#135=CARTESIAN_POINT('',(3.56E0,0.E0,0.E0));
#136=LINE('392',#135,#134);
#137=DIRECTION('',(9.395150436443E-1,3.419555105318E-1,1.943994812217E-2));
#138=VECTOR('',#137,1.134099770486E0);
#139=CARTESIAN_POINT('',(2.54E0,6.770042526092E0,2.384872509548E0));
#140=LINE('407',#139,#138);
#141=DIRECTION('',(0.E0,9.983879820632E-1,-5.675770671723E-2));
#142=VECTOR('',#141,6.780973577127E0);
#143=CARTESIAN_POINT('',(2.54E0,0.E0,6.17E0));
#144=LINE('400',#143,#142);
#145=DIRECTION('',(0.E0,0.E0,-1.E0));
#146=VECTOR('',#145,3.400254980904E0);
#147=CARTESIAN_POINT('',(2.54E0,6.770042526092E0,5.785127490452E0));
#148=LINE('401',#147,#146);
#149=DIRECTION('',(0.E0,-9.983879820632E-1,-5.675770671723E-2));
#150=VECTOR('',#149,6.780973577127E0);
#151=CARTESIAN_POINT('',(2.54E0,6.770042526092E0,2.384872509548E0));
#152=LINE('402',#151,#150);
#153=DIRECTION('',(0.E0,0.E0,1.E0));
#154=VECTOR('',#153,1.62E0);
#155=CARTESIAN_POINT('',(2.54E0,9.32E0,0.E0));
#156=LINE('372',#155,#154);
#157=DIRECTION('',(0.E0,-1.E0,0.E0));
#158=VECTOR('',#157,1.E0);
#159=CARTESIAN_POINT('',(2.54E0,9.32E0,1.62E0));
#160=LINE('356',#159,#158);
#161=DIRECTION('',(0.E0,0.E0,1.E0));
#162=VECTOR('',#161,1.E0);
#163=CARTESIAN_POINT('',(2.54E0,8.32E0,1.62E0));
#164=LINE('357',#163,#162);
#165=DIRECTION('',(0.E0,-1.E0,0.E0));
#166=VECTOR('',#165,1.E0);
#167=CARTESIAN_POINT('',(2.54E0,9.32E0,2.62E0));
#168=LINE('358',#167,#166);
#169=DIRECTION('',(0.E0,0.E0,1.E0));
#170=VECTOR('',#169,6.27E0);
#171=CARTESIAN_POINT('',(2.54E0,9.32E0,2.62E0));
#172=LINE('373',#171,#170);
#173=DIRECTION('',(1.E0,0.E0,0.E0));
#174=VECTOR('',#173,1.02E0);
#175=CARTESIAN_POINT('',(2.54E0,0.E0,6.17E0));
#176=LINE('382',#175,#174);
#177=DIRECTION('',(0.E0,0.E0,1.E0));
#178=VECTOR('',#177,2.72E0);
#179=CARTESIAN_POINT('',(2.54E0,0.E0,6.17E0));
#180=LINE('391',#179,#178);
#181=DIRECTION('',(5.E-1,-8.660254037844E-1,0.E0));
#182=VECTOR('',#181,2.54E0);
#183=CARTESIAN_POINT('',(6.145E0,9.32E0,8.89E0));
#184=LINE('519',#183,#182);
#185=DIRECTION('',(5.E-1,8.660254037844E-1,0.E0));
#186=VECTOR('',#185,2.54E0);
#187=CARTESIAN_POINT('',(7.415E0,7.120295474388E0,8.89E0));
#188=LINE('520',#187,#186);
#189=DIRECTION('',(-1.E0,0.E0,0.E0));
#190=VECTOR('',#189,1.27E0);
#191=CARTESIAN_POINT('',(9.955E0,9.32E0,8.89E0));
#192=LINE('564',#191,#190);
#193=DIRECTION('',(0.E0,-1.E0,0.E0));
#194=VECTOR('',#193,7.3E0);
#195=CARTESIAN_POINT('',(9.955E0,9.32E0,8.89E0));
#196=LINE('344',#195,#194);
#197=CARTESIAN_POINT('',(1.0155E1,2.02E0,8.89E0));
#198=DIRECTION('',(0.E0,0.E0,1.E0));
#199=DIRECTION('',(-1.E0,0.E0,0.E0));
#200=AXIS2_PLACEMENT_3D('',#197,#198,#199);
#202=DIRECTION('',(1.E0,0.E0,0.E0));
#203=VECTOR('',#202,3.995E0);
#204=CARTESIAN_POINT('',(1.0155E1,1.82E0,8.89E0));
#205=LINE('556',#204,#203);
#206=DIRECTION('',(0.E0,-1.E0,0.E0));
#207=VECTOR('',#206,1.44E0);
#208=CARTESIAN_POINT('',(1.415E1,1.82E0,8.89E0));
#209=LINE('408',#208,#207);
#210=DIRECTION('',(1.E0,0.E0,0.E0));
#211=VECTOR('',#210,1.059E1);
#212=CARTESIAN_POINT('',(3.56E0,3.8E-1,8.89E0));
#213=LINE('413',#212,#211);
#214=DIRECTION('',(0.E0,1.E0,0.E0));
#215=VECTOR('',#214,3.8E-1);
#216=CARTESIAN_POINT('',(3.56E0,0.E0,8.89E0));
#217=LINE('310',#216,#215);
#218=DIRECTION('',(1.E0,0.E0,0.E0));
#219=VECTOR('',#218,1.02E0);
#220=CARTESIAN_POINT('',(2.54E0,0.E0,8.89E0));
#221=LINE('309',#220,#219);
#222=DIRECTION('',(0.E0,-1.E0,0.E0));
#223=VECTOR('',#222,9.32E0);
#224=CARTESIAN_POINT('',(2.54E0,9.32E0,8.89E0));
#225=LINE('308',#224,#223);
#226=DIRECTION('',(-1.E0,0.E0,0.E0));
#227=VECTOR('',#226,3.605E0);
#228=CARTESIAN_POINT('',(6.145E0,9.32E0,8.89E0));
#229=LINE('565',#228,#227);
#230=DIRECTION('',(1.E0,0.E0,0.E0));
#231=VECTOR('',#230,2.54E0);
#232=CARTESIAN_POINT('',(6.145E0,9.32E0,8.69E0));
#233=LINE('521',#232,#231);
#234=DIRECTION('',(0.E0,0.E0,-1.E0));
#235=VECTOR('',#234,2.E-1);
#236=CARTESIAN_POINT('',(6.145E0,9.32E0,8.89E0));
#237=LINE('522',#236,#235);
#238=DIRECTION('',(-1.E0,0.E0,0.E0));
#239=VECTOR('',#238,9.9E-1);
#240=CARTESIAN_POINT('',(3.53E0,9.32E0,2.62E0));
#241=LINE('365',#240,#239);
#242=DIRECTION('',(0.E0,0.E0,1.E0));
#243=VECTOR('',#242,5.E0);
#244=CARTESIAN_POINT('',(3.53E0,9.32E0,2.62E0));
#245=LINE('377',#244,#243);
#246=DIRECTION('',(1.E0,0.E0,0.E0));
#247=VECTOR('',#246,6.425E0);
#248=CARTESIAN_POINT('',(3.53E0,9.32E0,7.62E0));
#249=LINE('351',#248,#247);
#250=DIRECTION('',(0.E0,0.E0,-1.E0));
#251=VECTOR('',#250,1.27E0);
#252=CARTESIAN_POINT('',(9.955E0,9.32E0,8.89E0));
#253=LINE('346',#252,#251);
#254=DIRECTION('',(0.E0,0.E0,-1.E0));
#255=VECTOR('',#254,2.E-1);
#256=CARTESIAN_POINT('',(8.685E0,9.32E0,8.89E0));
#257=LINE('523',#256,#255);
#258=DIRECTION('',(5.E-1,8.660254037844E-1,0.E0));
#259=VECTOR('',#258,2.54E0);
#260=CARTESIAN_POINT('',(7.415E0,7.120295474388E0,8.69E0));
#261=LINE('525',#260,#259);
#262=DIRECTION('',(5.E-1,-8.660254037844E-1,0.E0));
#263=VECTOR('',#262,2.54E0);
#264=CARTESIAN_POINT('',(6.145E0,9.32E0,8.69E0));
#265=LINE('524',#264,#263);
#266=DIRECTION('',(0.E0,0.E0,-1.E0));
#267=VECTOR('',#266,2.E-1);
#268=CARTESIAN_POINT('',(7.415E0,7.120295474388E0,8.89E0));
#269=LINE('526',#268,#267);
#270=DIRECTION('',(1.E0,0.E0,0.E0));
#271=VECTOR('',#270,1.024920769492E0);
#272=CARTESIAN_POINT('',(2.54E0,8.32E0,2.62E0));
#273=LINE('380',#272,#271);
#274=DIRECTION('',(1.E0,0.E0,0.E0));
#275=VECTOR('',#274,1.024920769492E0);
#276=CARTESIAN_POINT('',(2.54E0,8.32E0,1.62E0));
#277=LINE('378',#276,#275);
#278=CARTESIAN_POINT('',(1.9075E1,9.32E0,0.E0));
#279=DIRECTION('',(0.E0,1.E0,0.E0));
#280=DIRECTION('',(1.E0,0.E0,0.E0));
#281=AXIS2_PLACEMENT_3D('',#278,#279,#280);
#283=DIRECTION('',(0.E0,0.E0,1.E0));
#284=VECTOR('',#283,1.62E0);
#285=CARTESIAN_POINT('',(2.245E1,9.32E0,0.E0));
#286=LINE('374',#285,#284);
#287=DIRECTION('',(-1.E0,0.E0,0.E0));
#288=VECTOR('',#287,9.9E-1);
#289=CARTESIAN_POINT('',(2.245E1,9.32E0,1.62E0));
#290=LINE('362',#289,#288);
#291=DIRECTION('',(0.E0,0.E0,1.E0));
#292=VECTOR('',#291,9.E-1);
#293=CARTESIAN_POINT('',(2.146E1,9.32E0,7.2E-1));
#294=LINE('460',#293,#292);
#295=DIRECTION('',(1.332267629550E-14,0.E0,1.E0));
#296=VECTOR('',#295,9.E-1);
#297=CARTESIAN_POINT('',(3.53E0,9.32E0,7.2E-1));
#298=LINE('463',#297,#296);
#299=DIRECTION('',(-1.E0,0.E0,0.E0));
#300=VECTOR('',#299,9.9E-1);
#301=CARTESIAN_POINT('',(3.53E0,9.32E0,1.62E0));
#302=LINE('363',#301,#300);
#303=CARTESIAN_POINT('',(5.915E0,9.32E0,0.E0));
#304=DIRECTION('',(0.E0,1.E0,0.E0));
#305=DIRECTION('',(1.E0,0.E0,0.E0));
#306=AXIS2_PLACEMENT_3D('',#303,#304,#305);
#308=CARTESIAN_POINT('',(1.2495E1,9.32E0,0.E0));
#309=DIRECTION('',(0.E0,1.E0,0.E0));
#310=DIRECTION('',(1.E0,0.E0,0.E0));
#311=AXIS2_PLACEMENT_3D('',#308,#309,#310);
#313=DIRECTION('',(0.E0,1.E0,0.E0));
#314=VECTOR('',#313,5.358983848622E-1);
#315=CARTESIAN_POINT('',(1.845E1,3.8E-1,0.E0));
#316=LINE('567',#315,#314);
#317=DIRECTION('',(1.E0,0.E0,0.E0));
#318=VECTOR('',#317,2.45E-1);
#319=CARTESIAN_POINT('',(1.845E1,3.8E-1,0.E0));
#320=LINE('577',#319,#318);
#321=DIRECTION('',(0.E0,1.E0,0.E0));
#322=VECTOR('',#321,8.94E0);
#323=CARTESIAN_POINT('',(1.8695E1,3.8E-1,0.E0));
#324=LINE('465',#323,#322);
#325=DIRECTION('',(-1.E0,0.E0,0.E0));
#326=VECTOR('',#325,5.82E0);
#327=CARTESIAN_POINT('',(1.8695E1,9.32E0,0.E0));
#328=LINE('471',#327,#326);
#329=DIRECTION('',(0.E0,1.E0,0.E0));
#330=VECTOR('',#329,8.404101615138E0);
#331=CARTESIAN_POINT('',(1.2875E1,9.158983848622E-1,0.E0));
#332=LINE('574',#331,#330);
#333=DIRECTION('',(-1.E0,0.E0,0.E0));
#334=VECTOR('',#333,5.575E0);
#335=CARTESIAN_POINT('',(1.845E1,9.158983848622E-1,0.E0));
#336=LINE('568',#335,#334);
#337=DIRECTION('',(0.E0,2.588190451025E-1,-9.659258262891E-1));
#338=VECTOR('',#337,2.070552360820E0);
#339=CARTESIAN_POINT('',(1.845E1,3.8E-1,2.E0));
#340=LINE('579',#339,#338);
#341=CARTESIAN_POINT('',(1.2875E1,9.158983848622E-1,0.E0));
#342=CARTESIAN_POINT('',(1.2875E1,9.218982267433E-1,-2.239171473757E-2));
#343=CARTESIAN_POINT('',(1.287102230015E1,9.343470757550E-1,
-6.885145174472E-2));
#344=CARTESIAN_POINT('',(1.285085818947E1,9.534938286333E-1,
-1.403081062868E-1));
#345=CARTESIAN_POINT('',(1.281546226840E1,9.719458696620E-1,
-2.091720609091E-1));
#346=CARTESIAN_POINT('',(1.276564250250E1,9.884166601350E-1,
-2.706418877950E-1));
#347=CARTESIAN_POINT('',(1.270417118269E1,1.001766414410E0,-3.204638490162E-1));
#348=CARTESIAN_POINT('',(1.264678770084E1,1.009668377371E0,-3.499543762683E-1));
#349=CARTESIAN_POINT('',(1.259957587086E1,1.013953860255E0,-3.659480161250E-1));
#350=CARTESIAN_POINT('',(1.256407250308E1,1.016176969809E0,-3.742447739338E-1));
#351=CARTESIAN_POINT('',(1.253485364744E1,1.017240807192E0,-3.782150690968E-1));
#352=CARTESIAN_POINT('',(1.251188299320E1,1.017652765024E0,-3.797525166577E-1));
#353=CARTESIAN_POINT('',(1.2495E1,1.017752234467E0,-3.801237416712E-1));
#354=CARTESIAN_POINT('',(1.247811700680E1,1.017652765024E0,-3.797525166577E-1));
#355=CARTESIAN_POINT('',(1.245514635256E1,1.017240807192E0,-3.782150690968E-1));
#356=CARTESIAN_POINT('',(1.242592749692E1,1.016176969809E0,-3.742447739338E-1));
#357=CARTESIAN_POINT('',(1.239042412914E1,1.013953860255E0,-3.659480161250E-1));
#358=CARTESIAN_POINT('',(1.234321229916E1,1.009668377371E0,-3.499543762683E-1));
#359=CARTESIAN_POINT('',(1.228582881731E1,1.001766414410E0,-3.204638490162E-1));
#360=CARTESIAN_POINT('',(1.222435749750E1,9.884166601350E-1,
-2.706418877950E-1));
#361=CARTESIAN_POINT('',(1.217453773160E1,9.719458696620E-1,
-2.091720609091E-1));
#362=CARTESIAN_POINT('',(1.213914181053E1,9.534938286333E-1,
-1.403081062868E-1));
#363=CARTESIAN_POINT('',(1.211897769985E1,9.343470757550E-1,
-6.885145174472E-2));
#364=CARTESIAN_POINT('',(1.2115E1,9.218982267433E-1,-2.239171473757E-2));
#365=CARTESIAN_POINT('',(1.2115E1,9.158983848622E-1,0.E0));
#367=DIRECTION('',(0.E0,1.E0,0.E0));
#368=VECTOR('',#367,8.94E0);
#369=CARTESIAN_POINT('',(1.9455E1,3.8E-1,0.E0));
#370=LINE('464',#369,#368);
#371=DIRECTION('',(1.E0,0.E0,0.E0));
#372=VECTOR('',#371,1.975E0);
#373=CARTESIAN_POINT('',(1.9455E1,3.8E-1,0.E0));
#374=LINE('469',#373,#372);
#375=DIRECTION('',(0.E0,-1.E0,0.E0));
#376=VECTOR('',#375,3.8E-1);
#377=CARTESIAN_POINT('',(2.143E1,3.8E-1,0.E0));
#378=LINE('305',#377,#376);
#379=DIRECTION('',(1.E0,0.E0,0.E0));
#380=VECTOR('',#379,1.02E0);
#381=CARTESIAN_POINT('',(2.143E1,0.E0,0.E0));
#382=LINE('306',#381,#380);
#383=DIRECTION('',(0.E0,1.E0,0.E0));
#384=VECTOR('',#383,9.32E0);
#385=CARTESIAN_POINT('',(2.245E1,0.E0,0.E0));
#386=LINE('307',#385,#384);
#387=DIRECTION('',(-1.E0,0.E0,0.E0));
#388=VECTOR('',#387,2.995E0);
#389=CARTESIAN_POINT('',(2.245E1,9.32E0,0.E0));
#390=LINE('470',#389,#388);
#391=DIRECTION('',(0.E0,-9.981898719124E-1,-6.014133031084E-2));
#392=VECTOR('',#391,2.414370319529E0);
#393=CARTESIAN_POINT('',(2.143E1,2.41E0,2.145203442879E0));
#394=LINE('533',#393,#392);
#395=DIRECTION('',(0.E0,0.E0,1.E0));
#396=VECTOR('',#395,1.07E0);
#397=CARTESIAN_POINT('',(2.143E1,3.8E-1,0.E0));
#398=LINE('332',#397,#396);
#399=DIRECTION('',(0.E0,1.E0,0.E0));
#400=VECTOR('',#399,2.03E0);
#401=CARTESIAN_POINT('',(2.143E1,3.8E-1,1.07E0));
#402=LINE('337',#401,#400);
#403=DIRECTION('',(3.483640087733E-2,9.975839989884E-1,6.010482623013E-2));
#404=VECTOR('',#403,3.871936029482E0);
#405=CARTESIAN_POINT('',(2.123650707525E1,2.92E0,2.175931142410E0));
#406=LINE('550',#405,#404);
#407=DIRECTION('',(0.E0,0.E0,1.E0));
#408=VECTOR('',#407,3.352693630728E0);
#409=CARTESIAN_POINT('',(2.137139139095E1,6.782581428118E0,2.408653184636E0));
#410=LINE('552',#409,#408);
#411=DIRECTION('',(0.E0,0.E0,-1.E0));
#412=VECTOR('',#411,9.059311424100E-1);
#413=CARTESIAN_POINT('',(2.123650707525E1,2.92E0,2.175931142410E0));
#414=LINE('542',#413,#412);
#415=DIRECTION('',(-3.489949670250E-2,-9.993908270191E-1,0.E0));
#416=VECTOR('',#415,1.000609544299E0);
#417=CARTESIAN_POINT('',(2.146E1,9.32E0,1.62E0));
#418=LINE('366',#417,#416);
#419=DIRECTION('',(0.E0,0.E0,1.E0));
#420=VECTOR('',#419,1.E0);
#421=CARTESIAN_POINT('',(2.142507923051E1,8.32E0,1.62E0));
#422=LINE('367',#421,#420);
#423=DIRECTION('',(-3.489949670250E-2,-9.993908270191E-1,0.E0));
#424=VECTOR('',#423,1.000609544299E0);
#425=CARTESIAN_POINT('',(2.146E1,9.32E0,2.62E0));
#426=LINE('368',#425,#424);
#427=DIRECTION('',(0.E0,0.E0,-1.E0));
#428=VECTOR('',#427,1.625931142410E0);
#429=CARTESIAN_POINT('',(2.123650707525E1,2.92E0,7.62E0));
#430=LINE('541',#429,#428);
#431=DIRECTION('',(-9.394931677529E-1,3.419475483585E-1,2.060247357090E-2));
#432=VECTOR('',#431,1.148074989872E0);
#433=CARTESIAN_POINT('',(2.245E1,6.39E0,2.385E0));
#434=LINE('547',#433,#432);
#435=DIRECTION('',(0.E0,0.E0,1.E0));
#436=VECTOR('',#435,3.4E0);
#437=CARTESIAN_POINT('',(2.245E1,6.39E0,2.385E0));
#438=LINE('551',#437,#436);
#439=DIRECTION('',(0.E0,-9.981898719124E-1,6.014133031084E-2));
#440=VECTOR('',#439,6.401587693690E0);
#441=CARTESIAN_POINT('',(2.245E1,6.39E0,5.785E0));
#442=LINE('546',#441,#440);
#443=DIRECTION('',(0.E0,0.E0,1.E0));
#444=VECTOR('',#443,2.72E0);
#445=CARTESIAN_POINT('',(2.245E1,0.E0,6.17E0));
#446=LINE('530',#445,#444);
#447=DIRECTION('',(0.E0,-1.E0,0.E0));
#448=VECTOR('',#447,1.E0);
#449=CARTESIAN_POINT('',(2.245E1,9.32E0,2.62E0));
#450=LINE('361',#449,#448);
#451=DIRECTION('',(0.E0,0.E0,1.E0));
#452=VECTOR('',#451,1.E0);
#453=CARTESIAN_POINT('',(2.245E1,8.32E0,1.62E0));
#454=LINE('360',#453,#452);
#455=DIRECTION('',(0.E0,-1.E0,0.E0));
#456=VECTOR('',#455,1.E0);
#457=CARTESIAN_POINT('',(2.245E1,9.32E0,1.62E0));
#458=LINE('359',#457,#456);
#459=DIRECTION('',(0.E0,0.E0,1.E0));
#460=VECTOR('',#459,2.E0);
#461=CARTESIAN_POINT('',(2.245E1,0.E0,0.E0));
#462=LINE('529',#461,#460);
#463=DIRECTION('',(0.E0,9.981898719124E-1,6.014133031084E-2));
#464=VECTOR('',#463,6.401587693690E0);
#465=CARTESIAN_POINT('',(2.245E1,0.E0,2.E0));
#466=LINE('545',#465,#464);
#467=DIRECTION('',(-9.394931677529E-1,3.419475483585E-1,-2.060247357090E-2));
#468=VECTOR('',#467,1.148074989872E0);
#469=CARTESIAN_POINT('',(2.245E1,6.39E0,5.785E0));
#470=LINE('548',#469,#468);
#471=DIRECTION('',(-3.483640087733E-2,-9.975839989884E-1,6.010482623013E-2));
#472=VECTOR('',#471,3.871936029482E0);
#473=CARTESIAN_POINT('',(2.137139139095E1,6.782581428118E0,5.761346815364E0));
#474=LINE('549',#473,#472);
#475=DIRECTION('',(3.483640087734E-2,9.975839989884E-1,6.010482623013E-2));
#476=VECTOR('',#475,5.112351446266E-1);
#477=CARTESIAN_POINT('',(2.121869748281E1,2.41E0,2.145203442879E0));
#478=LINE('531',#477,#476);
#479=DIRECTION('',(-3.483640087734E-2,-9.975839989884E-1,6.010482623013E-2));
#480=VECTOR('',#479,5.112351446266E-1);
#481=CARTESIAN_POINT('',(2.123650707525E1,2.92E0,5.994068857590E0));
#482=LINE('532',#481,#480);
#483=DIRECTION('',(1.E0,0.E0,0.E0));
#484=VECTOR('',#483,2.113025171880E-1);
#485=CARTESIAN_POINT('',(2.121869748281E1,2.41E0,2.145203442879E0));
#486=LINE('535',#485,#484);
#487=DIRECTION('',(0.E0,0.E0,1.E0));
#488=VECTOR('',#487,1.075203442879E0);
#489=CARTESIAN_POINT('',(2.143E1,2.41E0,1.07E0));
#490=LINE('539',#489,#488);
#491=DIRECTION('',(1.E0,0.E0,0.E0));
#492=VECTOR('',#491,2.03E0);
#493=CARTESIAN_POINT('',(1.94E1,2.41E0,1.07E0));
#494=LINE('328',#493,#492);
#495=DIRECTION('',(0.E0,0.E0,-1.E0));
#496=VECTOR('',#495,6.75E0);
#497=CARTESIAN_POINT('',(1.94E1,2.41E0,7.82E0));
#498=LINE('327',#497,#496);
#499=DIRECTION('',(-1.E0,0.E0,0.E0));
#500=VECTOR('',#499,2.03E0);
#501=CARTESIAN_POINT('',(2.143E1,2.41E0,7.82E0));
#502=LINE('326',#501,#500);
#503=DIRECTION('',(0.E0,0.E0,1.E0));
#504=VECTOR('',#503,1.795203442879E0);
#505=CARTESIAN_POINT('',(2.143E1,2.41E0,6.024796557121E0));
#506=LINE('540',#505,#504);
#507=DIRECTION('',(-1.E0,0.E0,0.E0));
#508=VECTOR('',#507,2.113025171880E-1);
#509=CARTESIAN_POINT('',(2.143E1,2.41E0,6.024796557121E0));
#510=LINE('536',#509,#508);
#511=DIRECTION('',(0.E0,0.E0,1.E0));
#512=VECTOR('',#511,3.879593114241E0);
#513=CARTESIAN_POINT('',(2.121869748281E1,2.41E0,2.145203442879E0));
#514=LINE('543',#513,#512);
#515=DIRECTION('',(0.E0,1.E0,0.E0));
#516=VECTOR('',#515,2.03E0);
#517=CARTESIAN_POINT('',(1.94E1,3.8E-1,1.07E0));
#518=LINE('336',#517,#516);
#519=DIRECTION('',(0.E0,1.E0,0.E0));
#520=VECTOR('',#519,2.03E0);
#521=CARTESIAN_POINT('',(1.94E1,3.8E-1,7.82E0));
#522=LINE('335',#521,#520);
#523=DIRECTION('',(0.E0,1.E0,0.E0));
#524=VECTOR('',#523,2.03E0);
#525=CARTESIAN_POINT('',(2.143E1,3.8E-1,7.82E0));
#526=LINE('334',#525,#524);
#527=DIRECTION('',(0.E0,-9.981898719124E-1,6.014133031084E-2));
#528=VECTOR('',#527,2.414370319529E0);
#529=CARTESIAN_POINT('',(2.143E1,2.41E0,6.024796557121E0));
#530=LINE('534',#529,#528);
#531=DIRECTION('',(0.E0,0.E0,1.E0));
#532=VECTOR('',#531,1.07E0);
#533=CARTESIAN_POINT('',(2.143E1,3.8E-1,7.82E0));
#534=LINE('333',#533,#532);
#535=DIRECTION('',(0.E0,-1.E0,0.E0));
#536=VECTOR('',#535,8.94E0);
#537=CARTESIAN_POINT('',(1.846E1,9.32E0,8.89E0));
#538=LINE('409',#537,#536);
#539=DIRECTION('',(-1.E0,0.E0,0.E0));
#540=VECTOR('',#539,3.99E0);
#541=CARTESIAN_POINT('',(2.245E1,9.32E0,8.89E0));
#542=LINE('415',#541,#540);
#543=DIRECTION('',(0.E0,1.E0,0.E0));
#544=VECTOR('',#543,9.32E0);
#545=CARTESIAN_POINT('',(2.245E1,0.E0,8.89E0));
#546=LINE('313',#545,#544);
#547=DIRECTION('',(1.E0,0.E0,0.E0));
#548=VECTOR('',#547,1.02E0);
#549=CARTESIAN_POINT('',(2.143E1,0.E0,8.89E0));
#550=LINE('312',#549,#548);
#551=DIRECTION('',(0.E0,-1.E0,0.E0));
#552=VECTOR('',#551,3.8E-1);
#553=CARTESIAN_POINT('',(2.143E1,3.8E-1,8.89E0));
#554=LINE('311',#553,#552);
#555=DIRECTION('',(1.E0,0.E0,0.E0));
#556=VECTOR('',#555,2.97E0);
#557=CARTESIAN_POINT('',(1.846E1,3.8E-1,8.89E0));
#558=LINE('414',#557,#556);
#559=DIRECTION('',(0.E0,-1.E0,0.E0));
#560=VECTOR('',#559,7.1E0);
#561=CARTESIAN_POINT('',(1.846E1,9.32E0,8.22E0));
#562=LINE('441',#561,#560);
#563=DIRECTION('',(0.E0,0.E0,1.E0));
#564=VECTOR('',#563,6.E-1);
#565=CARTESIAN_POINT('',(1.846E1,2.22E0,7.62E0));
#566=LINE('442',#565,#564);
#567=DIRECTION('',(1.E0,0.E0,0.E0));
#568=VECTOR('',#567,1.43E0);
#569=CARTESIAN_POINT('',(1.703E1,2.22E0,8.22E0));
#570=LINE('452',#569,#568);
#571=DIRECTION('',(0.E0,-1.E0,0.E0));
#572=VECTOR('',#571,2.375E0);
#573=CARTESIAN_POINT('',(1.703E1,4.595E0,8.22E0));
#574=LINE('429',#573,#572);
#575=CARTESIAN_POINT('',(1.6305E1,4.595E0,8.22E0));
#576=DIRECTION('',(0.E0,0.E0,-1.E0));
#577=DIRECTION('',(-1.E0,-7.472949462305E-14,0.E0));
#578=AXIS2_PLACEMENT_3D('',#575,#576,#577);
#580=DIRECTION('',(0.E0,1.E0,0.E0));
#581=VECTOR('',#580,2.375E0);
#582=CARTESIAN_POINT('',(1.558E1,2.22E0,8.22E0));
#583=LINE('427',#582,#581);
#584=DIRECTION('',(1.E0,0.E0,0.E0));
#585=VECTOR('',#584,1.43E0);
#586=CARTESIAN_POINT('',(1.415E1,2.22E0,8.22E0));
#587=LINE('426',#586,#585);
#588=DIRECTION('',(0.E0,-1.E0,0.E0));
#589=VECTOR('',#588,7.1E0);
#590=CARTESIAN_POINT('',(1.415E1,9.32E0,8.22E0));
#591=LINE('425',#590,#589);
#592=DIRECTION('',(-1.E0,0.E0,0.E0));
#593=VECTOR('',#592,1.105E0);
#594=CARTESIAN_POINT('',(1.5255E1,9.32E0,8.22E0));
#595=LINE('424',#594,#593);
#596=DIRECTION('',(0.E0,1.E0,0.E0));
#597=VECTOR('',#596,1.E0);
#598=CARTESIAN_POINT('',(1.5255E1,8.32E0,8.22E0));
#599=LINE('423',#598,#597);
#600=DIRECTION('',(-1.E0,0.E0,0.E0));
#601=VECTOR('',#600,2.1E0);
#602=CARTESIAN_POINT('',(1.7355E1,8.32E0,8.22E0));
#603=LINE('431',#602,#601);
#604=DIRECTION('',(0.E0,-1.E0,0.E0));
#605=VECTOR('',#604,1.E0);
#606=CARTESIAN_POINT('',(1.7355E1,9.32E0,8.22E0));
#607=LINE('430',#606,#605);
#608=DIRECTION('',(-1.E0,0.E0,0.E0));
#609=VECTOR('',#608,1.105E0);
#610=CARTESIAN_POINT('',(1.846E1,9.32E0,8.22E0));
#611=LINE('453',#610,#609);
#612=DIRECTION('',(0.E0,0.E0,1.E0));
#613=VECTOR('',#612,6.E-1);
#614=CARTESIAN_POINT('',(1.703E1,2.22E0,7.62E0));
#615=LINE('455',#614,#613);
#616=DIRECTION('',(1.E0,0.E0,0.E0));
#617=VECTOR('',#616,5.45E-1);
#618=CARTESIAN_POINT('',(1.5035E1,2.22E0,7.62E0));
#619=LINE('443',#618,#617);
#620=DIRECTION('',(0.E0,-1.E0,0.E0));
#621=VECTOR('',#620,7.E-1);
#622=CARTESIAN_POINT('',(1.558E1,2.92E0,7.62E0));
#623=LINE('444',#622,#621);
#624=DIRECTION('',(0.E0,-1.E0,0.E0));
#625=VECTOR('',#624,7.E-1);
#626=CARTESIAN_POINT('',(1.703E1,2.92E0,7.62E0));
#627=LINE('445',#626,#625);
#628=DIRECTION('',(-1.E0,0.E0,0.E0));
#629=VECTOR('',#628,1.43E0);
#630=CARTESIAN_POINT('',(1.846E1,2.22E0,7.62E0));
#631=LINE('446',#630,#629);
#632=DIRECTION('',(0.E0,1.E0,0.E0));
#633=VECTOR('',#632,1.84E0);
#634=CARTESIAN_POINT('',(1.846E1,3.8E-1,7.62E0));
#635=LINE('449',#634,#633);
#636=DIRECTION('',(0.E0,-1.E0,0.E0));
#637=VECTOR('',#636,1.44E0);
#638=CARTESIAN_POINT('',(1.415E1,1.82E0,7.62E0));
#639=LINE('416',#638,#637);
#640=CARTESIAN_POINT('',(1.4835E1,2.02E0,7.62E0));
#641=DIRECTION('',(0.E0,0.E0,1.E0));
#642=DIRECTION('',(0.E0,-1.E0,0.E0));
#643=AXIS2_PLACEMENT_3D('',#640,#641,#642);
#645=DIRECTION('',(0.E0,0.E0,1.E0));
#646=VECTOR('',#645,6.E-1);
#647=CARTESIAN_POINT('',(1.415E1,2.22E0,7.62E0));
#648=LINE('435',#647,#646);
#649=DIRECTION('',(0.E0,-1.E0,0.E0));
#650=VECTOR('',#649,1.E0);
#651=CARTESIAN_POINT('',(1.7355E1,9.32E0,7.62E0));
#652=LINE('421',#651,#650);
#653=DIRECTION('',(-1.E0,0.E0,0.E0));
#654=VECTOR('',#653,2.1E0);
#655=CARTESIAN_POINT('',(1.7355E1,8.32E0,7.62E0));
#656=LINE('422',#655,#654);
#657=DIRECTION('',(0.E0,1.E0,0.E0));
#658=VECTOR('',#657,1.E0);
#659=CARTESIAN_POINT('',(1.5255E1,8.32E0,7.62E0));
#660=LINE('417',#659,#658);
#661=DIRECTION('',(-1.E0,0.E0,0.E0));
#662=VECTOR('',#661,1.105E0);
#663=CARTESIAN_POINT('',(1.5255E1,9.32E0,7.62E0));
#664=LINE('418',#663,#662);
#665=DIRECTION('',(0.E0,-1.E0,0.E0));
#666=VECTOR('',#665,7.1E0);
#667=CARTESIAN_POINT('',(1.415E1,9.32E0,7.62E0));
#668=LINE('419',#667,#666);
#669=DIRECTION('',(1.E0,0.E0,0.E0));
#670=VECTOR('',#669,8.85E-1);
#671=CARTESIAN_POINT('',(1.415E1,2.22E0,7.62E0));
#672=LINE('560',#671,#670);
#673=DIRECTION('',(0.E0,1.E0,0.E0));
#674=VECTOR('',#673,1.675E0);
#675=CARTESIAN_POINT('',(1.558E1,2.92E0,7.62E0));
#676=LINE('450',#675,#674);
#677=CARTESIAN_POINT('',(1.6305E1,4.595E0,7.62E0));
#678=DIRECTION('',(0.E0,0.E0,-1.E0));
#679=DIRECTION('',(-1.E0,-7.472949462305E-14,0.E0));
#680=AXIS2_PLACEMENT_3D('',#677,#678,#679);
#682=DIRECTION('',(0.E0,-1.E0,0.E0));
#683=VECTOR('',#682,1.675E0);
#684=CARTESIAN_POINT('',(1.703E1,4.595E0,7.62E0));
#685=LINE('451',#684,#683);
#686=DIRECTION('',(1.E0,0.E0,0.E0));
#687=VECTOR('',#686,4.206507075253E0);
#688=CARTESIAN_POINT('',(1.703E1,2.92E0,7.62E0));
#689=LINE('584',#688,#687);
#690=DIRECTION('',(3.489949670250E-2,9.993908270191E-1,0.E0));
#691=VECTOR('',#690,6.403901083512E0);
#692=CARTESIAN_POINT('',(2.123650707525E1,2.92E0,7.62E0));
#693=LINE('339',#692,#691);
#694=DIRECTION('',(0.E0,0.E0,-1.E0));
#695=VECTOR('',#694,6.7E-1);
#696=CARTESIAN_POINT('',(1.846E1,9.32E0,8.89E0));
#697=LINE('447',#696,#695);
#698=DIRECTION('',(1.E0,0.E0,0.E0));
#699=VECTOR('',#698,4.105E0);
#700=CARTESIAN_POINT('',(1.7355E1,9.32E0,7.62E0));
#701=LINE('563',#700,#699);
#702=DIRECTION('',(0.E0,0.E0,1.E0));
#703=VECTOR('',#702,5.E0);
#704=CARTESIAN_POINT('',(2.146E1,9.32E0,2.62E0));
#705=LINE('376',#704,#703);
#706=DIRECTION('',(-1.E0,0.E0,0.E0));
#707=VECTOR('',#706,9.9E-1);
#708=CARTESIAN_POINT('',(2.245E1,9.32E0,2.62E0));
#709=LINE('364',#708,#707);
#710=DIRECTION('',(0.E0,0.E0,1.E0));
#711=VECTOR('',#710,6.27E0);
#712=CARTESIAN_POINT('',(2.245E1,9.32E0,2.62E0));
#713=LINE('375',#712,#711);
#714=DIRECTION('',(0.E0,0.E0,1.E0));
#715=VECTOR('',#714,6.E-1);
#716=CARTESIAN_POINT('',(1.7355E1,9.32E0,7.62E0));
#717=LINE('438',#716,#715);
#718=DIRECTION('',(0.E0,0.E0,1.E0));
#719=VECTOR('',#718,6.E-1);
#720=CARTESIAN_POINT('',(1.7355E1,8.32E0,7.62E0));
#721=LINE('439',#720,#719);
#722=DIRECTION('',(0.E0,0.E0,1.E0));
#723=VECTOR('',#722,6.E-1);
#724=CARTESIAN_POINT('',(1.5255E1,8.32E0,7.62E0));
#725=LINE('432',#724,#723);
#726=DIRECTION('',(0.E0,0.E0,1.E0));
#727=VECTOR('',#726,6.E-1);
#728=CARTESIAN_POINT('',(1.5255E1,9.32E0,7.62E0));
#729=LINE('433',#728,#727);
#730=DIRECTION('',(0.E0,0.E0,1.E0));
#731=VECTOR('',#730,6.E-1);
#732=CARTESIAN_POINT('',(1.415E1,9.32E0,7.62E0));
#733=LINE('434',#732,#731);
#734=DIRECTION('',(1.E0,0.E0,0.E0));
#735=VECTOR('',#734,1.024920769492E0);
#736=CARTESIAN_POINT('',(2.142507923051E1,8.32E0,2.62E0));
#737=LINE('381',#736,#735);
#738=DIRECTION('',(1.E0,0.E0,0.E0));
#739=VECTOR('',#738,1.024920769492E0);
#740=CARTESIAN_POINT('',(2.142507923051E1,8.32E0,1.62E0));
#741=LINE('379',#740,#739);
#742=DIRECTION('',(0.E0,-1.E0,0.E0));
#743=VECTOR('',#742,7.E-1);
#744=CARTESIAN_POINT('',(1.5035E1,2.92E0,7.62E0));
#745=LINE('559',#744,#743);
#746=DIRECTION('',(0.E0,1.E0,0.E0));
#747=VECTOR('',#746,2.E-1);
#748=CARTESIAN_POINT('',(1.5035E1,2.02E0,7.62E0));
#749=LINE('561',#748,#747);
#750=DIRECTION('',(0.E0,0.E0,-1.E0));
#751=VECTOR('',#750,8.95E-1);
#752=CARTESIAN_POINT('',(1.5035E1,2.02E0,7.62E0));
#753=LINE('558',#752,#751);
#754=DIRECTION('',(0.E0,0.E0,-1.E0));
#755=VECTOR('',#754,8.95E-1);
#756=CARTESIAN_POINT('',(1.4835E1,1.82E0,7.62E0));
#757=LINE('557',#756,#755);
#758=DIRECTION('',(-1.E0,0.E0,0.E0));
#759=VECTOR('',#758,6.85E-1);
#760=CARTESIAN_POINT('',(1.4835E1,1.82E0,7.62E0));
#761=LINE('553',#760,#759);
#762=DIRECTION('',(0.E0,0.E0,-1.E0));
#763=VECTOR('',#762,1.27E0);
#764=CARTESIAN_POINT('',(1.415E1,1.82E0,8.89E0));
#765=LINE('554',#764,#763);
#766=DIRECTION('',(0.E0,0.E0,-1.E0));
#767=VECTOR('',#766,2.165E0);
#768=CARTESIAN_POINT('',(1.0155E1,1.82E0,8.89E0));
#769=LINE('355',#768,#767);
#770=DIRECTION('',(0.E0,0.E0,-1.E0));
#771=VECTOR('',#770,2.165E0);
#772=CARTESIAN_POINT('',(9.955E0,2.02E0,8.89E0));
#773=LINE('354',#772,#771);
#774=DIRECTION('',(0.E0,1.E0,0.E0));
#775=VECTOR('',#774,6.4E0);
#776=CARTESIAN_POINT('',(9.955E0,2.92E0,7.62E0));
#777=LINE('347',#776,#775);
#778=DIRECTION('',(3.489949670250E-2,-9.993908270191E-1,0.E0));
#779=VECTOR('',#778,6.403901083512E0);
#780=CARTESIAN_POINT('',(3.53E0,9.32E0,7.62E0));
#781=LINE('340',#780,#779);
#782=DIRECTION('',(1.E0,0.E0,0.E0));
#783=VECTOR('',#782,6.201507075253E0);
#784=CARTESIAN_POINT('',(3.753492924747E0,2.92E0,7.62E0));
#785=LINE('350',#784,#783);
#786=DIRECTION('',(-3.484330644401E-2,9.977817485450E-1,-5.672324273645E-2));
#787=VECTOR('',#786,4.247275717643E0);
#788=CARTESIAN_POINT('',(3.753492924747E0,2.92E0,6.003999901249E0));
#789=LINE('403',#788,#787);
#790=DIRECTION('',(3.489949670250E-2,-9.993908270191E-1,0.E0));
#791=VECTOR('',#790,1.000609544299E0);
#792=CARTESIAN_POINT('',(3.53E0,9.32E0,2.62E0));
#793=LINE('371',#792,#791);
#794=DIRECTION('',(0.E0,0.E0,1.E0));
#795=VECTOR('',#794,1.E0);
#796=CARTESIAN_POINT('',(3.564920769492E0,8.32E0,1.62E0));
#797=LINE('370',#796,#795);
#798=DIRECTION('',(3.489949670250E-2,-9.993908270191E-1,0.E0));
#799=VECTOR('',#798,1.000609544299E0);
#800=CARTESIAN_POINT('',(3.53E0,9.32E0,1.62E0));
#801=LINE('369',#800,#799);
#802=DIRECTION('',(-3.484330644401E-2,9.977817485450E-1,5.672324273645E-2));
#803=VECTOR('',#802,4.247275717643E0);
#804=CARTESIAN_POINT('',(3.753492924747E0,2.92E0,2.166000098751E0));
#805=LINE('405',#804,#803);
#806=DIRECTION('',(0.E0,0.E0,-1.E0));
#807=VECTOR('',#806,3.356161299497E0);
#808=CARTESIAN_POINT('',(3.605503795365E0,7.157854192103E0,5.763080649748E0));
#809=LINE('404',#808,#807);
#810=DIRECTION('',(1.E0,0.E0,0.E0));
#811=VECTOR('',#810,1.45E0);
#812=CARTESIAN_POINT('',(1.558E1,2.92E0,7.62E0));
#813=LINE('448',#812,#811);
#814=DIRECTION('',(1.E0,0.E0,0.E0));
#815=VECTOR('',#814,5.45E-1);
#816=CARTESIAN_POINT('',(1.5035E1,2.92E0,7.62E0));
#817=LINE('440',#816,#815);
#818=DIRECTION('',(0.E0,0.E0,-1.E0));
#819=VECTOR('',#818,8.95E-1);
#820=CARTESIAN_POINT('',(1.5035E1,2.92E0,7.62E0));
#821=LINE('562',#820,#819);
#822=DIRECTION('',(1.E0,0.E0,0.E0));
#823=VECTOR('',#822,5.08E0);
#824=CARTESIAN_POINT('',(9.955E0,2.92E0,6.725E0));
#825=LINE('348',#824,#823);
#826=DIRECTION('',(0.E0,0.E0,-1.E0));
#827=VECTOR('',#826,8.95E-1);
#828=CARTESIAN_POINT('',(9.955E0,2.92E0,7.62E0));
#829=LINE('349',#828,#827);
#830=DIRECTION('',(0.E0,0.E0,-1.E0));
#831=VECTOR('',#830,1.616000098751E0);
#832=CARTESIAN_POINT('',(3.753492924747E0,2.92E0,7.62E0));
#833=LINE('396',#832,#831);
#834=DIRECTION('',(0.E0,0.E0,1.E0));
#835=VECTOR('',#834,3.837999802498E0);
#836=CARTESIAN_POINT('',(3.753492924747E0,2.92E0,2.166000098751E0));
#837=LINE('389',#836,#835);
#838=DIRECTION('',(0.E0,0.E0,-1.E0));
#839=VECTOR('',#838,8.960000987510E-1);
#840=CARTESIAN_POINT('',(3.753492924747E0,2.92E0,2.166000098751E0));
#841=LINE('397',#840,#839);
#842=DIRECTION('',(0.E0,0.E0,1.E0));
#843=VECTOR('',#842,3.818137715180E0);
#844=CARTESIAN_POINT('',(2.123650707525E1,2.92E0,2.175931142410E0));
#845=LINE('544',#844,#843);
#846=DIRECTION('',(1.E0,0.E0,0.E0));
#847=VECTOR('',#846,6.2E-1);
#848=CARTESIAN_POINT('',(7.105E0,2.92E0,6.025E0));
#849=LINE('609',#848,#847);
#850=DIRECTION('',(0.E0,0.E0,1.E0));
#851=VECTOR('',#850,6.2E-1);
#852=CARTESIAN_POINT('',(7.725E0,2.92E0,5.405E0));
#853=LINE('612',#852,#851);
#854=DIRECTION('',(1.E0,0.E0,0.E0));
#855=VECTOR('',#854,6.2E-1);
#856=CARTESIAN_POINT('',(7.105E0,2.92E0,5.405E0));
#857=LINE('610',#856,#855);
#858=DIRECTION('',(0.E0,0.E0,1.E0));
#859=VECTOR('',#858,6.2E-1);
#860=CARTESIAN_POINT('',(7.105E0,2.92E0,5.405E0));
#861=LINE('611',#860,#859);
#862=DIRECTION('',(1.E0,0.E0,0.E0));
#863=VECTOR('',#862,6.2E-1);
#864=CARTESIAN_POINT('',(9.645E0,2.92E0,6.025E0));
#865=LINE('653',#864,#863);
#866=DIRECTION('',(0.E0,0.E0,1.E0));
#867=VECTOR('',#866,6.2E-1);
#868=CARTESIAN_POINT('',(1.0265E1,2.92E0,5.405E0));
#869=LINE('656',#868,#867);
#870=DIRECTION('',(1.E0,0.E0,0.E0));
#871=VECTOR('',#870,6.2E-1);
#872=CARTESIAN_POINT('',(9.645E0,2.92E0,5.405E0));
#873=LINE('654',#872,#871);
#874=DIRECTION('',(0.E0,0.E0,1.E0));
#875=VECTOR('',#874,6.2E-1);
#876=CARTESIAN_POINT('',(9.645E0,2.92E0,5.405E0));
#877=LINE('655',#876,#875);
#878=DIRECTION('',(1.E0,0.E0,0.E0));
#879=VECTOR('',#878,6.2E-1);
#880=CARTESIAN_POINT('',(1.2185E1,2.92E0,6.025E0));
#881=LINE('697',#880,#879);
#882=DIRECTION('',(0.E0,0.E0,1.E0));
#883=VECTOR('',#882,6.2E-1);
#884=CARTESIAN_POINT('',(1.2805E1,2.92E0,5.405E0));
#885=LINE('700',#884,#883);
#886=DIRECTION('',(1.E0,0.E0,0.E0));
#887=VECTOR('',#886,6.2E-1);
#888=CARTESIAN_POINT('',(1.2185E1,2.92E0,5.405E0));
#889=LINE('698',#888,#887);
#890=DIRECTION('',(0.E0,0.E0,1.E0));
#891=VECTOR('',#890,6.2E-1);
#892=CARTESIAN_POINT('',(1.2185E1,2.92E0,5.405E0));
#893=LINE('699',#892,#891);
#894=DIRECTION('',(1.E0,0.E0,0.E0));
#895=VECTOR('',#894,6.2E-1);
#896=CARTESIAN_POINT('',(1.4725E1,2.92E0,6.025E0));
#897=LINE('741',#896,#895);
#898=DIRECTION('',(0.E0,0.E0,1.E0));
#899=VECTOR('',#898,6.2E-1);
#900=CARTESIAN_POINT('',(1.5345E1,2.92E0,5.405E0));
#901=LINE('744',#900,#899);
#902=DIRECTION('',(1.E0,0.E0,0.E0));
#903=VECTOR('',#902,6.2E-1);
#904=CARTESIAN_POINT('',(1.4725E1,2.92E0,5.405E0));
#905=LINE('742',#904,#903);
#906=DIRECTION('',(0.E0,0.E0,1.E0));
#907=VECTOR('',#906,6.2E-1);
#908=CARTESIAN_POINT('',(1.4725E1,2.92E0,5.405E0));
#909=LINE('743',#908,#907);
#910=DIRECTION('',(1.E0,0.E0,0.E0));
#911=VECTOR('',#910,6.2E-1);
#912=CARTESIAN_POINT('',(1.7265E1,2.92E0,6.025E0));
#913=LINE('785',#912,#911);
#914=DIRECTION('',(0.E0,0.E0,1.E0));
#915=VECTOR('',#914,6.2E-1);
#916=CARTESIAN_POINT('',(1.7885E1,2.92E0,5.405E0));
#917=LINE('788',#916,#915);
#918=DIRECTION('',(1.E0,0.E0,0.E0));
#919=VECTOR('',#918,6.2E-1);
#920=CARTESIAN_POINT('',(1.7265E1,2.92E0,5.405E0));
#921=LINE('786',#920,#919);
#922=DIRECTION('',(0.E0,0.E0,1.E0));
#923=VECTOR('',#922,6.2E-1);
#924=CARTESIAN_POINT('',(1.7265E1,2.92E0,5.405E0));
#925=LINE('787',#924,#923);
#926=DIRECTION('',(0.E0,0.E0,-1.E0));
#927=VECTOR('',#926,6.2E-1);
#928=CARTESIAN_POINT('',(7.725E0,2.92E0,3.485E0));
#929=LINE('829',#928,#927);
#930=DIRECTION('',(1.E0,0.E0,0.E0));
#931=VECTOR('',#930,6.2E-1);
#932=CARTESIAN_POINT('',(7.105E0,2.92E0,2.865E0));
#933=LINE('832',#932,#931);
#934=DIRECTION('',(0.E0,0.E0,-1.E0));
#935=VECTOR('',#934,6.2E-1);
#936=CARTESIAN_POINT('',(7.105E0,2.92E0,3.485E0));
#937=LINE('830',#936,#935);
#938=DIRECTION('',(1.E0,0.E0,0.E0));
#939=VECTOR('',#938,6.2E-1);
#940=CARTESIAN_POINT('',(7.105E0,2.92E0,3.485E0));
#941=LINE('831',#940,#939);
#942=DIRECTION('',(0.E0,0.E0,-1.E0));
#943=VECTOR('',#942,6.2E-1);
#944=CARTESIAN_POINT('',(1.0265E1,2.92E0,3.485E0));
#945=LINE('873',#944,#943);
#946=DIRECTION('',(1.E0,0.E0,0.E0));
#947=VECTOR('',#946,6.2E-1);
#948=CARTESIAN_POINT('',(9.645E0,2.92E0,2.865E0));
#949=LINE('876',#948,#947);
#950=DIRECTION('',(0.E0,0.E0,-1.E0));
#951=VECTOR('',#950,6.2E-1);
#952=CARTESIAN_POINT('',(9.645E0,2.92E0,3.485E0));
#953=LINE('874',#952,#951);
#954=DIRECTION('',(1.E0,0.E0,0.E0));
#955=VECTOR('',#954,6.2E-1);
#956=CARTESIAN_POINT('',(9.645E0,2.92E0,3.485E0));
#957=LINE('875',#956,#955);
#958=DIRECTION('',(0.E0,0.E0,-1.E0));
#959=VECTOR('',#958,6.2E-1);
#960=CARTESIAN_POINT('',(1.2805E1,2.92E0,3.485E0));
#961=LINE('917',#960,#959);
#962=DIRECTION('',(1.E0,0.E0,0.E0));
#963=VECTOR('',#962,6.2E-1);
#964=CARTESIAN_POINT('',(1.2185E1,2.92E0,2.865E0));
#965=LINE('920',#964,#963);
#966=DIRECTION('',(0.E0,0.E0,-1.E0));
#967=VECTOR('',#966,6.2E-1);
#968=CARTESIAN_POINT('',(1.2185E1,2.92E0,3.485E0));
#969=LINE('918',#968,#967);
#970=DIRECTION('',(1.E0,0.E0,0.E0));
#971=VECTOR('',#970,6.2E-1);
#972=CARTESIAN_POINT('',(1.2185E1,2.92E0,3.485E0));
#973=LINE('919',#972,#971);
#974=DIRECTION('',(0.E0,0.E0,-1.E0));
#975=VECTOR('',#974,6.2E-1);
#976=CARTESIAN_POINT('',(1.5345E1,2.92E0,3.485E0));
#977=LINE('961',#976,#975);
#978=DIRECTION('',(1.E0,0.E0,0.E0));
#979=VECTOR('',#978,6.2E-1);
#980=CARTESIAN_POINT('',(1.4725E1,2.92E0,2.865E0));
#981=LINE('964',#980,#979);
#982=DIRECTION('',(0.E0,0.E0,-1.E0));
#983=VECTOR('',#982,6.2E-1);
#984=CARTESIAN_POINT('',(1.4725E1,2.92E0,3.485E0));
#985=LINE('962',#984,#983);
#986=DIRECTION('',(1.E0,0.E0,0.E0));
#987=VECTOR('',#986,6.2E-1);
#988=CARTESIAN_POINT('',(1.4725E1,2.92E0,3.485E0));
#989=LINE('963',#988,#987);
#990=DIRECTION('',(0.E0,0.E0,-1.E0));
#991=VECTOR('',#990,6.2E-1);
#992=CARTESIAN_POINT('',(1.7885E1,2.92E0,3.485E0));
#993=LINE('1005',#992,#991);
#994=DIRECTION('',(1.E0,0.E0,0.E0));
#995=VECTOR('',#994,6.2E-1);
#996=CARTESIAN_POINT('',(1.7265E1,2.92E0,2.865E0));
#997=LINE('1008',#996,#995);
#998=DIRECTION('',(0.E0,0.E0,-1.E0));
#999=VECTOR('',#998,6.2E-1);
#1000=CARTESIAN_POINT('',(1.7265E1,2.92E0,3.485E0));
#1001=LINE('1006',#1000,#999);
#1002=DIRECTION('',(1.E0,0.E0,0.E0));
#1003=VECTOR('',#1002,6.2E-1);
#1004=CARTESIAN_POINT('',(1.7265E1,2.92E0,3.485E0));
#1005=LINE('1007',#1004,#1003);
#1006=DIRECTION('',(0.E0,1.E0,0.E0));
#1007=VECTOR('',#1006,9.E-1);
#1008=CARTESIAN_POINT('',(1.5035E1,2.02E0,6.725E0));
#1009=LINE('353',#1008,#1007);
#1010=CARTESIAN_POINT('',(1.4835E1,2.02E0,6.725E0));
#1011=DIRECTION('',(0.E0,0.E0,1.E0));
#1012=DIRECTION('',(0.E0,-1.E0,0.E0));
#1013=AXIS2_PLACEMENT_3D('',#1010,#1011,#1012);
#1015=DIRECTION('',(1.E0,0.E0,0.E0));
#1016=VECTOR('',#1015,4.68E0);
#1017=CARTESIAN_POINT('',(1.0155E1,1.82E0,6.725E0));
#1018=LINE('342',#1017,#1016);
#1019=CARTESIAN_POINT('',(1.0155E1,2.02E0,6.725E0));
#1020=DIRECTION('',(0.E0,0.E0,1.E0));
#1021=DIRECTION('',(-1.E0,0.E0,0.E0));
#1022=AXIS2_PLACEMENT_3D('',#1019,#1020,#1021);
#1024=DIRECTION('',(0.E0,-1.E0,0.E0));
#1025=VECTOR('',#1024,9.E-1);
#1026=CARTESIAN_POINT('',(9.955E0,2.92E0,6.725E0));
#1027=LINE('352',#1026,#1025);
#1028=DIRECTION('',(3.484330644401E-2,-9.977817485450E-1,-5.672324273645E-2));
#1029=VECTOR('',#1028,5.111338233473E-1);
#1030=CARTESIAN_POINT('',(3.753492924747E0,2.92E0,2.166000098751E0));
#1031=LINE('399',#1030,#1029);
#1032=DIRECTION('',(-3.484330644401E-2,9.977817485450E-1,-5.672324273645E-2));
#1033=VECTOR('',#1032,5.111338233473E-1);
#1034=CARTESIAN_POINT('',(3.771302517188E0,2.41E0,6.032993069182E0));
#1035=LINE('398',#1034,#1033);
#1036=DIRECTION('',(0.E0,0.E0,1.E0));
#1037=VECTOR('',#1036,3.895986138363E0);
#1038=CARTESIAN_POINT('',(3.771302517188E0,2.41E0,2.137006930818E0));
#1039=LINE('386',#1038,#1037);
#1040=DIRECTION('',(1.E0,0.E0,0.E0));
#1041=VECTOR('',#1040,2.113025171880E-1);
#1042=CARTESIAN_POINT('',(3.56E0,2.41E0,6.032993069182E0));
#1043=LINE('387',#1042,#1041);
#1044=DIRECTION('',(0.E0,0.E0,-1.E0));
#1045=VECTOR('',#1044,1.787006930818E0);
#1046=CARTESIAN_POINT('',(3.56E0,2.41E0,7.82E0));
#1047=LINE('394',#1046,#1045);
#1048=DIRECTION('',(-1.E0,0.E0,0.E0));
#1049=VECTOR('',#1048,2.03E0);
#1050=CARTESIAN_POINT('',(5.59E0,2.41E0,7.82E0));
#1051=LINE('316',#1050,#1049);
#1052=DIRECTION('',(0.E0,0.E0,1.E0));
#1053=VECTOR('',#1052,6.75E0);
#1054=CARTESIAN_POINT('',(5.59E0,2.41E0,1.07E0));
#1055=LINE('315',#1054,#1053);
#1056=DIRECTION('',(1.E0,0.E0,0.E0));
#1057=VECTOR('',#1056,2.03E0);
#1058=CARTESIAN_POINT('',(3.56E0,2.41E0,1.07E0));
#1059=LINE('314',#1058,#1057);
#1060=DIRECTION('',(0.E0,0.E0,-1.E0));
#1061=VECTOR('',#1060,1.067006930818E0);
#1062=CARTESIAN_POINT('',(3.56E0,2.41E0,2.137006930818E0));
#1063=LINE('395',#1062,#1061);
#1064=DIRECTION('',(1.E0,0.E0,0.E0));
#1065=VECTOR('',#1064,2.113025171880E-1);
#1066=CARTESIAN_POINT('',(3.56E0,2.41E0,2.137006930818E0));
#1067=LINE('388',#1066,#1065);
#1068=DIRECTION('',(0.E0,-9.983879820632E-1,5.675770671723E-2));
#1069=VECTOR('',#1068,2.413891235970E0);
#1070=CARTESIAN_POINT('',(3.56E0,2.41E0,6.032993069182E0));
#1071=LINE('384',#1070,#1069);
#1072=DIRECTION('',(0.E0,0.E0,1.E0));
#1073=VECTOR('',#1072,2.72E0);
#1074=CARTESIAN_POINT('',(3.56E0,0.E0,6.17E0));
#1075=LINE('393',#1074,#1073);
#1076=DIRECTION('',(0.E0,1.E0,0.E0));
#1077=VECTOR('',#1076,2.03E0);
#1078=CARTESIAN_POINT('',(3.56E0,3.8E-1,7.82E0));
#1079=LINE('322',#1078,#1077);
#1080=DIRECTION('',(0.E0,1.E0,0.E0));
#1081=VECTOR('',#1080,2.03E0);
#1082=CARTESIAN_POINT('',(5.59E0,3.8E-1,7.82E0));
#1083=LINE('325',#1082,#1081);
#1084=DIRECTION('',(0.E0,1.E0,0.E0));
#1085=VECTOR('',#1084,2.03E0);
#1086=CARTESIAN_POINT('',(5.59E0,3.8E-1,1.07E0));
#1087=LINE('324',#1086,#1085);
#1088=DIRECTION('',(0.E0,1.E0,0.E0));
#1089=VECTOR('',#1088,2.03E0);
#1090=CARTESIAN_POINT('',(3.56E0,3.8E-1,1.07E0));
#1091=LINE('323',#1090,#1089);
#1092=DIRECTION('',(3.489949670250E-2,9.993908270191E-1,0.E0));
#1093=VECTOR('',#1092,5.853565834148E0);
#1094=CARTESIAN_POINT('',(2.123650707525E1,2.92E0,1.27E0));
#1095=LINE('461',#1094,#1093);
#1096=DIRECTION('',(1.E0,0.E0,0.E0));
#1097=VECTOR('',#1096,1.748301415051E1);
#1098=CARTESIAN_POINT('',(3.753492924747E0,2.92E0,1.27E0));
#1099=LINE('338',#1098,#1097);
#1100=DIRECTION('',(3.489949670250E-2,-9.993908270191E-1,0.E0));
#1101=VECTOR('',#1100,5.853565834148E0);
#1102=CARTESIAN_POINT('',(3.549206423220E0,8.77E0,1.27E0));
#1103=LINE('462',#1102,#1101);
#1104=DIRECTION('',(1.E0,0.E0,0.E0));
#1105=VECTOR('',#1104,1.793E1);
#1106=CARTESIAN_POINT('',(3.53E0,9.32E0,7.2E-1));
#1107=LINE('456',#1106,#1105);
#1108=DIRECTION('',(-2.468518840783E-2,-7.068913075832E-1,7.068913075832E-1));
#1109=VECTOR('',#1108,7.780545525173E-1);
#1110=CARTESIAN_POINT('',(2.146E1,9.32E0,7.2E-1));
#1111=LINE('458',#1110,#1109);
#1112=DIRECTION('',(1.E0,0.E0,0.E0));
#1113=VECTOR('',#1112,1.789158715356E1);
#1114=CARTESIAN_POINT('',(3.549206423220E0,8.77E0,1.27E0));
#1115=LINE('457',#1114,#1113);
#1116=DIRECTION('',(2.468518840785E-2,-7.068913075832E-1,7.068913075832E-1));
#1117=VECTOR('',#1116,7.780545525173E-1);
#1118=CARTESIAN_POINT('',(3.53E0,9.32E0,7.2E-1));
#1119=LINE('459',#1118,#1117);
#1120=DIRECTION('',(0.E0,1.E0,0.E0));
#1121=VECTOR('',#1120,5.436852659994E0);
#1122=CARTESIAN_POINT('',(7.105E0,2.92E0,6.025E0));
#1123=LINE('622',#1122,#1121);
#1124=DIRECTION('',(1.E0,0.E0,0.E0));
#1125=VECTOR('',#1124,6.2E-1);
#1126=CARTESIAN_POINT('',(7.105E0,8.356852659994E0,6.025E0));
#1127=LINE('605',#1126,#1125);
#1128=DIRECTION('',(0.E0,0.E0,1.E0));
#1129=VECTOR('',#1128,6.2E-1);
#1130=CARTESIAN_POINT('',(7.105E0,8.356852659994E0,5.405E0));
#1131=LINE('597',#1130,#1129);
#1132=DIRECTION('',(1.E0,0.E0,0.E0));
#1133=VECTOR('',#1132,6.2E-1);
#1134=CARTESIAN_POINT('',(7.105E0,8.356852659994E0,5.405E0));
#1135=LINE('607',#1134,#1133);
#1136=DIRECTION('',(0.E0,1.E0,0.E0));
#1137=VECTOR('',#1136,5.436852659994E0);
#1138=CARTESIAN_POINT('',(7.105E0,2.92E0,5.405E0));
#1139=LINE('626',#1138,#1137);
#1140=DIRECTION('',(0.E0,1.E0,0.E0));
#1141=VECTOR('',#1140,5.436852659994E0);
#1142=CARTESIAN_POINT('',(7.725E0,2.92E0,6.025E0));
#1143=LINE('624',#1142,#1141);
#1144=DIRECTION('',(0.E0,0.E0,1.E0));
#1145=VECTOR('',#1144,6.2E-1);
#1146=CARTESIAN_POINT('',(7.725E0,8.356852659994E0,5.405E0));
#1147=LINE('599',#1146,#1145);
#1148=DIRECTION('',(0.E0,1.E0,0.E0));
#1149=VECTOR('',#1148,5.436852659994E0);
#1150=CARTESIAN_POINT('',(7.725E0,2.92E0,5.405E0));
#1151=LINE('628',#1150,#1149);
#1152=DIRECTION('',(2.949646125502E-1,8.978839835336E-1,3.268030438306E-1));
#1153=VECTOR('',#1152,5.172721309467E-1);
#1154=CARTESIAN_POINT('',(7.105E0,8.356852659994E0,5.405E0));
#1155=LINE('585',#1154,#1153);
#1156=DIRECTION('',(-2.949646125503E-1,8.978839835336E-1,3.268030438306E-1));
#1157=VECTOR('',#1156,5.172721309467E-1);
#1158=CARTESIAN_POINT('',(7.725E0,8.356852659994E0,5.405E0));
#1159=LINE('586',#1158,#1157);
#1160=CARTESIAN_POINT('',(7.257576973688E0,8.821303021499E0,5.855953893118E0));
#1161=CARTESIAN_POINT('',(7.258902198826E0,8.825337059400E0,5.854485623398E0));
#1162=CARTESIAN_POINT('',(7.261214955889E0,8.832377183658E0,5.851549083958E0));
#1163=CARTESIAN_POINT('',(7.265068362369E0,8.844107105871E0,5.845676005078E0));
#1164=CARTESIAN_POINT('',(7.268916708601E0,8.855821624488E0,5.838334656478E0));
#1165=CARTESIAN_POINT('',(7.272650610547E0,8.867187770157E0,5.829525038158E0));
#1166=CARTESIAN_POINT('',(7.275760392209E0,8.876654068918E0,5.820715419838E0));
#1167=CARTESIAN_POINT('',(7.278399859090E0,8.884688710827E0,5.811905801519E0));
#1168=CARTESIAN_POINT('',(7.281411902688E0,8.893857491043E0,5.800159643759E0));
#1169=CARTESIAN_POINT('',(7.284384809449E0,8.902907137175E0,5.785476946559E0));
#1170=CARTESIAN_POINT('',(7.286976813410E0,8.910797300072E0,5.767857709919E0));
#1171=CARTESIAN_POINT('',(7.289331607059E0,8.917965385368E0,5.744365394400E0));
#1172=CARTESIAN_POINT('',(7.290445595294E0,8.921356409755E0,5.715E0));
#1173=CARTESIAN_POINT('',(7.289331607059E0,8.917965385368E0,5.685634605600E0));
#1174=CARTESIAN_POINT('',(7.286976813410E0,8.910797300072E0,5.662142290081E0));
#1175=CARTESIAN_POINT('',(7.284384809449E0,8.902907137175E0,5.644523053441E0));
#1176=CARTESIAN_POINT('',(7.281411902688E0,8.893857491043E0,5.629840356241E0));
#1177=CARTESIAN_POINT('',(7.278399859090E0,8.884688710827E0,5.618094198481E0));
#1178=CARTESIAN_POINT('',(7.275760392209E0,8.876654068918E0,5.609284580162E0));
#1179=CARTESIAN_POINT('',(7.272650610547E0,8.867187770157E0,5.600474961842E0));
#1180=CARTESIAN_POINT('',(7.268916708601E0,8.855821624488E0,5.591665343522E0));
#1181=CARTESIAN_POINT('',(7.265068362369E0,8.844107105871E0,5.584323994922E0));
#1182=CARTESIAN_POINT('',(7.261214955889E0,8.832377183658E0,5.578450916042E0));
#1183=CARTESIAN_POINT('',(7.258902198826E0,8.825337059400E0,5.575514376602E0));
#1184=CARTESIAN_POINT('',(7.257576973688E0,8.821303021499E0,5.574046106882E0));
#1186=DIRECTION('',(1.E0,0.E0,0.E0));
#1187=VECTOR('',#1186,3.148460526245E-1);
#1188=CARTESIAN_POINT('',(7.257576973688E0,8.821303021499E0,5.574046106882E0));
#1189=LINE('601',#1188,#1187);
#1190=CARTESIAN_POINT('',(7.572423026312E0,8.821303021499E0,5.574046106882E0));
#1191=CARTESIAN_POINT('',(7.571097801174E0,8.825337059400E0,5.575514376602E0));
#1192=CARTESIAN_POINT('',(7.568785044111E0,8.832377183658E0,5.578450916042E0));
#1193=CARTESIAN_POINT('',(7.564931637631E0,8.844107105871E0,5.584323994922E0));
#1194=CARTESIAN_POINT('',(7.561083291399E0,8.855821624488E0,5.591665343522E0));
#1195=CARTESIAN_POINT('',(7.557349389453E0,8.867187770157E0,5.600474961842E0));
#1196=CARTESIAN_POINT('',(7.554239607791E0,8.876654068918E0,5.609284580162E0));
#1197=CARTESIAN_POINT('',(7.551600140910E0,8.884688710827E0,5.618094198481E0));
#1198=CARTESIAN_POINT('',(7.548588097312E0,8.893857491043E0,5.629840356241E0));
#1199=CARTESIAN_POINT('',(7.545615190551E0,8.902907137175E0,5.644523053441E0));
#1200=CARTESIAN_POINT('',(7.543023186590E0,8.910797300072E0,5.662142290081E0));
#1201=CARTESIAN_POINT('',(7.540668392941E0,8.917965385368E0,5.685634605600E0));
#1202=CARTESIAN_POINT('',(7.539554404706E0,8.921356409755E0,5.715E0));
#1203=CARTESIAN_POINT('',(7.540668392941E0,8.917965385368E0,5.744365394400E0));
#1204=CARTESIAN_POINT('',(7.543023186590E0,8.910797300072E0,5.767857709919E0));
#1205=CARTESIAN_POINT('',(7.545615190551E0,8.902907137175E0,5.785476946559E0));
#1206=CARTESIAN_POINT('',(7.548588097312E0,8.893857491043E0,5.800159643759E0));
#1207=CARTESIAN_POINT('',(7.551600140910E0,8.884688710827E0,5.811905801519E0));
#1208=CARTESIAN_POINT('',(7.554239607791E0,8.876654068918E0,5.820715419838E0));
#1209=CARTESIAN_POINT('',(7.557349389453E0,8.867187770157E0,5.829525038158E0));
#1210=CARTESIAN_POINT('',(7.561083291399E0,8.855821624488E0,5.838334656478E0));
#1211=CARTESIAN_POINT('',(7.564931637631E0,8.844107105871E0,5.845676005078E0));
#1212=CARTESIAN_POINT('',(7.568785044111E0,8.832377183658E0,5.851549083958E0));
#1213=CARTESIAN_POINT('',(7.571097801174E0,8.825337059400E0,5.854485623398E0));
#1214=CARTESIAN_POINT('',(7.572423026312E0,8.821303021499E0,5.855953893118E0));
#1216=DIRECTION('',(-2.949646125502E-1,-8.978839835336E-1,3.268030438306E-1));
#1217=VECTOR('',#1216,5.172721309467E-1);
#1218=CARTESIAN_POINT('',(7.257576973688E0,8.821303021499E0,5.855953893118E0));
#1219=LINE('589',#1218,#1217);
#1220=DIRECTION('',(1.E0,0.E0,0.E0));
#1221=VECTOR('',#1220,3.148460526245E-1);
#1222=CARTESIAN_POINT('',(7.257576973688E0,8.821303021499E0,5.855953893118E0));
#1223=LINE('602',#1222,#1221);
#1224=DIRECTION('',(2.949646125503E-1,-8.978839835336E-1,3.268030438306E-1));
#1225=VECTOR('',#1224,5.172721309467E-1);
#1226=CARTESIAN_POINT('',(7.572423026312E0,8.821303021499E0,5.855953893118E0));
#1227=LINE('590',#1226,#1225);
#1228=DIRECTION('',(0.E0,1.E0,0.E0));
#1229=VECTOR('',#1228,5.436852659994E0);
#1230=CARTESIAN_POINT('',(9.645E0,2.92E0,6.025E0));
#1231=LINE('666',#1230,#1229);
#1232=DIRECTION('',(1.E0,0.E0,0.E0));
#1233=VECTOR('',#1232,6.2E-1);
#1234=CARTESIAN_POINT('',(9.645E0,8.356852659994E0,6.025E0));
#1235=LINE('649',#1234,#1233);
#1236=DIRECTION('',(0.E0,0.E0,1.E0));
#1237=VECTOR('',#1236,6.2E-1);
#1238=CARTESIAN_POINT('',(9.645E0,8.356852659994E0,5.405E0));
#1239=LINE('641',#1238,#1237);
#1240=DIRECTION('',(1.E0,0.E0,0.E0));
#1241=VECTOR('',#1240,6.2E-1);
#1242=CARTESIAN_POINT('',(9.645E0,8.356852659994E0,5.405E0));
#1243=LINE('651',#1242,#1241);
#1244=DIRECTION('',(0.E0,1.E0,0.E0));
#1245=VECTOR('',#1244,5.436852659994E0);
#1246=CARTESIAN_POINT('',(9.645E0,2.92E0,5.405E0));
#1247=LINE('670',#1246,#1245);
#1248=DIRECTION('',(0.E0,1.E0,0.E0));
#1249=VECTOR('',#1248,5.436852659994E0);
#1250=CARTESIAN_POINT('',(1.0265E1,2.92E0,6.025E0));
#1251=LINE('668',#1250,#1249);
#1252=DIRECTION('',(0.E0,0.E0,1.E0));
#1253=VECTOR('',#1252,6.2E-1);
#1254=CARTESIAN_POINT('',(1.0265E1,8.356852659994E0,5.405E0));
#1255=LINE('643',#1254,#1253);
#1256=DIRECTION('',(0.E0,1.E0,0.E0));
#1257=VECTOR('',#1256,5.436852659994E0);
#1258=CARTESIAN_POINT('',(1.0265E1,2.92E0,5.405E0));
#1259=LINE('672',#1258,#1257);
#1260=DIRECTION('',(2.949646125503E-1,8.978839835336E-1,3.268030438306E-1));
#1261=VECTOR('',#1260,5.172721309467E-1);
#1262=CARTESIAN_POINT('',(9.645E0,8.356852659994E0,5.405E0));
#1263=LINE('629',#1262,#1261);
#1264=DIRECTION('',(-2.949646125503E-1,8.978839835336E-1,3.268030438306E-1));
#1265=VECTOR('',#1264,5.172721309467E-1);
#1266=CARTESIAN_POINT('',(1.0265E1,8.356852659994E0,5.405E0));
#1267=LINE('630',#1266,#1265);
#1268=CARTESIAN_POINT('',(9.797576973688E0,8.821303021499E0,5.855953893118E0));
#1269=CARTESIAN_POINT('',(9.798902198826E0,8.825337059400E0,5.854485623398E0));
#1270=CARTESIAN_POINT('',(9.801214955889E0,8.832377183658E0,5.851549083958E0));
#1271=CARTESIAN_POINT('',(9.805068362369E0,8.844107105871E0,5.845676005078E0));
#1272=CARTESIAN_POINT('',(9.808916708601E0,8.855821624488E0,5.838334656478E0));
#1273=CARTESIAN_POINT('',(9.812650610547E0,8.867187770157E0,5.829525038158E0));
#1274=CARTESIAN_POINT('',(9.815760392209E0,8.876654068918E0,5.820715419838E0));
#1275=CARTESIAN_POINT('',(9.818399859090E0,8.884688710827E0,5.811905801519E0));
#1276=CARTESIAN_POINT('',(9.821411902688E0,8.893857491043E0,5.800159643759E0));
#1277=CARTESIAN_POINT('',(9.824384809449E0,8.902907137175E0,5.785476946559E0));
#1278=CARTESIAN_POINT('',(9.826976813410E0,8.910797300072E0,5.767857709919E0));
#1279=CARTESIAN_POINT('',(9.829331607059E0,8.917965385368E0,5.744365394400E0));
#1280=CARTESIAN_POINT('',(9.830445595294E0,8.921356409755E0,5.715E0));
#1281=CARTESIAN_POINT('',(9.829331607059E0,8.917965385368E0,5.685634605600E0));
#1282=CARTESIAN_POINT('',(9.826976813410E0,8.910797300072E0,5.662142290081E0));
#1283=CARTESIAN_POINT('',(9.824384809449E0,8.902907137175E0,5.644523053441E0));
#1284=CARTESIAN_POINT('',(9.821411902688E0,8.893857491043E0,5.629840356241E0));
#1285=CARTESIAN_POINT('',(9.818399859090E0,8.884688710827E0,5.618094198481E0));
#1286=CARTESIAN_POINT('',(9.815760392209E0,8.876654068918E0,5.609284580162E0));
#1287=CARTESIAN_POINT('',(9.812650610547E0,8.867187770157E0,5.600474961842E0));
#1288=CARTESIAN_POINT('',(9.808916708601E0,8.855821624488E0,5.591665343522E0));
#1289=CARTESIAN_POINT('',(9.805068362369E0,8.844107105871E0,5.584323994922E0));
#1290=CARTESIAN_POINT('',(9.801214955889E0,8.832377183658E0,5.578450916042E0));
#1291=CARTESIAN_POINT('',(9.798902198826E0,8.825337059400E0,5.575514376602E0));
#1292=CARTESIAN_POINT('',(9.797576973688E0,8.821303021499E0,5.574046106882E0));
#1294=DIRECTION('',(1.E0,0.E0,0.E0));
#1295=VECTOR('',#1294,3.148460526245E-1);
#1296=CARTESIAN_POINT('',(9.797576973688E0,8.821303021499E0,5.574046106882E0));
#1297=LINE('645',#1296,#1295);
#1298=CARTESIAN_POINT('',(1.011242302631E1,8.821303021499E0,5.574046106882E0));
#1299=CARTESIAN_POINT('',(1.011109780117E1,8.825337059400E0,5.575514376602E0));
#1300=CARTESIAN_POINT('',(1.010878504411E1,8.832377183658E0,5.578450916042E0));
#1301=CARTESIAN_POINT('',(1.010493163763E1,8.844107105871E0,5.584323994922E0));
#1302=CARTESIAN_POINT('',(1.010108329140E1,8.855821624488E0,5.591665343522E0));
#1303=CARTESIAN_POINT('',(1.009734938945E1,8.867187770157E0,5.600474961842E0));
#1304=CARTESIAN_POINT('',(1.009423960779E1,8.876654068918E0,5.609284580162E0));
#1305=CARTESIAN_POINT('',(1.009160014091E1,8.884688710827E0,5.618094198481E0));
#1306=CARTESIAN_POINT('',(1.008858809731E1,8.893857491043E0,5.629840356241E0));
#1307=CARTESIAN_POINT('',(1.008561519055E1,8.902907137175E0,5.644523053441E0));
#1308=CARTESIAN_POINT('',(1.008302318659E1,8.910797300072E0,5.662142290081E0));
#1309=CARTESIAN_POINT('',(1.008066839294E1,8.917965385368E0,5.685634605600E0));
#1310=CARTESIAN_POINT('',(1.007955440471E1,8.921356409755E0,5.715E0));
#1311=CARTESIAN_POINT('',(1.008066839294E1,8.917965385368E0,5.744365394400E0));
#1312=CARTESIAN_POINT('',(1.008302318659E1,8.910797300072E0,5.767857709919E0));
#1313=CARTESIAN_POINT('',(1.008561519055E1,8.902907137175E0,5.785476946559E0));
#1314=CARTESIAN_POINT('',(1.008858809731E1,8.893857491043E0,5.800159643759E0));
#1315=CARTESIAN_POINT('',(1.009160014091E1,8.884688710827E0,5.811905801519E0));
#1316=CARTESIAN_POINT('',(1.009423960779E1,8.876654068918E0,5.820715419838E0));
#1317=CARTESIAN_POINT('',(1.009734938945E1,8.867187770157E0,5.829525038158E0));
#1318=CARTESIAN_POINT('',(1.010108329140E1,8.855821624488E0,5.838334656478E0));
#1319=CARTESIAN_POINT('',(1.010493163763E1,8.844107105871E0,5.845676005078E0));
#1320=CARTESIAN_POINT('',(1.010878504411E1,8.832377183658E0,5.851549083958E0));
#1321=CARTESIAN_POINT('',(1.011109780117E1,8.825337059400E0,5.854485623398E0));
#1322=CARTESIAN_POINT('',(1.011242302631E1,8.821303021499E0,5.855953893118E0));
#1324=DIRECTION('',(-2.949646125503E-1,-8.978839835336E-1,3.268030438306E-1));
#1325=VECTOR('',#1324,5.172721309467E-1);
#1326=CARTESIAN_POINT('',(9.797576973688E0,8.821303021499E0,5.855953893118E0));
#1327=LINE('633',#1326,#1325);
#1328=DIRECTION('',(1.E0,0.E0,0.E0));
#1329=VECTOR('',#1328,3.148460526245E-1);
#1330=CARTESIAN_POINT('',(9.797576973688E0,8.821303021499E0,5.855953893118E0));
#1331=LINE('646',#1330,#1329);
#1332=DIRECTION('',(2.949646125503E-1,-8.978839835336E-1,3.268030438306E-1));
#1333=VECTOR('',#1332,5.172721309467E-1);
#1334=CARTESIAN_POINT('',(1.011242302631E1,8.821303021499E0,5.855953893118E0));
#1335=LINE('634',#1334,#1333);
#1336=DIRECTION('',(0.E0,1.E0,0.E0));
#1337=VECTOR('',#1336,5.436852659994E0);
#1338=CARTESIAN_POINT('',(1.2185E1,2.92E0,6.025E0));
#1339=LINE('710',#1338,#1337);
#1340=DIRECTION('',(1.E0,0.E0,0.E0));
#1341=VECTOR('',#1340,6.2E-1);
#1342=CARTESIAN_POINT('',(1.2185E1,8.356852659994E0,6.025E0));
#1343=LINE('693',#1342,#1341);
#1344=DIRECTION('',(0.E0,0.E0,1.E0));
#1345=VECTOR('',#1344,6.2E-1);
#1346=CARTESIAN_POINT('',(1.2185E1,8.356852659994E0,5.405E0));
#1347=LINE('685',#1346,#1345);
#1348=DIRECTION('',(1.E0,0.E0,0.E0));
#1349=VECTOR('',#1348,6.2E-1);
#1350=CARTESIAN_POINT('',(1.2185E1,8.356852659994E0,5.405E0));
#1351=LINE('695',#1350,#1349);
#1352=DIRECTION('',(0.E0,1.E0,0.E0));
#1353=VECTOR('',#1352,5.436852659994E0);
#1354=CARTESIAN_POINT('',(1.2185E1,2.92E0,5.405E0));
#1355=LINE('714',#1354,#1353);
#1356=DIRECTION('',(0.E0,1.E0,0.E0));
#1357=VECTOR('',#1356,5.436852659994E0);
#1358=CARTESIAN_POINT('',(1.2805E1,2.92E0,6.025E0));
#1359=LINE('712',#1358,#1357);
#1360=DIRECTION('',(0.E0,0.E0,1.E0));
#1361=VECTOR('',#1360,6.2E-1);
#1362=CARTESIAN_POINT('',(1.2805E1,8.356852659994E0,5.405E0));
#1363=LINE('687',#1362,#1361);
#1364=DIRECTION('',(0.E0,1.E0,0.E0));
#1365=VECTOR('',#1364,5.436852659994E0);
#1366=CARTESIAN_POINT('',(1.2805E1,2.92E0,5.405E0));
#1367=LINE('716',#1366,#1365);
#1368=DIRECTION('',(2.949646125502E-1,8.978839835336E-1,3.268030438306E-1));
#1369=VECTOR('',#1368,5.172721309467E-1);
#1370=CARTESIAN_POINT('',(1.2185E1,8.356852659994E0,5.405E0));
#1371=LINE('673',#1370,#1369);
#1372=DIRECTION('',(-2.949646125503E-1,8.978839835336E-1,3.268030438306E-1));
#1373=VECTOR('',#1372,5.172721309467E-1);
#1374=CARTESIAN_POINT('',(1.2805E1,8.356852659994E0,5.405E0));
#1375=LINE('674',#1374,#1373);
#1376=CARTESIAN_POINT('',(1.233757697369E1,8.821303021499E0,5.855953893118E0));
#1377=CARTESIAN_POINT('',(1.233890219883E1,8.825337059400E0,5.854485623398E0));
#1378=CARTESIAN_POINT('',(1.234121495589E1,8.832377183658E0,5.851549083958E0));
#1379=CARTESIAN_POINT('',(1.234506836237E1,8.844107105871E0,5.845676005078E0));
#1380=CARTESIAN_POINT('',(1.234891670860E1,8.855821624488E0,5.838334656478E0));
#1381=CARTESIAN_POINT('',(1.235265061055E1,8.867187770157E0,5.829525038158E0));
#1382=CARTESIAN_POINT('',(1.235576039221E1,8.876654068918E0,5.820715419838E0));
#1383=CARTESIAN_POINT('',(1.235839985909E1,8.884688710827E0,5.811905801519E0));
#1384=CARTESIAN_POINT('',(1.236141190269E1,8.893857491043E0,5.800159643759E0));
#1385=CARTESIAN_POINT('',(1.236438480945E1,8.902907137175E0,5.785476946559E0));
#1386=CARTESIAN_POINT('',(1.236697681341E1,8.910797300072E0,5.767857709919E0));
#1387=CARTESIAN_POINT('',(1.236933160706E1,8.917965385368E0,5.744365394400E0));
#1388=CARTESIAN_POINT('',(1.237044559529E1,8.921356409755E0,5.715E0));
#1389=CARTESIAN_POINT('',(1.236933160706E1,8.917965385368E0,5.685634605600E0));
#1390=CARTESIAN_POINT('',(1.236697681341E1,8.910797300072E0,5.662142290081E0));
#1391=CARTESIAN_POINT('',(1.236438480945E1,8.902907137175E0,5.644523053441E0));
#1392=CARTESIAN_POINT('',(1.236141190269E1,8.893857491043E0,5.629840356241E0));
#1393=CARTESIAN_POINT('',(1.235839985909E1,8.884688710827E0,5.618094198481E0));
#1394=CARTESIAN_POINT('',(1.235576039221E1,8.876654068918E0,5.609284580162E0));
#1395=CARTESIAN_POINT('',(1.235265061055E1,8.867187770157E0,5.600474961842E0));
#1396=CARTESIAN_POINT('',(1.234891670860E1,8.855821624488E0,5.591665343522E0));
#1397=CARTESIAN_POINT('',(1.234506836237E1,8.844107105871E0,5.584323994922E0));
#1398=CARTESIAN_POINT('',(1.234121495589E1,8.832377183658E0,5.578450916042E0));
#1399=CARTESIAN_POINT('',(1.233890219883E1,8.825337059400E0,5.575514376602E0));
#1400=CARTESIAN_POINT('',(1.233757697369E1,8.821303021499E0,5.574046106882E0));
#1402=DIRECTION('',(1.E0,0.E0,0.E0));
#1403=VECTOR('',#1402,3.148460526245E-1);
#1404=CARTESIAN_POINT('',(1.233757697369E1,8.821303021499E0,5.574046106882E0));
#1405=LINE('689',#1404,#1403);
#1406=CARTESIAN_POINT('',(1.265242302631E1,8.821303021499E0,5.574046106882E0));
#1407=CARTESIAN_POINT('',(1.265109780117E1,8.825337059400E0,5.575514376602E0));
#1408=CARTESIAN_POINT('',(1.264878504411E1,8.832377183658E0,5.578450916042E0));
#1409=CARTESIAN_POINT('',(1.264493163763E1,8.844107105871E0,5.584323994922E0));
#1410=CARTESIAN_POINT('',(1.264108329140E1,8.855821624488E0,5.591665343522E0));
#1411=CARTESIAN_POINT('',(1.263734938945E1,8.867187770157E0,5.600474961842E0));
#1412=CARTESIAN_POINT('',(1.263423960779E1,8.876654068918E0,5.609284580162E0));
#1413=CARTESIAN_POINT('',(1.263160014091E1,8.884688710827E0,5.618094198481E0));
#1414=CARTESIAN_POINT('',(1.262858809731E1,8.893857491043E0,5.629840356241E0));
#1415=CARTESIAN_POINT('',(1.262561519055E1,8.902907137175E0,5.644523053441E0));
#1416=CARTESIAN_POINT('',(1.262302318659E1,8.910797300072E0,5.662142290081E0));
#1417=CARTESIAN_POINT('',(1.262066839294E1,8.917965385368E0,5.685634605600E0));
#1418=CARTESIAN_POINT('',(1.261955440471E1,8.921356409755E0,5.715E0));
#1419=CARTESIAN_POINT('',(1.262066839294E1,8.917965385368E0,5.744365394400E0));
#1420=CARTESIAN_POINT('',(1.262302318659E1,8.910797300072E0,5.767857709919E0));
#1421=CARTESIAN_POINT('',(1.262561519055E1,8.902907137175E0,5.785476946559E0));
#1422=CARTESIAN_POINT('',(1.262858809731E1,8.893857491043E0,5.800159643759E0));
#1423=CARTESIAN_POINT('',(1.263160014091E1,8.884688710827E0,5.811905801519E0));
#1424=CARTESIAN_POINT('',(1.263423960779E1,8.876654068918E0,5.820715419838E0));
#1425=CARTESIAN_POINT('',(1.263734938945E1,8.867187770157E0,5.829525038158E0));
#1426=CARTESIAN_POINT('',(1.264108329140E1,8.855821624488E0,5.838334656478E0));
#1427=CARTESIAN_POINT('',(1.264493163763E1,8.844107105871E0,5.845676005078E0));
#1428=CARTESIAN_POINT('',(1.264878504411E1,8.832377183658E0,5.851549083958E0));
#1429=CARTESIAN_POINT('',(1.265109780117E1,8.825337059400E0,5.854485623398E0));
#1430=CARTESIAN_POINT('',(1.265242302631E1,8.821303021499E0,5.855953893118E0));
#1432=DIRECTION('',(-2.949646125502E-1,-8.978839835336E-1,3.268030438306E-1));
#1433=VECTOR('',#1432,5.172721309467E-1);
#1434=CARTESIAN_POINT('',(1.233757697369E1,8.821303021499E0,5.855953893118E0));
#1435=LINE('677',#1434,#1433);
#1436=DIRECTION('',(1.E0,0.E0,0.E0));
#1437=VECTOR('',#1436,3.148460526245E-1);
#1438=CARTESIAN_POINT('',(1.233757697369E1,8.821303021499E0,5.855953893118E0));
#1439=LINE('690',#1438,#1437);
#1440=DIRECTION('',(2.949646125503E-1,-8.978839835336E-1,3.268030438306E-1));
#1441=VECTOR('',#1440,5.172721309467E-1);
#1442=CARTESIAN_POINT('',(1.265242302631E1,8.821303021499E0,5.855953893118E0));
#1443=LINE('678',#1442,#1441);
#1444=DIRECTION('',(0.E0,1.E0,0.E0));
#1445=VECTOR('',#1444,5.436852659994E0);
#1446=CARTESIAN_POINT('',(1.4725E1,2.92E0,6.025E0));
#1447=LINE('754',#1446,#1445);
#1448=DIRECTION('',(1.E0,0.E0,0.E0));
#1449=VECTOR('',#1448,6.2E-1);
#1450=CARTESIAN_POINT('',(1.4725E1,8.356852659994E0,6.025E0));
#1451=LINE('737',#1450,#1449);
#1452=DIRECTION('',(0.E0,0.E0,1.E0));
#1453=VECTOR('',#1452,6.2E-1);
#1454=CARTESIAN_POINT('',(1.4725E1,8.356852659994E0,5.405E0));
#1455=LINE('729',#1454,#1453);
#1456=DIRECTION('',(1.E0,0.E0,0.E0));
#1457=VECTOR('',#1456,6.2E-1);
#1458=CARTESIAN_POINT('',(1.4725E1,8.356852659994E0,5.405E0));
#1459=LINE('739',#1458,#1457);
#1460=DIRECTION('',(0.E0,1.E0,0.E0));
#1461=VECTOR('',#1460,5.436852659994E0);
#1462=CARTESIAN_POINT('',(1.4725E1,2.92E0,5.405E0));
#1463=LINE('758',#1462,#1461);
#1464=DIRECTION('',(0.E0,1.E0,0.E0));
#1465=VECTOR('',#1464,5.436852659994E0);
#1466=CARTESIAN_POINT('',(1.5345E1,2.92E0,6.025E0));
#1467=LINE('756',#1466,#1465);
#1468=DIRECTION('',(0.E0,0.E0,1.E0));
#1469=VECTOR('',#1468,6.2E-1);
#1470=CARTESIAN_POINT('',(1.5345E1,8.356852659994E0,5.405E0));
#1471=LINE('731',#1470,#1469);
#1472=DIRECTION('',(0.E0,1.E0,0.E0));
#1473=VECTOR('',#1472,5.436852659994E0);
#1474=CARTESIAN_POINT('',(1.5345E1,2.92E0,5.405E0));
#1475=LINE('760',#1474,#1473);
#1476=DIRECTION('',(2.949646125503E-1,8.978839835336E-1,3.268030438306E-1));
#1477=VECTOR('',#1476,5.172721309467E-1);
#1478=CARTESIAN_POINT('',(1.4725E1,8.356852659994E0,5.405E0));
#1479=LINE('717',#1478,#1477);
#1480=DIRECTION('',(-2.949646125502E-1,8.978839835336E-1,3.268030438306E-1));
#1481=VECTOR('',#1480,5.172721309467E-1);
#1482=CARTESIAN_POINT('',(1.5345E1,8.356852659994E0,5.405E0));
#1483=LINE('718',#1482,#1481);
#1484=CARTESIAN_POINT('',(1.487757697369E1,8.821303021499E0,5.855953893118E0));
#1485=CARTESIAN_POINT('',(1.487890219883E1,8.825337059400E0,5.854485623398E0));
#1486=CARTESIAN_POINT('',(1.488121495589E1,8.832377183658E0,5.851549083958E0));
#1487=CARTESIAN_POINT('',(1.488506836237E1,8.844107105871E0,5.845676005078E0));
#1488=CARTESIAN_POINT('',(1.488891670860E1,8.855821624488E0,5.838334656478E0));
#1489=CARTESIAN_POINT('',(1.489265061055E1,8.867187770157E0,5.829525038158E0));
#1490=CARTESIAN_POINT('',(1.489576039221E1,8.876654068918E0,5.820715419838E0));
#1491=CARTESIAN_POINT('',(1.489839985909E1,8.884688710827E0,5.811905801519E0));
#1492=CARTESIAN_POINT('',(1.490141190269E1,8.893857491043E0,5.800159643759E0));
#1493=CARTESIAN_POINT('',(1.490438480945E1,8.902907137175E0,5.785476946559E0));
#1494=CARTESIAN_POINT('',(1.490697681341E1,8.910797300072E0,5.767857709919E0));
#1495=CARTESIAN_POINT('',(1.490933160706E1,8.917965385368E0,5.744365394400E0));
#1496=CARTESIAN_POINT('',(1.491044559529E1,8.921356409755E0,5.715E0));
#1497=CARTESIAN_POINT('',(1.490933160706E1,8.917965385368E0,5.685634605600E0));
#1498=CARTESIAN_POINT('',(1.490697681341E1,8.910797300072E0,5.662142290081E0));
#1499=CARTESIAN_POINT('',(1.490438480945E1,8.902907137175E0,5.644523053441E0));
#1500=CARTESIAN_POINT('',(1.490141190269E1,8.893857491043E0,5.629840356241E0));
#1501=CARTESIAN_POINT('',(1.489839985909E1,8.884688710827E0,5.618094198481E0));
#1502=CARTESIAN_POINT('',(1.489576039221E1,8.876654068918E0,5.609284580162E0));
#1503=CARTESIAN_POINT('',(1.489265061055E1,8.867187770157E0,5.600474961842E0));
#1504=CARTESIAN_POINT('',(1.488891670860E1,8.855821624488E0,5.591665343522E0));
#1505=CARTESIAN_POINT('',(1.488506836237E1,8.844107105871E0,5.584323994922E0));
#1506=CARTESIAN_POINT('',(1.488121495589E1,8.832377183658E0,5.578450916042E0));
#1507=CARTESIAN_POINT('',(1.487890219883E1,8.825337059400E0,5.575514376602E0));
#1508=CARTESIAN_POINT('',(1.487757697369E1,8.821303021499E0,5.574046106882E0));
#1510=DIRECTION('',(1.E0,0.E0,0.E0));
#1511=VECTOR('',#1510,3.148460526245E-1);
#1512=CARTESIAN_POINT('',(1.487757697369E1,8.821303021499E0,5.574046106882E0));
#1513=LINE('733',#1512,#1511);
#1514=CARTESIAN_POINT('',(1.519242302631E1,8.821303021499E0,5.574046106882E0));
#1515=CARTESIAN_POINT('',(1.519109780117E1,8.825337059400E0,5.575514376602E0));
#1516=CARTESIAN_POINT('',(1.518878504411E1,8.832377183658E0,5.578450916042E0));
#1517=CARTESIAN_POINT('',(1.518493163763E1,8.844107105871E0,5.584323994922E0));
#1518=CARTESIAN_POINT('',(1.518108329140E1,8.855821624488E0,5.591665343522E0));
#1519=CARTESIAN_POINT('',(1.517734938945E1,8.867187770157E0,5.600474961842E0));
#1520=CARTESIAN_POINT('',(1.517423960779E1,8.876654068918E0,5.609284580162E0));
#1521=CARTESIAN_POINT('',(1.517160014091E1,8.884688710827E0,5.618094198481E0));
#1522=CARTESIAN_POINT('',(1.516858809731E1,8.893857491043E0,5.629840356241E0));
#1523=CARTESIAN_POINT('',(1.516561519055E1,8.902907137175E0,5.644523053441E0));
#1524=CARTESIAN_POINT('',(1.516302318659E1,8.910797300072E0,5.662142290081E0));
#1525=CARTESIAN_POINT('',(1.516066839294E1,8.917965385368E0,5.685634605600E0));
#1526=CARTESIAN_POINT('',(1.515955440471E1,8.921356409755E0,5.715E0));
#1527=CARTESIAN_POINT('',(1.516066839294E1,8.917965385368E0,5.744365394400E0));
#1528=CARTESIAN_POINT('',(1.516302318659E1,8.910797300072E0,5.767857709919E0));
#1529=CARTESIAN_POINT('',(1.516561519055E1,8.902907137175E0,5.785476946559E0));
#1530=CARTESIAN_POINT('',(1.516858809731E1,8.893857491043E0,5.800159643759E0));
#1531=CARTESIAN_POINT('',(1.517160014091E1,8.884688710827E0,5.811905801519E0));
#1532=CARTESIAN_POINT('',(1.517423960779E1,8.876654068918E0,5.820715419838E0));
#1533=CARTESIAN_POINT('',(1.517734938945E1,8.867187770157E0,5.829525038158E0));
#1534=CARTESIAN_POINT('',(1.518108329140E1,8.855821624488E0,5.838334656478E0));
#1535=CARTESIAN_POINT('',(1.518493163763E1,8.844107105871E0,5.845676005078E0));
#1536=CARTESIAN_POINT('',(1.518878504411E1,8.832377183658E0,5.851549083958E0));
#1537=CARTESIAN_POINT('',(1.519109780117E1,8.825337059400E0,5.854485623398E0));
#1538=CARTESIAN_POINT('',(1.519242302631E1,8.821303021499E0,5.855953893118E0));
#1540=DIRECTION('',(-2.949646125503E-1,-8.978839835336E-1,3.268030438306E-1));
#1541=VECTOR('',#1540,5.172721309467E-1);
#1542=CARTESIAN_POINT('',(1.487757697369E1,8.821303021499E0,5.855953893118E0));
#1543=LINE('721',#1542,#1541);
#1544=DIRECTION('',(1.E0,0.E0,0.E0));
#1545=VECTOR('',#1544,3.148460526245E-1);
#1546=CARTESIAN_POINT('',(1.487757697369E1,8.821303021499E0,5.855953893118E0));
#1547=LINE('734',#1546,#1545);
#1548=DIRECTION('',(2.949646125502E-1,-8.978839835336E-1,3.268030438306E-1));
#1549=VECTOR('',#1548,5.172721309467E-1);
#1550=CARTESIAN_POINT('',(1.519242302631E1,8.821303021499E0,5.855953893118E0));
#1551=LINE('722',#1550,#1549);
#1552=DIRECTION('',(0.E0,1.E0,0.E0));
#1553=VECTOR('',#1552,5.436852659994E0);
#1554=CARTESIAN_POINT('',(1.7265E1,2.92E0,6.025E0));
#1555=LINE('798',#1554,#1553);
#1556=DIRECTION('',(1.E0,0.E0,0.E0));
#1557=VECTOR('',#1556,6.2E-1);
#1558=CARTESIAN_POINT('',(1.7265E1,8.356852659994E0,6.025E0));
#1559=LINE('781',#1558,#1557);
#1560=DIRECTION('',(0.E0,0.E0,1.E0));
#1561=VECTOR('',#1560,6.2E-1);
#1562=CARTESIAN_POINT('',(1.7265E1,8.356852659994E0,5.405E0));
#1563=LINE('773',#1562,#1561);
#1564=DIRECTION('',(1.E0,0.E0,0.E0));
#1565=VECTOR('',#1564,6.2E-1);
#1566=CARTESIAN_POINT('',(1.7265E1,8.356852659994E0,5.405E0));
#1567=LINE('783',#1566,#1565);
#1568=DIRECTION('',(0.E0,1.E0,0.E0));
#1569=VECTOR('',#1568,5.436852659994E0);
#1570=CARTESIAN_POINT('',(1.7265E1,2.92E0,5.405E0));
#1571=LINE('802',#1570,#1569);
#1572=DIRECTION('',(0.E0,1.E0,0.E0));
#1573=VECTOR('',#1572,5.436852659994E0);
#1574=CARTESIAN_POINT('',(1.7885E1,2.92E0,6.025E0));
#1575=LINE('800',#1574,#1573);
#1576=DIRECTION('',(0.E0,0.E0,1.E0));
#1577=VECTOR('',#1576,6.2E-1);
#1578=CARTESIAN_POINT('',(1.7885E1,8.356852659994E0,5.405E0));
#1579=LINE('775',#1578,#1577);
#1580=DIRECTION('',(0.E0,1.E0,0.E0));
#1581=VECTOR('',#1580,5.436852659994E0);
#1582=CARTESIAN_POINT('',(1.7885E1,2.92E0,5.405E0));
#1583=LINE('804',#1582,#1581);
#1584=DIRECTION('',(2.949646125502E-1,8.978839835336E-1,3.268030438306E-1));
#1585=VECTOR('',#1584,5.172721309467E-1);
#1586=CARTESIAN_POINT('',(1.7265E1,8.356852659994E0,5.405E0));
#1587=LINE('761',#1586,#1585);
#1588=DIRECTION('',(-2.949646125502E-1,8.978839835336E-1,3.268030438306E-1));
#1589=VECTOR('',#1588,5.172721309467E-1);
#1590=CARTESIAN_POINT('',(1.7885E1,8.356852659994E0,5.405E0));
#1591=LINE('762',#1590,#1589);
#1592=CARTESIAN_POINT('',(1.741757697369E1,8.821303021499E0,5.855953893118E0));
#1593=CARTESIAN_POINT('',(1.741890219883E1,8.825337059400E0,5.854485623398E0));
#1594=CARTESIAN_POINT('',(1.742121495589E1,8.832377183658E0,5.851549083958E0));
#1595=CARTESIAN_POINT('',(1.742506836237E1,8.844107105871E0,5.845676005078E0));
#1596=CARTESIAN_POINT('',(1.742891670860E1,8.855821624488E0,5.838334656478E0));
#1597=CARTESIAN_POINT('',(1.743265061055E1,8.867187770157E0,5.829525038158E0));
#1598=CARTESIAN_POINT('',(1.743576039221E1,8.876654068918E0,5.820715419838E0));
#1599=CARTESIAN_POINT('',(1.743839985909E1,8.884688710827E0,5.811905801519E0));
#1600=CARTESIAN_POINT('',(1.744141190269E1,8.893857491043E0,5.800159643759E0));
#1601=CARTESIAN_POINT('',(1.744438480945E1,8.902907137175E0,5.785476946559E0));
#1602=CARTESIAN_POINT('',(1.744697681341E1,8.910797300072E0,5.767857709919E0));
#1603=CARTESIAN_POINT('',(1.744933160706E1,8.917965385368E0,5.744365394400E0));
#1604=CARTESIAN_POINT('',(1.745044559529E1,8.921356409755E0,5.715E0));
#1605=CARTESIAN_POINT('',(1.744933160706E1,8.917965385368E0,5.685634605600E0));
#1606=CARTESIAN_POINT('',(1.744697681341E1,8.910797300072E0,5.662142290081E0));
#1607=CARTESIAN_POINT('',(1.744438480945E1,8.902907137175E0,5.644523053441E0));
#1608=CARTESIAN_POINT('',(1.744141190269E1,8.893857491043E0,5.629840356241E0));
#1609=CARTESIAN_POINT('',(1.743839985909E1,8.884688710827E0,5.618094198481E0));
#1610=CARTESIAN_POINT('',(1.743576039221E1,8.876654068918E0,5.609284580162E0));
#1611=CARTESIAN_POINT('',(1.743265061055E1,8.867187770157E0,5.600474961842E0));
#1612=CARTESIAN_POINT('',(1.742891670860E1,8.855821624488E0,5.591665343522E0));
#1613=CARTESIAN_POINT('',(1.742506836237E1,8.844107105871E0,5.584323994922E0));
#1614=CARTESIAN_POINT('',(1.742121495589E1,8.832377183658E0,5.578450916042E0));
#1615=CARTESIAN_POINT('',(1.741890219883E1,8.825337059400E0,5.575514376602E0));
#1616=CARTESIAN_POINT('',(1.741757697369E1,8.821303021499E0,5.574046106882E0));
#1618=DIRECTION('',(1.E0,0.E0,0.E0));
#1619=VECTOR('',#1618,3.148460526245E-1);
#1620=CARTESIAN_POINT('',(1.741757697369E1,8.821303021499E0,5.574046106882E0));
#1621=LINE('777',#1620,#1619);
#1622=CARTESIAN_POINT('',(1.773242302631E1,8.821303021499E0,5.574046106882E0));
#1623=CARTESIAN_POINT('',(1.773109780117E1,8.825337059400E0,5.575514376602E0));
#1624=CARTESIAN_POINT('',(1.772878504411E1,8.832377183658E0,5.578450916042E0));
#1625=CARTESIAN_POINT('',(1.772493163763E1,8.844107105871E0,5.584323994922E0));
#1626=CARTESIAN_POINT('',(1.772108329140E1,8.855821624488E0,5.591665343522E0));
#1627=CARTESIAN_POINT('',(1.771734938945E1,8.867187770157E0,5.600474961842E0));
#1628=CARTESIAN_POINT('',(1.771423960779E1,8.876654068918E0,5.609284580162E0));
#1629=CARTESIAN_POINT('',(1.771160014091E1,8.884688710827E0,5.618094198481E0));
#1630=CARTESIAN_POINT('',(1.770858809731E1,8.893857491043E0,5.629840356241E0));
#1631=CARTESIAN_POINT('',(1.770561519055E1,8.902907137175E0,5.644523053441E0));
#1632=CARTESIAN_POINT('',(1.770302318659E1,8.910797300072E0,5.662142290081E0));
#1633=CARTESIAN_POINT('',(1.770066839294E1,8.917965385368E0,5.685634605600E0));
#1634=CARTESIAN_POINT('',(1.769955440471E1,8.921356409755E0,5.715E0));
#1635=CARTESIAN_POINT('',(1.770066839294E1,8.917965385368E0,5.744365394400E0));
#1636=CARTESIAN_POINT('',(1.770302318659E1,8.910797300072E0,5.767857709919E0));
#1637=CARTESIAN_POINT('',(1.770561519055E1,8.902907137175E0,5.785476946559E0));
#1638=CARTESIAN_POINT('',(1.770858809731E1,8.893857491043E0,5.800159643759E0));
#1639=CARTESIAN_POINT('',(1.771160014091E1,8.884688710827E0,5.811905801519E0));
#1640=CARTESIAN_POINT('',(1.771423960779E1,8.876654068918E0,5.820715419838E0));
#1641=CARTESIAN_POINT('',(1.771734938945E1,8.867187770157E0,5.829525038158E0));
#1642=CARTESIAN_POINT('',(1.772108329140E1,8.855821624488E0,5.838334656478E0));
#1643=CARTESIAN_POINT('',(1.772493163763E1,8.844107105871E0,5.845676005078E0));
#1644=CARTESIAN_POINT('',(1.772878504411E1,8.832377183658E0,5.851549083958E0));
#1645=CARTESIAN_POINT('',(1.773109780117E1,8.825337059400E0,5.854485623398E0));
#1646=CARTESIAN_POINT('',(1.773242302631E1,8.821303021499E0,5.855953893118E0));
#1648=DIRECTION('',(-2.949646125502E-1,-8.978839835336E-1,3.268030438306E-1));
#1649=VECTOR('',#1648,5.172721309467E-1);
#1650=CARTESIAN_POINT('',(1.741757697369E1,8.821303021499E0,5.855953893118E0));
#1651=LINE('765',#1650,#1649);
#1652=DIRECTION('',(1.E0,0.E0,0.E0));
#1653=VECTOR('',#1652,3.148460526245E-1);
#1654=CARTESIAN_POINT('',(1.741757697369E1,8.821303021499E0,5.855953893118E0));
#1655=LINE('778',#1654,#1653);
#1656=DIRECTION('',(2.949646125503E-1,-8.978839835336E-1,3.268030438306E-1));
#1657=VECTOR('',#1656,5.172721309467E-1);
#1658=CARTESIAN_POINT('',(1.773242302631E1,8.821303021499E0,5.855953893118E0));
#1659=LINE('766',#1658,#1657);
#1660=DIRECTION('',(0.E0,1.E0,0.E0));
#1661=VECTOR('',#1660,5.436852659994E0);
#1662=CARTESIAN_POINT('',(7.725E0,2.92E0,3.485E0));
#1663=LINE('842',#1662,#1661);
#1664=DIRECTION('',(0.E0,0.E0,-1.E0));
#1665=VECTOR('',#1664,6.2E-1);
#1666=CARTESIAN_POINT('',(7.725E0,8.356852659994E0,3.485E0));
#1667=LINE('825',#1666,#1665);
#1668=DIRECTION('',(1.E0,0.E0,0.E0));
#1669=VECTOR('',#1668,6.2E-1);
#1670=CARTESIAN_POINT('',(7.105E0,8.356852659994E0,3.485E0));
#1671=LINE('817',#1670,#1669);
#1672=DIRECTION('',(0.E0,0.E0,-1.E0));
#1673=VECTOR('',#1672,6.2E-1);
#1674=CARTESIAN_POINT('',(7.105E0,8.356852659994E0,3.485E0));
#1675=LINE('827',#1674,#1673);
#1676=DIRECTION('',(0.E0,1.E0,0.E0));
#1677=VECTOR('',#1676,5.436852659994E0);
#1678=CARTESIAN_POINT('',(7.105E0,2.92E0,3.485E0));
#1679=LINE('846',#1678,#1677);
#1680=DIRECTION('',(0.E0,1.E0,0.E0));
#1681=VECTOR('',#1680,5.436852659994E0);
#1682=CARTESIAN_POINT('',(7.725E0,2.92E0,2.865E0));
#1683=LINE('844',#1682,#1681);
#1684=DIRECTION('',(1.E0,0.E0,0.E0));
#1685=VECTOR('',#1684,6.2E-1);
#1686=CARTESIAN_POINT('',(7.105E0,8.356852659994E0,2.865E0));
#1687=LINE('819',#1686,#1685);
#1688=DIRECTION('',(0.E0,1.E0,0.E0));
#1689=VECTOR('',#1688,5.436852659994E0);
#1690=CARTESIAN_POINT('',(7.105E0,2.92E0,2.865E0));
#1691=LINE('848',#1690,#1689);
#1692=DIRECTION('',(3.268030438306E-1,8.978839835336E-1,-2.949646125502E-1));
#1693=VECTOR('',#1692,5.172721309467E-1);
#1694=CARTESIAN_POINT('',(7.105E0,8.356852659994E0,3.485E0));
#1695=LINE('805',#1694,#1693);
#1696=DIRECTION('',(3.268030438306E-1,8.978839835336E-1,2.949646125503E-1));
#1697=VECTOR('',#1696,5.172721309467E-1);
#1698=CARTESIAN_POINT('',(7.105E0,8.356852659994E0,2.865E0));
#1699=LINE('806',#1698,#1697);
#1700=CARTESIAN_POINT('',(7.555953893118E0,8.821303021499E0,3.332423026312E0));
#1701=CARTESIAN_POINT('',(7.554485623398E0,8.825337059400E0,3.331097801174E0));
#1702=CARTESIAN_POINT('',(7.551549083958E0,8.832377183658E0,3.328785044111E0));
#1703=CARTESIAN_POINT('',(7.545676005078E0,8.844107105871E0,3.324931637631E0));
#1704=CARTESIAN_POINT('',(7.538334656478E0,8.855821624488E0,3.321083291399E0));
#1705=CARTESIAN_POINT('',(7.529525038158E0,8.867187770157E0,3.317349389453E0));
#1706=CARTESIAN_POINT('',(7.520715419838E0,8.876654068918E0,3.314239607791E0));
#1707=CARTESIAN_POINT('',(7.511905801519E0,8.884688710827E0,3.311600140910E0));
#1708=CARTESIAN_POINT('',(7.500159643759E0,8.893857491043E0,3.308588097312E0));
#1709=CARTESIAN_POINT('',(7.485476946559E0,8.902907137175E0,3.305615190551E0));
#1710=CARTESIAN_POINT('',(7.467857709919E0,8.910797300072E0,3.303023186590E0));
#1711=CARTESIAN_POINT('',(7.444365394400E0,8.917965385368E0,3.300668392941E0));
#1712=CARTESIAN_POINT('',(7.415E0,8.921356409755E0,3.299554404706E0));
#1713=CARTESIAN_POINT('',(7.385634605600E0,8.917965385368E0,3.300668392941E0));
#1714=CARTESIAN_POINT('',(7.362142290081E0,8.910797300072E0,3.303023186590E0));
#1715=CARTESIAN_POINT('',(7.344523053441E0,8.902907137175E0,3.305615190551E0));
#1716=CARTESIAN_POINT('',(7.329840356241E0,8.893857491043E0,3.308588097312E0));
#1717=CARTESIAN_POINT('',(7.318094198481E0,8.884688710827E0,3.311600140910E0));
#1718=CARTESIAN_POINT('',(7.309284580162E0,8.876654068918E0,3.314239607791E0));
#1719=CARTESIAN_POINT('',(7.300474961842E0,8.867187770157E0,3.317349389453E0));
#1720=CARTESIAN_POINT('',(7.291665343522E0,8.855821624488E0,3.321083291399E0));
#1721=CARTESIAN_POINT('',(7.284323994922E0,8.844107105871E0,3.324931637631E0));
#1722=CARTESIAN_POINT('',(7.278450916042E0,8.832377183658E0,3.328785044111E0));
#1723=CARTESIAN_POINT('',(7.275514376602E0,8.825337059400E0,3.331097801174E0));
#1724=CARTESIAN_POINT('',(7.274046106882E0,8.821303021499E0,3.332423026312E0));
#1726=DIRECTION('',(0.E0,0.E0,-1.E0));
#1727=VECTOR('',#1726,3.148460526245E-1);
#1728=CARTESIAN_POINT('',(7.274046106882E0,8.821303021499E0,3.332423026312E0));
#1729=LINE('821',#1728,#1727);
#1730=CARTESIAN_POINT('',(7.274046106882E0,8.821303021499E0,3.017576973688E0));
#1731=CARTESIAN_POINT('',(7.275514376602E0,8.825337059400E0,3.018902198826E0));
#1732=CARTESIAN_POINT('',(7.278450916042E0,8.832377183658E0,3.021214955889E0));
#1733=CARTESIAN_POINT('',(7.284323994922E0,8.844107105871E0,3.025068362369E0));
#1734=CARTESIAN_POINT('',(7.291665343522E0,8.855821624488E0,3.028916708601E0));
#1735=CARTESIAN_POINT('',(7.300474961842E0,8.867187770157E0,3.032650610547E0));
#1736=CARTESIAN_POINT('',(7.309284580162E0,8.876654068918E0,3.035760392209E0));
#1737=CARTESIAN_POINT('',(7.318094198481E0,8.884688710827E0,3.038399859090E0));
#1738=CARTESIAN_POINT('',(7.329840356241E0,8.893857491043E0,3.041411902688E0));
#1739=CARTESIAN_POINT('',(7.344523053441E0,8.902907137175E0,3.044384809449E0));
#1740=CARTESIAN_POINT('',(7.362142290081E0,8.910797300072E0,3.046976813410E0));
#1741=CARTESIAN_POINT('',(7.385634605600E0,8.917965385368E0,3.049331607059E0));
#1742=CARTESIAN_POINT('',(7.415E0,8.921356409755E0,3.050445595294E0));
#1743=CARTESIAN_POINT('',(7.444365394400E0,8.917965385368E0,3.049331607059E0));
#1744=CARTESIAN_POINT('',(7.467857709919E0,8.910797300072E0,3.046976813410E0));
#1745=CARTESIAN_POINT('',(7.485476946559E0,8.902907137175E0,3.044384809449E0));
#1746=CARTESIAN_POINT('',(7.500159643759E0,8.893857491043E0,3.041411902688E0));
#1747=CARTESIAN_POINT('',(7.511905801519E0,8.884688710827E0,3.038399859090E0));
#1748=CARTESIAN_POINT('',(7.520715419838E0,8.876654068918E0,3.035760392209E0));
#1749=CARTESIAN_POINT('',(7.529525038158E0,8.867187770157E0,3.032650610547E0));
#1750=CARTESIAN_POINT('',(7.538334656478E0,8.855821624488E0,3.028916708601E0));
#1751=CARTESIAN_POINT('',(7.545676005078E0,8.844107105871E0,3.025068362369E0));
#1752=CARTESIAN_POINT('',(7.551549083958E0,8.832377183658E0,3.021214955889E0));
#1753=CARTESIAN_POINT('',(7.554485623398E0,8.825337059400E0,3.018902198826E0));
#1754=CARTESIAN_POINT('',(7.555953893118E0,8.821303021499E0,3.017576973688E0));
#1756=DIRECTION('',(3.268030438306E-1,-8.978839835336E-1,2.949646125502E-1));
#1757=VECTOR('',#1756,5.172721309467E-1);
#1758=CARTESIAN_POINT('',(7.555953893118E0,8.821303021499E0,3.332423026312E0));
#1759=LINE('809',#1758,#1757);
#1760=DIRECTION('',(0.E0,0.E0,-1.E0));
#1761=VECTOR('',#1760,3.148460526245E-1);
#1762=CARTESIAN_POINT('',(7.555953893118E0,8.821303021499E0,3.332423026312E0));
#1763=LINE('822',#1762,#1761);
#1764=DIRECTION('',(3.268030438306E-1,-8.978839835336E-1,-2.949646125503E-1));
#1765=VECTOR('',#1764,5.172721309467E-1);
#1766=CARTESIAN_POINT('',(7.555953893118E0,8.821303021499E0,3.017576973688E0));
#1767=LINE('810',#1766,#1765);
#1768=DIRECTION('',(0.E0,1.E0,0.E0));
#1769=VECTOR('',#1768,5.436852659994E0);
#1770=CARTESIAN_POINT('',(1.0265E1,2.92E0,3.485E0));
#1771=LINE('886',#1770,#1769);
#1772=DIRECTION('',(0.E0,0.E0,-1.E0));
#1773=VECTOR('',#1772,6.2E-1);
#1774=CARTESIAN_POINT('',(1.0265E1,8.356852659994E0,3.485E0));
#1775=LINE('869',#1774,#1773);
#1776=DIRECTION('',(1.E0,0.E0,0.E0));
#1777=VECTOR('',#1776,6.2E-1);
#1778=CARTESIAN_POINT('',(9.645E0,8.356852659994E0,3.485E0));
#1779=LINE('861',#1778,#1777);
#1780=DIRECTION('',(0.E0,0.E0,-1.E0));
#1781=VECTOR('',#1780,6.2E-1);
#1782=CARTESIAN_POINT('',(9.645E0,8.356852659994E0,3.485E0));
#1783=LINE('871',#1782,#1781);
#1784=DIRECTION('',(0.E0,1.E0,0.E0));
#1785=VECTOR('',#1784,5.436852659994E0);
#1786=CARTESIAN_POINT('',(9.645E0,2.92E0,3.485E0));
#1787=LINE('890',#1786,#1785);
#1788=DIRECTION('',(0.E0,1.E0,0.E0));
#1789=VECTOR('',#1788,5.436852659994E0);
#1790=CARTESIAN_POINT('',(1.0265E1,2.92E0,2.865E0));
#1791=LINE('888',#1790,#1789);
#1792=DIRECTION('',(1.E0,0.E0,0.E0));
#1793=VECTOR('',#1792,6.2E-1);
#1794=CARTESIAN_POINT('',(9.645E0,8.356852659994E0,2.865E0));
#1795=LINE('863',#1794,#1793);
#1796=DIRECTION('',(0.E0,1.E0,0.E0));
#1797=VECTOR('',#1796,5.436852659994E0);
#1798=CARTESIAN_POINT('',(9.645E0,2.92E0,2.865E0));
#1799=LINE('892',#1798,#1797);
#1800=DIRECTION('',(3.268030438306E-1,8.978839835336E-1,-2.949646125502E-1));
#1801=VECTOR('',#1800,5.172721309467E-1);
#1802=CARTESIAN_POINT('',(9.645E0,8.356852659994E0,3.485E0));
#1803=LINE('849',#1802,#1801);
#1804=DIRECTION('',(3.268030438306E-1,8.978839835336E-1,2.949646125502E-1));
#1805=VECTOR('',#1804,5.172721309467E-1);
#1806=CARTESIAN_POINT('',(9.645E0,8.356852659994E0,2.865E0));
#1807=LINE('850',#1806,#1805);
#1808=CARTESIAN_POINT('',(1.009595389312E1,8.821303021499E0,3.332423026312E0));
#1809=CARTESIAN_POINT('',(1.009448562340E1,8.825337059400E0,3.331097801174E0));
#1810=CARTESIAN_POINT('',(1.009154908396E1,8.832377183658E0,3.328785044111E0));
#1811=CARTESIAN_POINT('',(1.008567600508E1,8.844107105871E0,3.324931637631E0));
#1812=CARTESIAN_POINT('',(1.007833465648E1,8.855821624488E0,3.321083291399E0));
#1813=CARTESIAN_POINT('',(1.006952503816E1,8.867187770157E0,3.317349389453E0));
#1814=CARTESIAN_POINT('',(1.006071541984E1,8.876654068918E0,3.314239607791E0));
#1815=CARTESIAN_POINT('',(1.005190580152E1,8.884688710827E0,3.311600140910E0));
#1816=CARTESIAN_POINT('',(1.004015964376E1,8.893857491043E0,3.308588097312E0));
#1817=CARTESIAN_POINT('',(1.002547694656E1,8.902907137175E0,3.305615190551E0));
#1818=CARTESIAN_POINT('',(1.000785770992E1,8.910797300072E0,3.303023186590E0));
#1819=CARTESIAN_POINT('',(9.984365394400E0,8.917965385368E0,3.300668392941E0));
#1820=CARTESIAN_POINT('',(9.955E0,8.921356409755E0,3.299554404706E0));
#1821=CARTESIAN_POINT('',(9.925634605600E0,8.917965385368E0,3.300668392941E0));
#1822=CARTESIAN_POINT('',(9.902142290081E0,8.910797300072E0,3.303023186590E0));
#1823=CARTESIAN_POINT('',(9.884523053441E0,8.902907137175E0,3.305615190551E0));
#1824=CARTESIAN_POINT('',(9.869840356241E0,8.893857491043E0,3.308588097312E0));
#1825=CARTESIAN_POINT('',(9.858094198481E0,8.884688710827E0,3.311600140910E0));
#1826=CARTESIAN_POINT('',(9.849284580162E0,8.876654068918E0,3.314239607791E0));
#1827=CARTESIAN_POINT('',(9.840474961842E0,8.867187770157E0,3.317349389453E0));
#1828=CARTESIAN_POINT('',(9.831665343522E0,8.855821624488E0,3.321083291399E0));
#1829=CARTESIAN_POINT('',(9.824323994922E0,8.844107105871E0,3.324931637631E0));
#1830=CARTESIAN_POINT('',(9.818450916042E0,8.832377183658E0,3.328785044111E0));
#1831=CARTESIAN_POINT('',(9.815514376602E0,8.825337059400E0,3.331097801174E0));
#1832=CARTESIAN_POINT('',(9.814046106882E0,8.821303021499E0,3.332423026312E0));
#1834=DIRECTION('',(0.E0,0.E0,-1.E0));
#1835=VECTOR('',#1834,3.148460526245E-1);
#1836=CARTESIAN_POINT('',(9.814046106882E0,8.821303021499E0,3.332423026312E0));
#1837=LINE('865',#1836,#1835);
#1838=CARTESIAN_POINT('',(9.814046106882E0,8.821303021499E0,3.017576973688E0));
#1839=CARTESIAN_POINT('',(9.815514376602E0,8.825337059400E0,3.018902198826E0));
#1840=CARTESIAN_POINT('',(9.818450916042E0,8.832377183658E0,3.021214955889E0));
#1841=CARTESIAN_POINT('',(9.824323994922E0,8.844107105871E0,3.025068362369E0));
#1842=CARTESIAN_POINT('',(9.831665343522E0,8.855821624488E0,3.028916708601E0));
#1843=CARTESIAN_POINT('',(9.840474961842E0,8.867187770157E0,3.032650610547E0));
#1844=CARTESIAN_POINT('',(9.849284580162E0,8.876654068918E0,3.035760392209E0));
#1845=CARTESIAN_POINT('',(9.858094198481E0,8.884688710827E0,3.038399859090E0));
#1846=CARTESIAN_POINT('',(9.869840356241E0,8.893857491043E0,3.041411902688E0));
#1847=CARTESIAN_POINT('',(9.884523053441E0,8.902907137175E0,3.044384809449E0));
#1848=CARTESIAN_POINT('',(9.902142290081E0,8.910797300072E0,3.046976813410E0));
#1849=CARTESIAN_POINT('',(9.925634605600E0,8.917965385368E0,3.049331607059E0));
#1850=CARTESIAN_POINT('',(9.955E0,8.921356409755E0,3.050445595294E0));
#1851=CARTESIAN_POINT('',(9.984365394400E0,8.917965385368E0,3.049331607059E0));
#1852=CARTESIAN_POINT('',(1.000785770992E1,8.910797300072E0,3.046976813410E0));
#1853=CARTESIAN_POINT('',(1.002547694656E1,8.902907137175E0,3.044384809449E0));
#1854=CARTESIAN_POINT('',(1.004015964376E1,8.893857491043E0,3.041411902688E0));
#1855=CARTESIAN_POINT('',(1.005190580152E1,8.884688710827E0,3.038399859090E0));
#1856=CARTESIAN_POINT('',(1.006071541984E1,8.876654068918E0,3.035760392209E0));
#1857=CARTESIAN_POINT('',(1.006952503816E1,8.867187770157E0,3.032650610547E0));
#1858=CARTESIAN_POINT('',(1.007833465648E1,8.855821624488E0,3.028916708601E0));
#1859=CARTESIAN_POINT('',(1.008567600508E1,8.844107105871E0,3.025068362369E0));
#1860=CARTESIAN_POINT('',(1.009154908396E1,8.832377183658E0,3.021214955889E0));
#1861=CARTESIAN_POINT('',(1.009448562340E1,8.825337059400E0,3.018902198826E0));
#1862=CARTESIAN_POINT('',(1.009595389312E1,8.821303021499E0,3.017576973688E0));
#1864=DIRECTION('',(3.268030438306E-1,-8.978839835336E-1,2.949646125503E-1));
#1865=VECTOR('',#1864,5.172721309467E-1);
#1866=CARTESIAN_POINT('',(1.009595389312E1,8.821303021499E0,3.332423026312E0));
#1867=LINE('853',#1866,#1865);
#1868=DIRECTION('',(0.E0,0.E0,-1.E0));
#1869=VECTOR('',#1868,3.148460526245E-1);
#1870=CARTESIAN_POINT('',(1.009595389312E1,8.821303021499E0,3.332423026312E0));
#1871=LINE('866',#1870,#1869);
#1872=DIRECTION('',(3.268030438306E-1,-8.978839835336E-1,-2.949646125502E-1));
#1873=VECTOR('',#1872,5.172721309467E-1);
#1874=CARTESIAN_POINT('',(1.009595389312E1,8.821303021499E0,3.017576973688E0));
#1875=LINE('854',#1874,#1873);
#1876=DIRECTION('',(0.E0,1.E0,0.E0));
#1877=VECTOR('',#1876,5.436852659994E0);
#1878=CARTESIAN_POINT('',(1.2805E1,2.92E0,3.485E0));
#1879=LINE('930',#1878,#1877);
#1880=DIRECTION('',(0.E0,0.E0,-1.E0));
#1881=VECTOR('',#1880,6.2E-1);
#1882=CARTESIAN_POINT('',(1.2805E1,8.356852659994E0,3.485E0));
#1883=LINE('913',#1882,#1881);
#1884=DIRECTION('',(1.E0,0.E0,0.E0));
#1885=VECTOR('',#1884,6.2E-1);
#1886=CARTESIAN_POINT('',(1.2185E1,8.356852659994E0,3.485E0));
#1887=LINE('905',#1886,#1885);
#1888=DIRECTION('',(0.E0,0.E0,-1.E0));
#1889=VECTOR('',#1888,6.2E-1);
#1890=CARTESIAN_POINT('',(1.2185E1,8.356852659994E0,3.485E0));
#1891=LINE('915',#1890,#1889);
#1892=DIRECTION('',(0.E0,1.E0,0.E0));
#1893=VECTOR('',#1892,5.436852659994E0);
#1894=CARTESIAN_POINT('',(1.2185E1,2.92E0,3.485E0));
#1895=LINE('934',#1894,#1893);
#1896=DIRECTION('',(0.E0,1.E0,0.E0));
#1897=VECTOR('',#1896,5.436852659994E0);
#1898=CARTESIAN_POINT('',(1.2805E1,2.92E0,2.865E0));
#1899=LINE('932',#1898,#1897);
#1900=DIRECTION('',(1.E0,0.E0,0.E0));
#1901=VECTOR('',#1900,6.2E-1);
#1902=CARTESIAN_POINT('',(1.2185E1,8.356852659994E0,2.865E0));
#1903=LINE('907',#1902,#1901);
#1904=DIRECTION('',(0.E0,1.E0,0.E0));
#1905=VECTOR('',#1904,5.436852659994E0);
#1906=CARTESIAN_POINT('',(1.2185E1,2.92E0,2.865E0));
#1907=LINE('936',#1906,#1905);
#1908=DIRECTION('',(3.268030438306E-1,8.978839835336E-1,-2.949646125502E-1));
#1909=VECTOR('',#1908,5.172721309467E-1);
#1910=CARTESIAN_POINT('',(1.2185E1,8.356852659994E0,3.485E0));
#1911=LINE('893',#1910,#1909);
#1912=DIRECTION('',(3.268030438306E-1,8.978839835336E-1,2.949646125502E-1));
#1913=VECTOR('',#1912,5.172721309467E-1);
#1914=CARTESIAN_POINT('',(1.2185E1,8.356852659994E0,2.865E0));
#1915=LINE('894',#1914,#1913);
#1916=CARTESIAN_POINT('',(1.263595389312E1,8.821303021499E0,3.332423026312E0));
#1917=CARTESIAN_POINT('',(1.263448562340E1,8.825337059400E0,3.331097801174E0));
#1918=CARTESIAN_POINT('',(1.263154908396E1,8.832377183658E0,3.328785044111E0));
#1919=CARTESIAN_POINT('',(1.262567600508E1,8.844107105871E0,3.324931637631E0));
#1920=CARTESIAN_POINT('',(1.261833465648E1,8.855821624488E0,3.321083291399E0));
#1921=CARTESIAN_POINT('',(1.260952503816E1,8.867187770157E0,3.317349389453E0));
#1922=CARTESIAN_POINT('',(1.260071541984E1,8.876654068918E0,3.314239607791E0));
#1923=CARTESIAN_POINT('',(1.259190580152E1,8.884688710827E0,3.311600140910E0));
#1924=CARTESIAN_POINT('',(1.258015964376E1,8.893857491043E0,3.308588097312E0));
#1925=CARTESIAN_POINT('',(1.256547694656E1,8.902907137175E0,3.305615190551E0));
#1926=CARTESIAN_POINT('',(1.254785770992E1,8.910797300072E0,3.303023186590E0));
#1927=CARTESIAN_POINT('',(1.252436539440E1,8.917965385368E0,3.300668392941E0));
#1928=CARTESIAN_POINT('',(1.2495E1,8.921356409755E0,3.299554404706E0));
#1929=CARTESIAN_POINT('',(1.246563460560E1,8.917965385368E0,3.300668392941E0));
#1930=CARTESIAN_POINT('',(1.244214229008E1,8.910797300072E0,3.303023186590E0));
#1931=CARTESIAN_POINT('',(1.242452305344E1,8.902907137175E0,3.305615190551E0));
#1932=CARTESIAN_POINT('',(1.240984035624E1,8.893857491043E0,3.308588097312E0));
#1933=CARTESIAN_POINT('',(1.239809419848E1,8.884688710827E0,3.311600140910E0));
#1934=CARTESIAN_POINT('',(1.238928458016E1,8.876654068918E0,3.314239607791E0));
#1935=CARTESIAN_POINT('',(1.238047496184E1,8.867187770157E0,3.317349389453E0));
#1936=CARTESIAN_POINT('',(1.237166534352E1,8.855821624488E0,3.321083291399E0));
#1937=CARTESIAN_POINT('',(1.236432399492E1,8.844107105871E0,3.324931637631E0));
#1938=CARTESIAN_POINT('',(1.235845091604E1,8.832377183658E0,3.328785044111E0));
#1939=CARTESIAN_POINT('',(1.235551437660E1,8.825337059400E0,3.331097801174E0));
#1940=CARTESIAN_POINT('',(1.235404610688E1,8.821303021499E0,3.332423026312E0));
#1942=DIRECTION('',(0.E0,0.E0,-1.E0));
#1943=VECTOR('',#1942,3.148460526245E-1);
#1944=CARTESIAN_POINT('',(1.235404610688E1,8.821303021499E0,3.332423026312E0));
#1945=LINE('909',#1944,#1943);
#1946=CARTESIAN_POINT('',(1.235404610688E1,8.821303021499E0,3.017576973688E0));
#1947=CARTESIAN_POINT('',(1.235551437660E1,8.825337059400E0,3.018902198826E0));
#1948=CARTESIAN_POINT('',(1.235845091604E1,8.832377183658E0,3.021214955889E0));
#1949=CARTESIAN_POINT('',(1.236432399492E1,8.844107105871E0,3.025068362369E0));
#1950=CARTESIAN_POINT('',(1.237166534352E1,8.855821624488E0,3.028916708601E0));
#1951=CARTESIAN_POINT('',(1.238047496184E1,8.867187770157E0,3.032650610547E0));
#1952=CARTESIAN_POINT('',(1.238928458016E1,8.876654068918E0,3.035760392209E0));
#1953=CARTESIAN_POINT('',(1.239809419848E1,8.884688710827E0,3.038399859090E0));
#1954=CARTESIAN_POINT('',(1.240984035624E1,8.893857491043E0,3.041411902688E0));
#1955=CARTESIAN_POINT('',(1.242452305344E1,8.902907137175E0,3.044384809449E0));
#1956=CARTESIAN_POINT('',(1.244214229008E1,8.910797300072E0,3.046976813410E0));
#1957=CARTESIAN_POINT('',(1.246563460560E1,8.917965385368E0,3.049331607059E0));
#1958=CARTESIAN_POINT('',(1.2495E1,8.921356409755E0,3.050445595294E0));
#1959=CARTESIAN_POINT('',(1.252436539440E1,8.917965385368E0,3.049331607059E0));
#1960=CARTESIAN_POINT('',(1.254785770992E1,8.910797300072E0,3.046976813410E0));
#1961=CARTESIAN_POINT('',(1.256547694656E1,8.902907137175E0,3.044384809449E0));
#1962=CARTESIAN_POINT('',(1.258015964376E1,8.893857491043E0,3.041411902688E0));
#1963=CARTESIAN_POINT('',(1.259190580152E1,8.884688710827E0,3.038399859090E0));
#1964=CARTESIAN_POINT('',(1.260071541984E1,8.876654068918E0,3.035760392209E0));
#1965=CARTESIAN_POINT('',(1.260952503816E1,8.867187770157E0,3.032650610547E0));
#1966=CARTESIAN_POINT('',(1.261833465648E1,8.855821624488E0,3.028916708601E0));
#1967=CARTESIAN_POINT('',(1.262567600508E1,8.844107105871E0,3.025068362369E0));
#1968=CARTESIAN_POINT('',(1.263154908396E1,8.832377183658E0,3.021214955889E0));
#1969=CARTESIAN_POINT('',(1.263448562340E1,8.825337059400E0,3.018902198826E0));
#1970=CARTESIAN_POINT('',(1.263595389312E1,8.821303021499E0,3.017576973688E0));
#1972=DIRECTION('',(3.268030438306E-1,-8.978839835336E-1,2.949646125502E-1));
#1973=VECTOR('',#1972,5.172721309467E-1);
#1974=CARTESIAN_POINT('',(1.263595389312E1,8.821303021499E0,3.332423026312E0));
#1975=LINE('897',#1974,#1973);
#1976=DIRECTION('',(0.E0,0.E0,-1.E0));
#1977=VECTOR('',#1976,3.148460526245E-1);
#1978=CARTESIAN_POINT('',(1.263595389312E1,8.821303021499E0,3.332423026312E0));
#1979=LINE('910',#1978,#1977);
#1980=DIRECTION('',(3.268030438306E-1,-8.978839835336E-1,-2.949646125502E-1));
#1981=VECTOR('',#1980,5.172721309467E-1);
#1982=CARTESIAN_POINT('',(1.263595389312E1,8.821303021499E0,3.017576973688E0));
#1983=LINE('898',#1982,#1981);
#1984=DIRECTION('',(0.E0,1.E0,0.E0));
#1985=VECTOR('',#1984,5.436852659994E0);
#1986=CARTESIAN_POINT('',(1.5345E1,2.92E0,3.485E0));
#1987=LINE('974',#1986,#1985);
#1988=DIRECTION('',(0.E0,0.E0,-1.E0));
#1989=VECTOR('',#1988,6.2E-1);
#1990=CARTESIAN_POINT('',(1.5345E1,8.356852659994E0,3.485E0));
#1991=LINE('957',#1990,#1989);
#1992=DIRECTION('',(1.E0,0.E0,0.E0));
#1993=VECTOR('',#1992,6.2E-1);
#1994=CARTESIAN_POINT('',(1.4725E1,8.356852659994E0,3.485E0));
#1995=LINE('949',#1994,#1993);
#1996=DIRECTION('',(0.E0,0.E0,-1.E0));
#1997=VECTOR('',#1996,6.2E-1);
#1998=CARTESIAN_POINT('',(1.4725E1,8.356852659994E0,3.485E0));
#1999=LINE('959',#1998,#1997);
#2000=DIRECTION('',(0.E0,1.E0,0.E0));
#2001=VECTOR('',#2000,5.436852659994E0);
#2002=CARTESIAN_POINT('',(1.4725E1,2.92E0,3.485E0));
#2003=LINE('978',#2002,#2001);
#2004=DIRECTION('',(0.E0,1.E0,0.E0));
#2005=VECTOR('',#2004,5.436852659994E0);
#2006=CARTESIAN_POINT('',(1.5345E1,2.92E0,2.865E0));
#2007=LINE('976',#2006,#2005);
#2008=DIRECTION('',(1.E0,0.E0,0.E0));
#2009=VECTOR('',#2008,6.2E-1);
#2010=CARTESIAN_POINT('',(1.4725E1,8.356852659994E0,2.865E0));
#2011=LINE('951',#2010,#2009);
#2012=DIRECTION('',(0.E0,1.E0,0.E0));
#2013=VECTOR('',#2012,5.436852659994E0);
#2014=CARTESIAN_POINT('',(1.4725E1,2.92E0,2.865E0));
#2015=LINE('980',#2014,#2013);
#2016=DIRECTION('',(3.268030438306E-1,8.978839835336E-1,-2.949646125502E-1));
#2017=VECTOR('',#2016,5.172721309467E-1);
#2018=CARTESIAN_POINT('',(1.4725E1,8.356852659994E0,3.485E0));
#2019=LINE('937',#2018,#2017);
#2020=DIRECTION('',(3.268030438306E-1,8.978839835336E-1,2.949646125502E-1));
#2021=VECTOR('',#2020,5.172721309467E-1);
#2022=CARTESIAN_POINT('',(1.4725E1,8.356852659994E0,2.865E0));
#2023=LINE('938',#2022,#2021);
#2024=CARTESIAN_POINT('',(1.517595389312E1,8.821303021499E0,3.332423026312E0));
#2025=CARTESIAN_POINT('',(1.517448562340E1,8.825337059400E0,3.331097801174E0));
#2026=CARTESIAN_POINT('',(1.517154908396E1,8.832377183658E0,3.328785044111E0));
#2027=CARTESIAN_POINT('',(1.516567600508E1,8.844107105871E0,3.324931637631E0));
#2028=CARTESIAN_POINT('',(1.515833465648E1,8.855821624488E0,3.321083291399E0));
#2029=CARTESIAN_POINT('',(1.514952503816E1,8.867187770157E0,3.317349389453E0));
#2030=CARTESIAN_POINT('',(1.514071541984E1,8.876654068918E0,3.314239607791E0));
#2031=CARTESIAN_POINT('',(1.513190580152E1,8.884688710827E0,3.311600140910E0));
#2032=CARTESIAN_POINT('',(1.512015964376E1,8.893857491043E0,3.308588097312E0));
#2033=CARTESIAN_POINT('',(1.510547694656E1,8.902907137175E0,3.305615190551E0));
#2034=CARTESIAN_POINT('',(1.508785770992E1,8.910797300072E0,3.303023186590E0));
#2035=CARTESIAN_POINT('',(1.506436539440E1,8.917965385368E0,3.300668392941E0));
#2036=CARTESIAN_POINT('',(1.5035E1,8.921356409755E0,3.299554404706E0));
#2037=CARTESIAN_POINT('',(1.500563460560E1,8.917965385368E0,3.300668392941E0));
#2038=CARTESIAN_POINT('',(1.498214229008E1,8.910797300072E0,3.303023186590E0));
#2039=CARTESIAN_POINT('',(1.496452305344E1,8.902907137175E0,3.305615190551E0));
#2040=CARTESIAN_POINT('',(1.494984035624E1,8.893857491043E0,3.308588097312E0));
#2041=CARTESIAN_POINT('',(1.493809419848E1,8.884688710827E0,3.311600140910E0));
#2042=CARTESIAN_POINT('',(1.492928458016E1,8.876654068918E0,3.314239607791E0));
#2043=CARTESIAN_POINT('',(1.492047496184E1,8.867187770157E0,3.317349389453E0));
#2044=CARTESIAN_POINT('',(1.491166534352E1,8.855821624488E0,3.321083291399E0));
#2045=CARTESIAN_POINT('',(1.490432399492E1,8.844107105871E0,3.324931637631E0));
#2046=CARTESIAN_POINT('',(1.489845091604E1,8.832377183658E0,3.328785044111E0));
#2047=CARTESIAN_POINT('',(1.489551437660E1,8.825337059400E0,3.331097801174E0));
#2048=CARTESIAN_POINT('',(1.489404610688E1,8.821303021499E0,3.332423026312E0));
#2050=DIRECTION('',(0.E0,0.E0,-1.E0));
#2051=VECTOR('',#2050,3.148460526245E-1);
#2052=CARTESIAN_POINT('',(1.489404610688E1,8.821303021499E0,3.332423026312E0));
#2053=LINE('953',#2052,#2051);
#2054=CARTESIAN_POINT('',(1.489404610688E1,8.821303021499E0,3.017576973688E0));
#2055=CARTESIAN_POINT('',(1.489551437660E1,8.825337059400E0,3.018902198826E0));
#2056=CARTESIAN_POINT('',(1.489845091604E1,8.832377183658E0,3.021214955889E0));
#2057=CARTESIAN_POINT('',(1.490432399492E1,8.844107105871E0,3.025068362369E0));
#2058=CARTESIAN_POINT('',(1.491166534352E1,8.855821624488E0,3.028916708601E0));
#2059=CARTESIAN_POINT('',(1.492047496184E1,8.867187770157E0,3.032650610547E0));
#2060=CARTESIAN_POINT('',(1.492928458016E1,8.876654068918E0,3.035760392209E0));
#2061=CARTESIAN_POINT('',(1.493809419848E1,8.884688710827E0,3.038399859090E0));
#2062=CARTESIAN_POINT('',(1.494984035624E1,8.893857491043E0,3.041411902688E0));
#2063=CARTESIAN_POINT('',(1.496452305344E1,8.902907137175E0,3.044384809449E0));
#2064=CARTESIAN_POINT('',(1.498214229008E1,8.910797300072E0,3.046976813410E0));
#2065=CARTESIAN_POINT('',(1.500563460560E1,8.917965385368E0,3.049331607059E0));
#2066=CARTESIAN_POINT('',(1.5035E1,8.921356409755E0,3.050445595294E0));
#2067=CARTESIAN_POINT('',(1.506436539440E1,8.917965385368E0,3.049331607059E0));
#2068=CARTESIAN_POINT('',(1.508785770992E1,8.910797300072E0,3.046976813410E0));
#2069=CARTESIAN_POINT('',(1.510547694656E1,8.902907137175E0,3.044384809449E0));
#2070=CARTESIAN_POINT('',(1.512015964376E1,8.893857491043E0,3.041411902688E0));
#2071=CARTESIAN_POINT('',(1.513190580152E1,8.884688710827E0,3.038399859090E0));
#2072=CARTESIAN_POINT('',(1.514071541984E1,8.876654068918E0,3.035760392209E0));
#2073=CARTESIAN_POINT('',(1.514952503816E1,8.867187770157E0,3.032650610547E0));
#2074=CARTESIAN_POINT('',(1.515833465648E1,8.855821624488E0,3.028916708601E0));
#2075=CARTESIAN_POINT('',(1.516567600508E1,8.844107105871E0,3.025068362369E0));
#2076=CARTESIAN_POINT('',(1.517154908396E1,8.832377183658E0,3.021214955889E0));
#2077=CARTESIAN_POINT('',(1.517448562340E1,8.825337059400E0,3.018902198826E0));
#2078=CARTESIAN_POINT('',(1.517595389312E1,8.821303021499E0,3.017576973688E0));
#2080=DIRECTION('',(3.268030438306E-1,-8.978839835336E-1,2.949646125503E-1));
#2081=VECTOR('',#2080,5.172721309467E-1);
#2082=CARTESIAN_POINT('',(1.517595389312E1,8.821303021499E0,3.332423026312E0));
#2083=LINE('941',#2082,#2081);
#2084=DIRECTION('',(0.E0,0.E0,-1.E0));
#2085=VECTOR('',#2084,3.148460526245E-1);
#2086=CARTESIAN_POINT('',(1.517595389312E1,8.821303021499E0,3.332423026312E0));
#2087=LINE('954',#2086,#2085);
#2088=DIRECTION('',(3.268030438306E-1,-8.978839835336E-1,-2.949646125502E-1));
#2089=VECTOR('',#2088,5.172721309467E-1);
#2090=CARTESIAN_POINT('',(1.517595389312E1,8.821303021499E0,3.017576973688E0));
#2091=LINE('942',#2090,#2089);
#2092=DIRECTION('',(0.E0,1.E0,0.E0));
#2093=VECTOR('',#2092,5.436852659994E0);
#2094=CARTESIAN_POINT('',(1.7885E1,2.92E0,3.485E0));
#2095=LINE('1018',#2094,#2093);
#2096=DIRECTION('',(0.E0,0.E0,-1.E0));
#2097=VECTOR('',#2096,6.2E-1);
#2098=CARTESIAN_POINT('',(1.7885E1,8.356852659994E0,3.485E0));
#2099=LINE('1001',#2098,#2097);
#2100=DIRECTION('',(1.E0,0.E0,0.E0));
#2101=VECTOR('',#2100,6.2E-1);
#2102=CARTESIAN_POINT('',(1.7265E1,8.356852659994E0,3.485E0));
#2103=LINE('993',#2102,#2101);
#2104=DIRECTION('',(0.E0,0.E0,-1.E0));
#2105=VECTOR('',#2104,6.2E-1);
#2106=CARTESIAN_POINT('',(1.7265E1,8.356852659994E0,3.485E0));
#2107=LINE('1003',#2106,#2105);
#2108=DIRECTION('',(0.E0,1.E0,0.E0));
#2109=VECTOR('',#2108,5.436852659994E0);
#2110=CARTESIAN_POINT('',(1.7265E1,2.92E0,3.485E0));
#2111=LINE('1022',#2110,#2109);
#2112=DIRECTION('',(0.E0,1.E0,0.E0));
#2113=VECTOR('',#2112,5.436852659994E0);
#2114=CARTESIAN_POINT('',(1.7885E1,2.92E0,2.865E0));
#2115=LINE('1020',#2114,#2113);
#2116=DIRECTION('',(1.E0,0.E0,0.E0));
#2117=VECTOR('',#2116,6.2E-1);
#2118=CARTESIAN_POINT('',(1.7265E1,8.356852659994E0,2.865E0));
#2119=LINE('995',#2118,#2117);
#2120=DIRECTION('',(0.E0,1.E0,0.E0));
#2121=VECTOR('',#2120,5.436852659994E0);
#2122=CARTESIAN_POINT('',(1.7265E1,2.92E0,2.865E0));
#2123=LINE('1024',#2122,#2121);
#2124=DIRECTION('',(3.268030438306E-1,8.978839835336E-1,-2.949646125503E-1));
#2125=VECTOR('',#2124,5.172721309467E-1);
#2126=CARTESIAN_POINT('',(1.7265E1,8.356852659994E0,3.485E0));
#2127=LINE('981',#2126,#2125);
#2128=DIRECTION('',(3.268030438306E-1,8.978839835336E-1,2.949646125502E-1));
#2129=VECTOR('',#2128,5.172721309467E-1);
#2130=CARTESIAN_POINT('',(1.7265E1,8.356852659994E0,2.865E0));
#2131=LINE('982',#2130,#2129);
#2132=CARTESIAN_POINT('',(1.771595389312E1,8.821303021499E0,3.332423026312E0));
#2133=CARTESIAN_POINT('',(1.771448562340E1,8.825337059400E0,3.331097801174E0));
#2134=CARTESIAN_POINT('',(1.771154908396E1,8.832377183658E0,3.328785044111E0));
#2135=CARTESIAN_POINT('',(1.770567600508E1,8.844107105871E0,3.324931637631E0));
#2136=CARTESIAN_POINT('',(1.769833465648E1,8.855821624488E0,3.321083291399E0));
#2137=CARTESIAN_POINT('',(1.768952503816E1,8.867187770157E0,3.317349389453E0));
#2138=CARTESIAN_POINT('',(1.768071541984E1,8.876654068918E0,3.314239607791E0));
#2139=CARTESIAN_POINT('',(1.767190580152E1,8.884688710827E0,3.311600140910E0));
#2140=CARTESIAN_POINT('',(1.766015964376E1,8.893857491043E0,3.308588097312E0));
#2141=CARTESIAN_POINT('',(1.764547694656E1,8.902907137175E0,3.305615190551E0));
#2142=CARTESIAN_POINT('',(1.762785770992E1,8.910797300072E0,3.303023186590E0));
#2143=CARTESIAN_POINT('',(1.760436539440E1,8.917965385368E0,3.300668392941E0));
#2144=CARTESIAN_POINT('',(1.7575E1,8.921356409755E0,3.299554404706E0));
#2145=CARTESIAN_POINT('',(1.754563460560E1,8.917965385368E0,3.300668392941E0));
#2146=CARTESIAN_POINT('',(1.752214229008E1,8.910797300072E0,3.303023186590E0));
#2147=CARTESIAN_POINT('',(1.750452305344E1,8.902907137175E0,3.305615190551E0));
#2148=CARTESIAN_POINT('',(1.748984035624E1,8.893857491043E0,3.308588097312E0));
#2149=CARTESIAN_POINT('',(1.747809419848E1,8.884688710827E0,3.311600140910E0));
#2150=CARTESIAN_POINT('',(1.746928458016E1,8.876654068918E0,3.314239607791E0));
#2151=CARTESIAN_POINT('',(1.746047496184E1,8.867187770157E0,3.317349389453E0));
#2152=CARTESIAN_POINT('',(1.745166534352E1,8.855821624488E0,3.321083291399E0));
#2153=CARTESIAN_POINT('',(1.744432399492E1,8.844107105871E0,3.324931637631E0));
#2154=CARTESIAN_POINT('',(1.743845091604E1,8.832377183658E0,3.328785044111E0));
#2155=CARTESIAN_POINT('',(1.743551437660E1,8.825337059400E0,3.331097801174E0));
#2156=CARTESIAN_POINT('',(1.743404610688E1,8.821303021499E0,3.332423026312E0));
#2158=DIRECTION('',(0.E0,0.E0,-1.E0));
#2159=VECTOR('',#2158,3.148460526245E-1);
#2160=CARTESIAN_POINT('',(1.743404610688E1,8.821303021499E0,3.332423026312E0));
#2161=LINE('997',#2160,#2159);
#2162=CARTESIAN_POINT('',(1.743404610688E1,8.821303021499E0,3.017576973688E0));
#2163=CARTESIAN_POINT('',(1.743551437660E1,8.825337059400E0,3.018902198826E0));
#2164=CARTESIAN_POINT('',(1.743845091604E1,8.832377183658E0,3.021214955889E0));
#2165=CARTESIAN_POINT('',(1.744432399492E1,8.844107105871E0,3.025068362369E0));
#2166=CARTESIAN_POINT('',(1.745166534352E1,8.855821624488E0,3.028916708601E0));
#2167=CARTESIAN_POINT('',(1.746047496184E1,8.867187770157E0,3.032650610547E0));
#2168=CARTESIAN_POINT('',(1.746928458016E1,8.876654068918E0,3.035760392209E0));
#2169=CARTESIAN_POINT('',(1.747809419848E1,8.884688710827E0,3.038399859090E0));
#2170=CARTESIAN_POINT('',(1.748984035624E1,8.893857491043E0,3.041411902688E0));
#2171=CARTESIAN_POINT('',(1.750452305344E1,8.902907137175E0,3.044384809449E0));
#2172=CARTESIAN_POINT('',(1.752214229008E1,8.910797300072E0,3.046976813410E0));
#2173=CARTESIAN_POINT('',(1.754563460560E1,8.917965385368E0,3.049331607059E0));
#2174=CARTESIAN_POINT('',(1.7575E1,8.921356409755E0,3.050445595294E0));
#2175=CARTESIAN_POINT('',(1.760436539440E1,8.917965385368E0,3.049331607059E0));
#2176=CARTESIAN_POINT('',(1.762785770992E1,8.910797300072E0,3.046976813410E0));
#2177=CARTESIAN_POINT('',(1.764547694656E1,8.902907137175E0,3.044384809449E0));
#2178=CARTESIAN_POINT('',(1.766015964376E1,8.893857491043E0,3.041411902688E0));
#2179=CARTESIAN_POINT('',(1.767190580152E1,8.884688710827E0,3.038399859090E0));
#2180=CARTESIAN_POINT('',(1.768071541984E1,8.876654068918E0,3.035760392209E0));
#2181=CARTESIAN_POINT('',(1.768952503816E1,8.867187770157E0,3.032650610547E0));
#2182=CARTESIAN_POINT('',(1.769833465648E1,8.855821624488E0,3.028916708601E0));
#2183=CARTESIAN_POINT('',(1.770567600508E1,8.844107105871E0,3.025068362369E0));
#2184=CARTESIAN_POINT('',(1.771154908396E1,8.832377183658E0,3.021214955889E0));
#2185=CARTESIAN_POINT('',(1.771448562340E1,8.825337059400E0,3.018902198826E0));
#2186=CARTESIAN_POINT('',(1.771595389312E1,8.821303021499E0,3.017576973688E0));
#2188=DIRECTION('',(3.268030438306E-1,-8.978839835336E-1,2.949646125503E-1));
#2189=VECTOR('',#2188,5.172721309467E-1);
#2190=CARTESIAN_POINT('',(1.771595389312E1,8.821303021499E0,3.332423026312E0));
#2191=LINE('985',#2190,#2189);
#2192=DIRECTION('',(0.E0,0.E0,-1.E0));
#2193=VECTOR('',#2192,3.148460526245E-1);
#2194=CARTESIAN_POINT('',(1.771595389312E1,8.821303021499E0,3.332423026312E0));
#2195=LINE('998',#2194,#2193);
#2196=DIRECTION('',(3.268030438306E-1,-8.978839835336E-1,-2.949646125502E-1));
#2197=VECTOR('',#2196,5.172721309467E-1);
#2198=CARTESIAN_POINT('',(1.771595389312E1,8.821303021499E0,3.017576973688E0));
#2199=LINE('986',#2198,#2197);
#2200=DIRECTION('',(9.395150436443E-1,3.419555105318E-1,-1.943994812217E-2));
#2201=VECTOR('',#2200,1.134099770486E0);
#2202=CARTESIAN_POINT('',(2.54E0,6.770042526092E0,5.785127490452E0));
#2203=LINE('406',#2202,#2201);
#2204=DIRECTION('',(0.E0,0.E0,1.E0));
#2205=VECTOR('',#2204,6.E-1);
#2206=CARTESIAN_POINT('',(1.558E1,2.22E0,7.62E0));
#2207=LINE('454',#2206,#2205);
#2208=DIRECTION('',(0.E0,0.E0,1.E0));
#2209=VECTOR('',#2208,6.E-1);
#2210=CARTESIAN_POINT('',(1.558E1,4.595E0,7.62E0));
#2211=LINE('436',#2210,#2209);
#2212=DIRECTION('',(0.E0,0.E0,1.E0));
#2213=VECTOR('',#2212,6.E-1);
#2214=CARTESIAN_POINT('',(1.703E1,4.595E0,7.62E0));
#2215=LINE('437',#2214,#2213);
#2216=DIRECTION('',(-1.E0,0.E0,0.E0));
#2217=VECTOR('',#2216,1.02E0);
#2218=CARTESIAN_POINT('',(2.245E1,0.E0,6.17E0));
#2219=LINE('528',#2218,#2217);
#2220=DIRECTION('',(0.E0,0.E0,1.E0));
#2221=VECTOR('',#2220,2.72E0);
#2222=CARTESIAN_POINT('',(2.143E1,0.E0,6.17E0));
#2223=LINE('538',#2222,#2221);
#2224=DIRECTION('',(-1.E0,0.E0,0.E0));
#2225=VECTOR('',#2224,1.02E0);
#2226=CARTESIAN_POINT('',(2.245E1,0.E0,2.E0));
#2227=LINE('527',#2226,#2225);
#2228=DIRECTION('',(0.E0,0.E0,1.E0));
#2229=VECTOR('',#2228,2.E0);
#2230=CARTESIAN_POINT('',(2.143E1,0.E0,0.E0));
#2231=LINE('537',#2230,#2229);
#2232=DIRECTION('',(1.E0,0.E0,0.E0));
#2233=VECTOR('',#2232,1.02E0);
#2234=CARTESIAN_POINT('',(2.54E0,0.E0,2.E0));
#2235=LINE('383',#2234,#2233);
#2236=DIRECTION('',(0.E0,0.E0,1.E0));
#2237=VECTOR('',#2236,2.E0);
#2238=CARTESIAN_POINT('',(2.54E0,0.E0,0.E0));
#2239=LINE('390',#2238,#2237);
#2240=DIRECTION('',(0.E0,0.E0,1.E0));
#2241=VECTOR('',#2240,6.2E-1);
#2242=CARTESIAN_POINT('',(7.105E0,6.8E-1,5.405E0));
#2243=LINE('613',#2242,#2241);
#2244=CARTESIAN_POINT('',(6.805E0,3.8E-1,5.105E0));
#2245=CARTESIAN_POINT('',(6.830051748276E0,3.8E-1,5.130051748276E0));
#2246=CARTESIAN_POINT('',(6.878008319214E0,3.861516481816E-1,5.178008319214E0));
#2247=CARTESIAN_POINT('',(6.942882595879E0,4.108284809101E-1,5.242882595879E0));
#2248=CARTESIAN_POINT('',(6.995637609841E0,4.457018576518E-1,5.295637609841E0));
#2249=CARTESIAN_POINT('',(7.037866462784E0,4.879248700055E-1,5.337866462784E0));
#2250=CARTESIAN_POINT('',(7.069238912697E0,5.345329747632E-1,5.369238912697E0));
#2251=CARTESIAN_POINT('',(7.090354666653E0,5.828415657856E-1,5.390354666653E0));
#2252=CARTESIAN_POINT('',(7.102390843562E0,6.313263037052E-1,5.402390843562E0));
#2253=CARTESIAN_POINT('',(7.105E0,6.639412213197E-1,5.405E0));
#2254=CARTESIAN_POINT('',(7.105E0,6.8E-1,5.405E0));
#2256=DIRECTION('',(0.E0,0.E0,1.E0));
#2257=VECTOR('',#2256,1.22E0);
#2258=CARTESIAN_POINT('',(6.805E0,3.8E-1,5.105E0));
#2259=LINE('479',#2258,#2257);
#2260=CARTESIAN_POINT('',(6.805E0,3.8E-1,6.325E0));
#2261=CARTESIAN_POINT('',(6.830051748276E0,3.8E-1,6.299948251724E0));
#2262=CARTESIAN_POINT('',(6.878008319214E0,3.861516481816E-1,6.251991680786E0));
#2263=CARTESIAN_POINT('',(6.942882595879E0,4.108284809101E-1,6.187117404121E0));
#2264=CARTESIAN_POINT('',(6.995637609841E0,4.457018576518E-1,6.134362390159E0));
#2265=CARTESIAN_POINT('',(7.037866462784E0,4.879248700055E-1,6.092133537216E0));
#2266=CARTESIAN_POINT('',(7.069238912697E0,5.345329747632E-1,6.060761087303E0));
#2267=CARTESIAN_POINT('',(7.090354666653E0,5.828415657856E-1,6.039645333347E0));
#2268=CARTESIAN_POINT('',(7.102390843562E0,6.313263037052E-1,6.027609156438E0));
#2269=CARTESIAN_POINT('',(7.105E0,6.639412213197E-1,6.025E0));
#2270=CARTESIAN_POINT('',(7.105E0,6.8E-1,6.025E0));
#2272=DIRECTION('',(0.E0,0.E0,1.E0));
#2273=VECTOR('',#2272,6.2E-1);
#2274=CARTESIAN_POINT('',(7.105E0,-2.486852659994E0,5.405E0));
#2275=LINE('598',#2274,#2273);
#2276=DIRECTION('',(1.E0,0.E0,0.E0));
#2277=VECTOR('',#2276,6.2E-1);
#2278=CARTESIAN_POINT('',(7.105E0,-2.486852659994E0,6.025E0));
#2279=LINE('606',#2278,#2277);
#2280=DIRECTION('',(0.E0,1.E0,0.E0));
#2281=VECTOR('',#2280,3.166852659994E0);
#2282=CARTESIAN_POINT('',(7.105E0,-2.486852659994E0,6.025E0));
#2283=LINE('621',#2282,#2281);
#2284=DIRECTION('',(1.E0,0.E0,0.E0));
#2285=VECTOR('',#2284,6.2E-1);
#2286=CARTESIAN_POINT('',(7.105E0,6.8E-1,6.025E0));
#2287=LINE('614',#2286,#2285);
#2288=DIRECTION('',(1.E0,0.E0,0.E0));
#2289=VECTOR('',#2288,1.22E0);
#2290=CARTESIAN_POINT('',(6.805E0,3.8E-1,6.325E0));
#2291=LINE('480',#2290,#2289);
#2292=CARTESIAN_POINT('',(8.025E0,3.8E-1,6.325E0));
#2293=CARTESIAN_POINT('',(7.999948251724E0,3.8E-1,6.299948251724E0));
#2294=CARTESIAN_POINT('',(7.951991680786E0,3.861516481816E-1,6.251991680786E0));
#2295=CARTESIAN_POINT('',(7.887117404121E0,4.108284809101E-1,6.187117404121E0));
#2296=CARTESIAN_POINT('',(7.834362390159E0,4.457018576518E-1,6.134362390159E0));
#2297=CARTESIAN_POINT('',(7.792133537216E0,4.879248700055E-1,6.092133537216E0));
#2298=CARTESIAN_POINT('',(7.760761087303E0,5.345329747632E-1,6.060761087303E0));
#2299=CARTESIAN_POINT('',(7.739645333347E0,5.828415657856E-1,6.039645333347E0));
#2300=CARTESIAN_POINT('',(7.727609156438E0,6.313263037052E-1,6.027609156438E0));
#2301=CARTESIAN_POINT('',(7.725E0,6.639412213197E-1,6.025E0));
#2302=CARTESIAN_POINT('',(7.725E0,6.8E-1,6.025E0));
#2304=DIRECTION('',(0.E0,0.E0,-1.E0));
#2305=VECTOR('',#2304,6.2E-1);
#2306=CARTESIAN_POINT('',(7.725E0,6.8E-1,6.025E0));
#2307=LINE('615',#2306,#2305);
#2308=DIRECTION('',(0.E0,0.E0,-1.E0));
#2309=VECTOR('',#2308,1.22E0);
#2310=CARTESIAN_POINT('',(8.025E0,3.8E-1,6.325E0));
#2311=LINE('481',#2310,#2309);
#2312=CARTESIAN_POINT('',(8.025E0,3.8E-1,5.105E0));
#2313=CARTESIAN_POINT('',(7.999948251724E0,3.8E-1,5.130051748276E0));
#2314=CARTESIAN_POINT('',(7.951991680786E0,3.861516481816E-1,5.178008319214E0));
#2315=CARTESIAN_POINT('',(7.887117404121E0,4.108284809101E-1,5.242882595879E0));
#2316=CARTESIAN_POINT('',(7.834362390159E0,4.457018576518E-1,5.295637609841E0));
#2317=CARTESIAN_POINT('',(7.792133537216E0,4.879248700055E-1,5.337866462784E0));
#2318=CARTESIAN_POINT('',(7.760761087303E0,5.345329747632E-1,5.369238912697E0));
#2319=CARTESIAN_POINT('',(7.739645333347E0,5.828415657856E-1,5.390354666653E0));
#2320=CARTESIAN_POINT('',(7.727609156438E0,6.313263037052E-1,5.402390843562E0));
#2321=CARTESIAN_POINT('',(7.725E0,6.639412213197E-1,5.405E0));
#2322=CARTESIAN_POINT('',(7.725E0,6.8E-1,5.405E0));
#2324=DIRECTION('',(0.E0,1.E0,0.E0));
#2325=VECTOR('',#2324,3.166852659994E0);
#2326=CARTESIAN_POINT('',(7.725E0,-2.486852659994E0,5.405E0));
#2327=LINE('627',#2326,#2325);
#2328=DIRECTION('',(0.E0,0.E0,1.E0));
#2329=VECTOR('',#2328,6.2E-1);
#2330=CARTESIAN_POINT('',(7.725E0,-2.486852659994E0,5.405E0));
#2331=LINE('600',#2330,#2329);
#2332=DIRECTION('',(0.E0,1.E0,0.E0));
#2333=VECTOR('',#2332,3.166852659994E0);
#2334=CARTESIAN_POINT('',(7.725E0,-2.486852659994E0,6.025E0));
#2335=LINE('623',#2334,#2333);
#2336=DIRECTION('',(0.E0,1.E0,0.E0));
#2337=VECTOR('',#2336,3.166852659994E0);
#2338=CARTESIAN_POINT('',(7.105E0,-2.486852659994E0,5.405E0));
#2339=LINE('625',#2338,#2337);
#2340=DIRECTION('',(1.E0,0.E0,0.E0));
#2341=VECTOR('',#2340,6.2E-1);
#2342=CARTESIAN_POINT('',(7.105E0,-2.486852659994E0,5.405E0));
#2343=LINE('608',#2342,#2341);
#2344=DIRECTION('',(-1.E0,0.E0,0.E0));
#2345=VECTOR('',#2344,6.2E-1);
#2346=CARTESIAN_POINT('',(7.725E0,6.8E-1,5.405E0));
#2347=LINE('616',#2346,#2345);
#2348=DIRECTION('',(-1.E0,0.E0,0.E0));
#2349=VECTOR('',#2348,1.22E0);
#2350=CARTESIAN_POINT('',(8.025E0,3.8E-1,5.105E0));
#2351=LINE('482',#2350,#2349);
#2352=DIRECTION('',(2.949646125503E-1,8.978839835336E-1,-3.268030438306E-1));
#2353=VECTOR('',#2352,5.172721309467E-1);
#2354=CARTESIAN_POINT('',(7.572423026312E0,-2.951303021499E0,5.574046106882E0));
#2355=LINE('595',#2354,#2353);
#2356=DIRECTION('',(-2.949646125502E-1,8.978839835336E-1,-3.268030438306E-1));
#2357=VECTOR('',#2356,5.172721309467E-1);
#2358=CARTESIAN_POINT('',(7.257576973688E0,-2.951303021499E0,5.574046106882E0));
#2359=LINE('596',#2358,#2357);
#2360=DIRECTION('',(1.E0,0.E0,0.E0));
#2361=VECTOR('',#2360,3.148460526245E-1);
#2362=CARTESIAN_POINT('',(7.257576973688E0,-2.951303021499E0,5.574046106882E0));
#2363=LINE('604',#2362,#2361);
#2364=DIRECTION('',(-2.949646125503E-1,-8.978839835336E-1,-3.268030438306E-1));
#2365=VECTOR('',#2364,5.172721309467E-1);
#2366=CARTESIAN_POINT('',(7.725E0,-2.486852659994E0,6.025E0));
#2367=LINE('591',#2366,#2365);
#2368=DIRECTION('',(2.949646125502E-1,-8.978839835336E-1,-3.268030438306E-1));
#2369=VECTOR('',#2368,5.172721309467E-1);
#2370=CARTESIAN_POINT('',(7.105E0,-2.486852659994E0,6.025E0));
#2371=LINE('592',#2370,#2369);
#2372=CARTESIAN_POINT('',(7.572423026312E0,-2.951303021499E0,5.855953893118E0));
#2373=CARTESIAN_POINT('',(7.571097801174E0,-2.955337059400E0,5.854485623398E0));
#2374=CARTESIAN_POINT('',(7.568785044111E0,-2.962377183658E0,5.851549083958E0));
#2375=CARTESIAN_POINT('',(7.564931637631E0,-2.974107105871E0,5.845676005078E0));
#2376=CARTESIAN_POINT('',(7.561083291399E0,-2.985821624488E0,5.838334656478E0));
#2377=CARTESIAN_POINT('',(7.557349389453E0,-2.997187770157E0,5.829525038158E0));
#2378=CARTESIAN_POINT('',(7.554239607791E0,-3.006654068918E0,5.820715419838E0));
#2379=CARTESIAN_POINT('',(7.551600140910E0,-3.014688710827E0,5.811905801519E0));
#2380=CARTESIAN_POINT('',(7.548588097312E0,-3.023857491043E0,5.800159643759E0));
#2381=CARTESIAN_POINT('',(7.545615190551E0,-3.032907137175E0,5.785476946559E0));
#2382=CARTESIAN_POINT('',(7.543023186590E0,-3.040797300072E0,5.767857709919E0));
#2383=CARTESIAN_POINT('',(7.540668392941E0,-3.047965385368E0,5.744365394400E0));
#2384=CARTESIAN_POINT('',(7.539554404706E0,-3.051356409755E0,5.715E0));
#2385=CARTESIAN_POINT('',(7.540668392941E0,-3.047965385368E0,5.685634605600E0));
#2386=CARTESIAN_POINT('',(7.543023186590E0,-3.040797300072E0,5.662142290081E0));
#2387=CARTESIAN_POINT('',(7.545615190551E0,-3.032907137175E0,5.644523053441E0));
#2388=CARTESIAN_POINT('',(7.548588097312E0,-3.023857491043E0,5.629840356241E0));
#2389=CARTESIAN_POINT('',(7.551600140910E0,-3.014688710827E0,5.618094198481E0));
#2390=CARTESIAN_POINT('',(7.554239607791E0,-3.006654068918E0,5.609284580162E0));
#2391=CARTESIAN_POINT('',(7.557349389453E0,-2.997187770157E0,5.600474961842E0));
#2392=CARTESIAN_POINT('',(7.561083291399E0,-2.985821624488E0,5.591665343522E0));
#2393=CARTESIAN_POINT('',(7.564931637631E0,-2.974107105871E0,5.584323994922E0));
#2394=CARTESIAN_POINT('',(7.568785044111E0,-2.962377183658E0,5.578450916042E0));
#2395=CARTESIAN_POINT('',(7.571097801174E0,-2.955337059400E0,5.575514376602E0));
#2396=CARTESIAN_POINT('',(7.572423026312E0,-2.951303021499E0,5.574046106882E0));
#2398=CARTESIAN_POINT('',(7.257576973688E0,-2.951303021499E0,5.574046106882E0));
#2399=CARTESIAN_POINT('',(7.258902198826E0,-2.955337059400E0,5.575514376602E0));
#2400=CARTESIAN_POINT('',(7.261214955889E0,-2.962377183658E0,5.578450916042E0));
#2401=CARTESIAN_POINT('',(7.265068362369E0,-2.974107105871E0,5.584323994922E0));
#2402=CARTESIAN_POINT('',(7.268916708601E0,-2.985821624488E0,5.591665343522E0));
#2403=CARTESIAN_POINT('',(7.272650610547E0,-2.997187770157E0,5.600474961842E0));
#2404=CARTESIAN_POINT('',(7.275760392209E0,-3.006654068918E0,5.609284580162E0));
#2405=CARTESIAN_POINT('',(7.278399859090E0,-3.014688710827E0,5.618094198481E0));
#2406=CARTESIAN_POINT('',(7.281411902688E0,-3.023857491043E0,5.629840356241E0));
#2407=CARTESIAN_POINT('',(7.284384809449E0,-3.032907137175E0,5.644523053441E0));
#2408=CARTESIAN_POINT('',(7.286976813410E0,-3.040797300072E0,5.662142290081E0));
#2409=CARTESIAN_POINT('',(7.289331607059E0,-3.047965385368E0,5.685634605600E0));
#2410=CARTESIAN_POINT('',(7.290445595294E0,-3.051356409755E0,5.715E0));
#2411=CARTESIAN_POINT('',(7.289331607059E0,-3.047965385368E0,5.744365394400E0));
#2412=CARTESIAN_POINT('',(7.286976813410E0,-3.040797300072E0,5.767857709919E0));
#2413=CARTESIAN_POINT('',(7.284384809449E0,-3.032907137175E0,5.785476946559E0));
#2414=CARTESIAN_POINT('',(7.281411902688E0,-3.023857491043E0,5.800159643759E0));
#2415=CARTESIAN_POINT('',(7.278399859090E0,-3.014688710827E0,5.811905801519E0));
#2416=CARTESIAN_POINT('',(7.275760392209E0,-3.006654068918E0,5.820715419838E0));
#2417=CARTESIAN_POINT('',(7.272650610547E0,-2.997187770157E0,5.829525038158E0));
#2418=CARTESIAN_POINT('',(7.268916708601E0,-2.985821624488E0,5.838334656478E0));
#2419=CARTESIAN_POINT('',(7.265068362369E0,-2.974107105871E0,5.845676005078E0));
#2420=CARTESIAN_POINT('',(7.261214955889E0,-2.962377183658E0,5.851549083958E0));
#2421=CARTESIAN_POINT('',(7.258902198826E0,-2.955337059400E0,5.854485623398E0));
#2422=CARTESIAN_POINT('',(7.257576973688E0,-2.951303021499E0,5.855953893118E0));
#2424=DIRECTION('',(1.E0,0.E0,0.E0));
#2425=VECTOR('',#2424,3.148460526245E-1);
#2426=CARTESIAN_POINT('',(7.257576973688E0,-2.951303021499E0,5.855953893118E0));
#2427=LINE('603',#2426,#2425);
#2428=DIRECTION('',(0.E0,0.E0,1.E0));
#2429=VECTOR('',#2428,6.2E-1);
#2430=CARTESIAN_POINT('',(7.105E0,6.8E-1,2.865E0));
#2431=LINE('833',#2430,#2429);
#2432=CARTESIAN_POINT('',(6.805E0,3.8E-1,2.565E0));
#2433=CARTESIAN_POINT('',(6.830051748276E0,3.8E-1,2.590051748276E0));
#2434=CARTESIAN_POINT('',(6.878008319214E0,3.861516481816E-1,2.638008319214E0));
#2435=CARTESIAN_POINT('',(6.942882595879E0,4.108284809101E-1,2.702882595879E0));
#2436=CARTESIAN_POINT('',(6.995637609841E0,4.457018576518E-1,2.755637609841E0));
#2437=CARTESIAN_POINT('',(7.037866462784E0,4.879248700055E-1,2.797866462784E0));
#2438=CARTESIAN_POINT('',(7.069238912697E0,5.345329747632E-1,2.829238912697E0));
#2439=CARTESIAN_POINT('',(7.090354666653E0,5.828415657856E-1,2.850354666653E0));
#2440=CARTESIAN_POINT('',(7.102390843562E0,6.313263037052E-1,2.862390843562E0));
#2441=CARTESIAN_POINT('',(7.105E0,6.639412213197E-1,2.865E0));
#2442=CARTESIAN_POINT('',(7.105E0,6.8E-1,2.865E0));
#2444=DIRECTION('',(0.E0,0.E0,1.E0));
#2445=VECTOR('',#2444,1.22E0);
#2446=CARTESIAN_POINT('',(6.805E0,3.8E-1,2.565E0));
#2447=LINE('483',#2446,#2445);
#2448=CARTESIAN_POINT('',(6.805E0,3.8E-1,3.785E0));
#2449=CARTESIAN_POINT('',(6.830051748276E0,3.8E-1,3.759948251724E0));
#2450=CARTESIAN_POINT('',(6.878008319214E0,3.861516481816E-1,3.711991680786E0));
#2451=CARTESIAN_POINT('',(6.942882595879E0,4.108284809101E-1,3.647117404121E0));
#2452=CARTESIAN_POINT('',(6.995637609841E0,4.457018576518E-1,3.594362390159E0));
#2453=CARTESIAN_POINT('',(7.037866462784E0,4.879248700055E-1,3.552133537216E0));
#2454=CARTESIAN_POINT('',(7.069238912697E0,5.345329747632E-1,3.520761087303E0));
#2455=CARTESIAN_POINT('',(7.090354666653E0,5.828415657856E-1,3.499645333347E0));
#2456=CARTESIAN_POINT('',(7.102390843562E0,6.313263037052E-1,3.487609156438E0));
#2457=CARTESIAN_POINT('',(7.105E0,6.639412213197E-1,3.485E0));
#2458=CARTESIAN_POINT('',(7.105E0,6.8E-1,3.485E0));
#2460=DIRECTION('',(0.E0,1.E0,0.E0));
#2461=VECTOR('',#2460,3.166852659994E0);
#2462=CARTESIAN_POINT('',(7.105E0,-2.486852659994E0,3.485E0));
#2463=LINE('845',#2462,#2461);
#2464=DIRECTION('',(0.E0,0.E0,-1.E0));
#2465=VECTOR('',#2464,6.2E-1);
#2466=CARTESIAN_POINT('',(7.105E0,-2.486852659994E0,3.485E0));
#2467=LINE('828',#2466,#2465);
#2468=DIRECTION('',(1.E0,0.E0,0.E0));
#2469=VECTOR('',#2468,6.2E-1);
#2470=CARTESIAN_POINT('',(7.105E0,-2.486852659994E0,3.485E0));
#2471=LINE('818',#2470,#2469);
#2472=DIRECTION('',(1.E0,0.E0,0.E0));
#2473=VECTOR('',#2472,6.2E-1);
#2474=CARTESIAN_POINT('',(7.105E0,6.8E-1,3.485E0));
#2475=LINE('834',#2474,#2473);
#2476=DIRECTION('',(1.E0,0.E0,0.E0));
#2477=VECTOR('',#2476,1.22E0);
#2478=CARTESIAN_POINT('',(6.805E0,3.8E-1,3.785E0));
#2479=LINE('484',#2478,#2477);
#2480=CARTESIAN_POINT('',(8.025E0,3.8E-1,3.785E0));
#2481=CARTESIAN_POINT('',(7.999948251724E0,3.8E-1,3.759948251724E0));
#2482=CARTESIAN_POINT('',(7.951991680786E0,3.861516481816E-1,3.711991680786E0));
#2483=CARTESIAN_POINT('',(7.887117404121E0,4.108284809101E-1,3.647117404121E0));
#2484=CARTESIAN_POINT('',(7.834362390159E0,4.457018576518E-1,3.594362390159E0));
#2485=CARTESIAN_POINT('',(7.792133537216E0,4.879248700055E-1,3.552133537216E0));
#2486=CARTESIAN_POINT('',(7.760761087303E0,5.345329747632E-1,3.520761087303E0));
#2487=CARTESIAN_POINT('',(7.739645333347E0,5.828415657856E-1,3.499645333347E0));
#2488=CARTESIAN_POINT('',(7.727609156438E0,6.313263037052E-1,3.487609156438E0));
#2489=CARTESIAN_POINT('',(7.725E0,6.639412213197E-1,3.485E0));
#2490=CARTESIAN_POINT('',(7.725E0,6.8E-1,3.485E0));
#2492=DIRECTION('',(0.E0,0.E0,-1.E0));
#2493=VECTOR('',#2492,6.2E-1);
#2494=CARTESIAN_POINT('',(7.725E0,6.8E-1,3.485E0));
#2495=LINE('835',#2494,#2493);
#2496=DIRECTION('',(0.E0,0.E0,-1.E0));
#2497=VECTOR('',#2496,1.22E0);
#2498=CARTESIAN_POINT('',(8.025E0,3.8E-1,3.785E0));
#2499=LINE('485',#2498,#2497);
#2500=CARTESIAN_POINT('',(8.025E0,3.8E-1,2.565E0));
#2501=CARTESIAN_POINT('',(7.999948251724E0,3.8E-1,2.590051748276E0));
#2502=CARTESIAN_POINT('',(7.951991680786E0,3.861516481816E-1,2.638008319214E0));
#2503=CARTESIAN_POINT('',(7.887117404121E0,4.108284809101E-1,2.702882595879E0));
#2504=CARTESIAN_POINT('',(7.834362390159E0,4.457018576518E-1,2.755637609841E0));
#2505=CARTESIAN_POINT('',(7.792133537216E0,4.879248700055E-1,2.797866462784E0));
#2506=CARTESIAN_POINT('',(7.760761087303E0,5.345329747632E-1,2.829238912697E0));
#2507=CARTESIAN_POINT('',(7.739645333347E0,5.828415657856E-1,2.850354666653E0));
#2508=CARTESIAN_POINT('',(7.727609156438E0,6.313263037052E-1,2.862390843562E0));
#2509=CARTESIAN_POINT('',(7.725E0,6.639412213197E-1,2.865E0));
#2510=CARTESIAN_POINT('',(7.725E0,6.8E-1,2.865E0));
#2512=DIRECTION('',(0.E0,0.E0,-1.E0));
#2513=VECTOR('',#2512,6.2E-1);
#2514=CARTESIAN_POINT('',(7.725E0,-2.486852659994E0,3.485E0));
#2515=LINE('826',#2514,#2513);
#2516=DIRECTION('',(0.E0,1.E0,0.E0));
#2517=VECTOR('',#2516,3.166852659994E0);
#2518=CARTESIAN_POINT('',(7.725E0,-2.486852659994E0,3.485E0));
#2519=LINE('841',#2518,#2517);
#2520=DIRECTION('',(0.E0,1.E0,0.E0));
#2521=VECTOR('',#2520,3.166852659994E0);
#2522=CARTESIAN_POINT('',(7.105E0,-2.486852659994E0,2.865E0));
#2523=LINE('847',#2522,#2521);
#2524=DIRECTION('',(1.E0,0.E0,0.E0));
#2525=VECTOR('',#2524,6.2E-1);
#2526=CARTESIAN_POINT('',(7.105E0,-2.486852659994E0,2.865E0));
#2527=LINE('820',#2526,#2525);
#2528=DIRECTION('',(0.E0,1.E0,0.E0));
#2529=VECTOR('',#2528,3.166852659994E0);
#2530=CARTESIAN_POINT('',(7.725E0,-2.486852659994E0,2.865E0));
#2531=LINE('843',#2530,#2529);
#2532=DIRECTION('',(-1.E0,0.E0,0.E0));
#2533=VECTOR('',#2532,6.2E-1);
#2534=CARTESIAN_POINT('',(7.725E0,6.8E-1,2.865E0));
#2535=LINE('836',#2534,#2533);
#2536=DIRECTION('',(-1.E0,0.E0,0.E0));
#2537=VECTOR('',#2536,1.22E0);
#2538=CARTESIAN_POINT('',(8.025E0,3.8E-1,2.565E0));
#2539=LINE('486',#2538,#2537);
#2540=DIRECTION('',(-3.268030438306E-1,-8.978839835336E-1,2.949646125503E-1));
#2541=VECTOR('',#2540,5.172721309467E-1);
#2542=CARTESIAN_POINT('',(7.725E0,-2.486852659994E0,2.865E0));
#2543=LINE('811',#2542,#2541);
#2544=DIRECTION('',(-3.268030438306E-1,-8.978839835336E-1,-2.949646125503E-1));
#2545=VECTOR('',#2544,5.172721309467E-1);
#2546=CARTESIAN_POINT('',(7.725E0,-2.486852659994E0,3.485E0));
#2547=LINE('812',#2546,#2545);
#2548=CARTESIAN_POINT('',(7.555953893118E0,-2.951303021499E0,3.017576973688E0));
#2549=CARTESIAN_POINT('',(7.554485623398E0,-2.955337059400E0,3.018902198826E0));
#2550=CARTESIAN_POINT('',(7.551549083958E0,-2.962377183658E0,3.021214955889E0));
#2551=CARTESIAN_POINT('',(7.545676005078E0,-2.974107105871E0,3.025068362369E0));
#2552=CARTESIAN_POINT('',(7.538334656478E0,-2.985821624488E0,3.028916708601E0));
#2553=CARTESIAN_POINT('',(7.529525038158E0,-2.997187770157E0,3.032650610547E0));
#2554=CARTESIAN_POINT('',(7.520715419838E0,-3.006654068918E0,3.035760392209E0));
#2555=CARTESIAN_POINT('',(7.511905801519E0,-3.014688710827E0,3.038399859090E0));
#2556=CARTESIAN_POINT('',(7.500159643759E0,-3.023857491043E0,3.041411902688E0));
#2557=CARTESIAN_POINT('',(7.485476946559E0,-3.032907137175E0,3.044384809449E0));
#2558=CARTESIAN_POINT('',(7.467857709919E0,-3.040797300072E0,3.046976813410E0));
#2559=CARTESIAN_POINT('',(7.444365394400E0,-3.047965385368E0,3.049331607059E0));
#2560=CARTESIAN_POINT('',(7.415E0,-3.051356409755E0,3.050445595294E0));
#2561=CARTESIAN_POINT('',(7.385634605600E0,-3.047965385368E0,3.049331607059E0));
#2562=CARTESIAN_POINT('',(7.362142290081E0,-3.040797300072E0,3.046976813410E0));
#2563=CARTESIAN_POINT('',(7.344523053441E0,-3.032907137175E0,3.044384809449E0));
#2564=CARTESIAN_POINT('',(7.329840356241E0,-3.023857491043E0,3.041411902688E0));
#2565=CARTESIAN_POINT('',(7.318094198481E0,-3.014688710827E0,3.038399859090E0));
#2566=CARTESIAN_POINT('',(7.309284580162E0,-3.006654068918E0,3.035760392209E0));
#2567=CARTESIAN_POINT('',(7.300474961842E0,-2.997187770157E0,3.032650610547E0));
#2568=CARTESIAN_POINT('',(7.291665343522E0,-2.985821624488E0,3.028916708601E0));
#2569=CARTESIAN_POINT('',(7.284323994922E0,-2.974107105871E0,3.025068362369E0));
#2570=CARTESIAN_POINT('',(7.278450916042E0,-2.962377183658E0,3.021214955889E0));
#2571=CARTESIAN_POINT('',(7.275514376602E0,-2.955337059400E0,3.018902198826E0));
#2572=CARTESIAN_POINT('',(7.274046106882E0,-2.951303021499E0,3.017576973688E0));
#2574=CARTESIAN_POINT('',(7.274046106882E0,-2.951303021499E0,3.332423026312E0));
#2575=CARTESIAN_POINT('',(7.275514376602E0,-2.955337059400E0,3.331097801174E0));
#2576=CARTESIAN_POINT('',(7.278450916042E0,-2.962377183658E0,3.328785044111E0));
#2577=CARTESIAN_POINT('',(7.284323994922E0,-2.974107105871E0,3.324931637631E0));
#2578=CARTESIAN_POINT('',(7.291665343522E0,-2.985821624488E0,3.321083291399E0));
#2579=CARTESIAN_POINT('',(7.300474961842E0,-2.997187770157E0,3.317349389453E0));
#2580=CARTESIAN_POINT('',(7.309284580162E0,-3.006654068918E0,3.314239607791E0));
#2581=CARTESIAN_POINT('',(7.318094198481E0,-3.014688710827E0,3.311600140910E0));
#2582=CARTESIAN_POINT('',(7.329840356241E0,-3.023857491043E0,3.308588097312E0));
#2583=CARTESIAN_POINT('',(7.344523053441E0,-3.032907137175E0,3.305615190551E0));
#2584=CARTESIAN_POINT('',(7.362142290081E0,-3.040797300072E0,3.303023186590E0));
#2585=CARTESIAN_POINT('',(7.385634605600E0,-3.047965385368E0,3.300668392941E0));
#2586=CARTESIAN_POINT('',(7.415E0,-3.051356409755E0,3.299554404706E0));
#2587=CARTESIAN_POINT('',(7.444365394400E0,-3.047965385368E0,3.300668392941E0));
#2588=CARTESIAN_POINT('',(7.467857709919E0,-3.040797300072E0,3.303023186590E0));
#2589=CARTESIAN_POINT('',(7.485476946559E0,-3.032907137175E0,3.305615190551E0));
#2590=CARTESIAN_POINT('',(7.500159643759E0,-3.023857491043E0,3.308588097312E0));
#2591=CARTESIAN_POINT('',(7.511905801519E0,-3.014688710827E0,3.311600140910E0));
#2592=CARTESIAN_POINT('',(7.520715419838E0,-3.006654068918E0,3.314239607791E0));
#2593=CARTESIAN_POINT('',(7.529525038158E0,-2.997187770157E0,3.317349389453E0));
#2594=CARTESIAN_POINT('',(7.538334656478E0,-2.985821624488E0,3.321083291399E0));
#2595=CARTESIAN_POINT('',(7.545676005078E0,-2.974107105871E0,3.324931637631E0));
#2596=CARTESIAN_POINT('',(7.551549083958E0,-2.962377183658E0,3.328785044111E0));
#2597=CARTESIAN_POINT('',(7.554485623398E0,-2.955337059400E0,3.331097801174E0));
#2598=CARTESIAN_POINT('',(7.555953893118E0,-2.951303021499E0,3.332423026312E0));
#2600=DIRECTION('',(0.E0,0.E0,-1.E0));
#2601=VECTOR('',#2600,3.148460526245E-1);
#2602=CARTESIAN_POINT('',(7.555953893118E0,-2.951303021499E0,3.332423026312E0));
#2603=LINE('823',#2602,#2601);
#2604=DIRECTION('',(-3.268030438306E-1,8.978839835336E-1,-2.949646125503E-1));
#2605=VECTOR('',#2604,5.172721309467E-1);
#2606=CARTESIAN_POINT('',(7.274046106882E0,-2.951303021499E0,3.017576973688E0));
#2607=LINE('815',#2606,#2605);
#2608=DIRECTION('',(-3.268030438306E-1,8.978839835336E-1,2.949646125503E-1));
#2609=VECTOR('',#2608,5.172721309467E-1);
#2610=CARTESIAN_POINT('',(7.274046106882E0,-2.951303021499E0,3.332423026312E0));
#2611=LINE('816',#2610,#2609);
#2612=DIRECTION('',(0.E0,0.E0,-1.E0));
#2613=VECTOR('',#2612,3.148460526245E-1);
#2614=CARTESIAN_POINT('',(7.274046106882E0,-2.951303021499E0,3.332423026312E0));
#2615=LINE('824',#2614,#2613);
#2616=DIRECTION('',(0.E0,0.E0,1.E0));
#2617=VECTOR('',#2616,6.2E-1);
#2618=CARTESIAN_POINT('',(9.645E0,6.8E-1,5.405E0));
#2619=LINE('657',#2618,#2617);
#2620=CARTESIAN_POINT('',(9.345E0,3.8E-1,5.105E0));
#2621=CARTESIAN_POINT('',(9.370051748276E0,3.8E-1,5.130051748276E0));
#2622=CARTESIAN_POINT('',(9.418008319214E0,3.861516481816E-1,5.178008319214E0));
#2623=CARTESIAN_POINT('',(9.482882595879E0,4.108284809101E-1,5.242882595879E0));
#2624=CARTESIAN_POINT('',(9.535637609841E0,4.457018576518E-1,5.295637609841E0));
#2625=CARTESIAN_POINT('',(9.577866462784E0,4.879248700055E-1,5.337866462784E0));
#2626=CARTESIAN_POINT('',(9.609238912697E0,5.345329747632E-1,5.369238912697E0));
#2627=CARTESIAN_POINT('',(9.630354666653E0,5.828415657856E-1,5.390354666653E0));
#2628=CARTESIAN_POINT('',(9.642390843562E0,6.313263037052E-1,5.402390843562E0));
#2629=CARTESIAN_POINT('',(9.645E0,6.639412213197E-1,5.405E0));
#2630=CARTESIAN_POINT('',(9.645E0,6.8E-1,5.405E0));
#2632=DIRECTION('',(0.E0,0.E0,1.E0));
#2633=VECTOR('',#2632,1.22E0);
#2634=CARTESIAN_POINT('',(9.345E0,3.8E-1,5.105E0));
#2635=LINE('487',#2634,#2633);
#2636=CARTESIAN_POINT('',(9.345E0,3.8E-1,6.325E0));
#2637=CARTESIAN_POINT('',(9.370051748276E0,3.8E-1,6.299948251724E0));
#2638=CARTESIAN_POINT('',(9.418008319214E0,3.861516481816E-1,6.251991680786E0));
#2639=CARTESIAN_POINT('',(9.482882595879E0,4.108284809101E-1,6.187117404121E0));
#2640=CARTESIAN_POINT('',(9.535637609841E0,4.457018576518E-1,6.134362390159E0));
#2641=CARTESIAN_POINT('',(9.577866462784E0,4.879248700055E-1,6.092133537216E0));
#2642=CARTESIAN_POINT('',(9.609238912697E0,5.345329747632E-1,6.060761087303E0));
#2643=CARTESIAN_POINT('',(9.630354666653E0,5.828415657856E-1,6.039645333347E0));
#2644=CARTESIAN_POINT('',(9.642390843562E0,6.313263037052E-1,6.027609156438E0));
#2645=CARTESIAN_POINT('',(9.645E0,6.639412213197E-1,6.025E0));
#2646=CARTESIAN_POINT('',(9.645E0,6.8E-1,6.025E0));
#2648=DIRECTION('',(0.E0,0.E0,1.E0));
#2649=VECTOR('',#2648,6.2E-1);
#2650=CARTESIAN_POINT('',(9.645E0,-2.486852659994E0,5.405E0));
#2651=LINE('642',#2650,#2649);
#2652=DIRECTION('',(1.E0,0.E0,0.E0));
#2653=VECTOR('',#2652,6.2E-1);
#2654=CARTESIAN_POINT('',(9.645E0,-2.486852659994E0,6.025E0));
#2655=LINE('650',#2654,#2653);
#2656=DIRECTION('',(0.E0,1.E0,0.E0));
#2657=VECTOR('',#2656,3.166852659994E0);
#2658=CARTESIAN_POINT('',(9.645E0,-2.486852659994E0,6.025E0));
#2659=LINE('665',#2658,#2657);
#2660=DIRECTION('',(1.E0,0.E0,0.E0));
#2661=VECTOR('',#2660,6.2E-1);
#2662=CARTESIAN_POINT('',(9.645E0,6.8E-1,6.025E0));
#2663=LINE('658',#2662,#2661);
#2664=DIRECTION('',(1.E0,0.E0,0.E0));
#2665=VECTOR('',#2664,1.22E0);
#2666=CARTESIAN_POINT('',(9.345E0,3.8E-1,6.325E0));
#2667=LINE('488',#2666,#2665);
#2668=CARTESIAN_POINT('',(1.0565E1,3.8E-1,6.325E0));
#2669=CARTESIAN_POINT('',(1.053994825172E1,3.8E-1,6.299948251724E0));
#2670=CARTESIAN_POINT('',(1.049199168079E1,3.861516481816E-1,6.251991680786E0));
#2671=CARTESIAN_POINT('',(1.042711740412E1,4.108284809101E-1,6.187117404121E0));
#2672=CARTESIAN_POINT('',(1.037436239016E1,4.457018576518E-1,6.134362390159E0));
#2673=CARTESIAN_POINT('',(1.033213353722E1,4.879248700055E-1,6.092133537216E0));
#2674=CARTESIAN_POINT('',(1.030076108730E1,5.345329747632E-1,6.060761087303E0));
#2675=CARTESIAN_POINT('',(1.027964533335E1,5.828415657856E-1,6.039645333347E0));
#2676=CARTESIAN_POINT('',(1.026760915644E1,6.313263037052E-1,6.027609156438E0));
#2677=CARTESIAN_POINT('',(1.0265E1,6.639412213197E-1,6.025E0));
#2678=CARTESIAN_POINT('',(1.0265E1,6.8E-1,6.025E0));
#2680=DIRECTION('',(0.E0,0.E0,-1.E0));
#2681=VECTOR('',#2680,6.2E-1);
#2682=CARTESIAN_POINT('',(1.0265E1,6.8E-1,6.025E0));
#2683=LINE('659',#2682,#2681);
#2684=DIRECTION('',(0.E0,0.E0,-1.E0));
#2685=VECTOR('',#2684,1.22E0);
#2686=CARTESIAN_POINT('',(1.0565E1,3.8E-1,6.325E0));
#2687=LINE('489',#2686,#2685);
#2688=CARTESIAN_POINT('',(1.0565E1,3.8E-1,5.105E0));
#2689=CARTESIAN_POINT('',(1.053994825172E1,3.8E-1,5.130051748276E0));
#2690=CARTESIAN_POINT('',(1.049199168079E1,3.861516481816E-1,5.178008319214E0));
#2691=CARTESIAN_POINT('',(1.042711740412E1,4.108284809101E-1,5.242882595879E0));
#2692=CARTESIAN_POINT('',(1.037436239016E1,4.457018576518E-1,5.295637609841E0));
#2693=CARTESIAN_POINT('',(1.033213353722E1,4.879248700055E-1,5.337866462784E0));
#2694=CARTESIAN_POINT('',(1.030076108730E1,5.345329747632E-1,5.369238912697E0));
#2695=CARTESIAN_POINT('',(1.027964533335E1,5.828415657856E-1,5.390354666653E0));
#2696=CARTESIAN_POINT('',(1.026760915644E1,6.313263037052E-1,5.402390843562E0));
#2697=CARTESIAN_POINT('',(1.0265E1,6.639412213197E-1,5.405E0));
#2698=CARTESIAN_POINT('',(1.0265E1,6.8E-1,5.405E0));
#2700=DIRECTION('',(0.E0,1.E0,0.E0));
#2701=VECTOR('',#2700,3.166852659994E0);
#2702=CARTESIAN_POINT('',(1.0265E1,-2.486852659994E0,5.405E0));
#2703=LINE('671',#2702,#2701);
#2704=DIRECTION('',(0.E0,0.E0,1.E0));
#2705=VECTOR('',#2704,6.2E-1);
#2706=CARTESIAN_POINT('',(1.0265E1,-2.486852659994E0,5.405E0));
#2707=LINE('644',#2706,#2705);
#2708=DIRECTION('',(0.E0,1.E0,0.E0));
#2709=VECTOR('',#2708,3.166852659994E0);
#2710=CARTESIAN_POINT('',(1.0265E1,-2.486852659994E0,6.025E0));
#2711=LINE('667',#2710,#2709);
#2712=DIRECTION('',(0.E0,1.E0,0.E0));
#2713=VECTOR('',#2712,3.166852659994E0);
#2714=CARTESIAN_POINT('',(9.645E0,-2.486852659994E0,5.405E0));
#2715=LINE('669',#2714,#2713);
#2716=DIRECTION('',(1.E0,0.E0,0.E0));
#2717=VECTOR('',#2716,6.2E-1);
#2718=CARTESIAN_POINT('',(9.645E0,-2.486852659994E0,5.405E0));
#2719=LINE('652',#2718,#2717);
#2720=DIRECTION('',(-1.E0,0.E0,0.E0));
#2721=VECTOR('',#2720,6.2E-1);
#2722=CARTESIAN_POINT('',(1.0265E1,6.8E-1,5.405E0));
#2723=LINE('660',#2722,#2721);
#2724=DIRECTION('',(-1.E0,0.E0,0.E0));
#2725=VECTOR('',#2724,1.22E0);
#2726=CARTESIAN_POINT('',(1.0565E1,3.8E-1,5.105E0));
#2727=LINE('490',#2726,#2725);
#2728=DIRECTION('',(2.949646125503E-1,8.978839835336E-1,-3.268030438306E-1));
#2729=VECTOR('',#2728,5.172721309467E-1);
#2730=CARTESIAN_POINT('',(1.011242302631E1,-2.951303021499E0,5.574046106882E0));
#2731=LINE('639',#2730,#2729);
#2732=DIRECTION('',(-2.949646125502E-1,8.978839835336E-1,-3.268030438306E-1));
#2733=VECTOR('',#2732,5.172721309467E-1);
#2734=CARTESIAN_POINT('',(9.797576973688E0,-2.951303021499E0,5.574046106882E0));
#2735=LINE('640',#2734,#2733);
#2736=DIRECTION('',(1.E0,0.E0,0.E0));
#2737=VECTOR('',#2736,3.148460526245E-1);
#2738=CARTESIAN_POINT('',(9.797576973688E0,-2.951303021499E0,5.574046106882E0));
#2739=LINE('648',#2738,#2737);
#2740=DIRECTION('',(-2.949646125503E-1,-8.978839835336E-1,-3.268030438306E-1));
#2741=VECTOR('',#2740,5.172721309467E-1);
#2742=CARTESIAN_POINT('',(1.0265E1,-2.486852659994E0,6.025E0));
#2743=LINE('635',#2742,#2741);
#2744=DIRECTION('',(2.949646125502E-1,-8.978839835336E-1,-3.268030438306E-1));
#2745=VECTOR('',#2744,5.172721309467E-1);
#2746=CARTESIAN_POINT('',(9.645E0,-2.486852659994E0,6.025E0));
#2747=LINE('636',#2746,#2745);
#2748=CARTESIAN_POINT('',(1.011242302631E1,-2.951303021499E0,5.855953893118E0));
#2749=CARTESIAN_POINT('',(1.011109780117E1,-2.955337059400E0,5.854485623398E0));
#2750=CARTESIAN_POINT('',(1.010878504411E1,-2.962377183658E0,5.851549083958E0));
#2751=CARTESIAN_POINT('',(1.010493163763E1,-2.974107105871E0,5.845676005078E0));
#2752=CARTESIAN_POINT('',(1.010108329140E1,-2.985821624488E0,5.838334656478E0));
#2753=CARTESIAN_POINT('',(1.009734938945E1,-2.997187770157E0,5.829525038158E0));
#2754=CARTESIAN_POINT('',(1.009423960779E1,-3.006654068918E0,5.820715419838E0));
#2755=CARTESIAN_POINT('',(1.009160014091E1,-3.014688710827E0,5.811905801519E0));
#2756=CARTESIAN_POINT('',(1.008858809731E1,-3.023857491043E0,5.800159643759E0));
#2757=CARTESIAN_POINT('',(1.008561519055E1,-3.032907137175E0,5.785476946559E0));
#2758=CARTESIAN_POINT('',(1.008302318659E1,-3.040797300072E0,5.767857709919E0));
#2759=CARTESIAN_POINT('',(1.008066839294E1,-3.047965385368E0,5.744365394400E0));
#2760=CARTESIAN_POINT('',(1.007955440471E1,-3.051356409755E0,5.715E0));
#2761=CARTESIAN_POINT('',(1.008066839294E1,-3.047965385368E0,5.685634605600E0));
#2762=CARTESIAN_POINT('',(1.008302318659E1,-3.040797300072E0,5.662142290081E0));
#2763=CARTESIAN_POINT('',(1.008561519055E1,-3.032907137175E0,5.644523053441E0));
#2764=CARTESIAN_POINT('',(1.008858809731E1,-3.023857491043E0,5.629840356241E0));
#2765=CARTESIAN_POINT('',(1.009160014091E1,-3.014688710827E0,5.618094198481E0));
#2766=CARTESIAN_POINT('',(1.009423960779E1,-3.006654068918E0,5.609284580162E0));
#2767=CARTESIAN_POINT('',(1.009734938945E1,-2.997187770157E0,5.600474961842E0));
#2768=CARTESIAN_POINT('',(1.010108329140E1,-2.985821624488E0,5.591665343522E0));
#2769=CARTESIAN_POINT('',(1.010493163763E1,-2.974107105871E0,5.584323994922E0));
#2770=CARTESIAN_POINT('',(1.010878504411E1,-2.962377183658E0,5.578450916042E0));
#2771=CARTESIAN_POINT('',(1.011109780117E1,-2.955337059400E0,5.575514376602E0));
#2772=CARTESIAN_POINT('',(1.011242302631E1,-2.951303021499E0,5.574046106882E0));
#2774=CARTESIAN_POINT('',(9.797576973688E0,-2.951303021499E0,5.574046106882E0));
#2775=CARTESIAN_POINT('',(9.798902198826E0,-2.955337059400E0,5.575514376602E0));
#2776=CARTESIAN_POINT('',(9.801214955889E0,-2.962377183658E0,5.578450916042E0));
#2777=CARTESIAN_POINT('',(9.805068362369E0,-2.974107105871E0,5.584323994922E0));
#2778=CARTESIAN_POINT('',(9.808916708601E0,-2.985821624488E0,5.591665343522E0));
#2779=CARTESIAN_POINT('',(9.812650610547E0,-2.997187770157E0,5.600474961842E0));
#2780=CARTESIAN_POINT('',(9.815760392209E0,-3.006654068918E0,5.609284580162E0));
#2781=CARTESIAN_POINT('',(9.818399859090E0,-3.014688710827E0,5.618094198481E0));
#2782=CARTESIAN_POINT('',(9.821411902688E0,-3.023857491043E0,5.629840356241E0));
#2783=CARTESIAN_POINT('',(9.824384809449E0,-3.032907137175E0,5.644523053441E0));
#2784=CARTESIAN_POINT('',(9.826976813410E0,-3.040797300072E0,5.662142290081E0));
#2785=CARTESIAN_POINT('',(9.829331607059E0,-3.047965385368E0,5.685634605600E0));
#2786=CARTESIAN_POINT('',(9.830445595294E0,-3.051356409755E0,5.715E0));
#2787=CARTESIAN_POINT('',(9.829331607059E0,-3.047965385368E0,5.744365394400E0));
#2788=CARTESIAN_POINT('',(9.826976813410E0,-3.040797300072E0,5.767857709919E0));
#2789=CARTESIAN_POINT('',(9.824384809449E0,-3.032907137175E0,5.785476946559E0));
#2790=CARTESIAN_POINT('',(9.821411902688E0,-3.023857491043E0,5.800159643759E0));
#2791=CARTESIAN_POINT('',(9.818399859090E0,-3.014688710827E0,5.811905801519E0));
#2792=CARTESIAN_POINT('',(9.815760392209E0,-3.006654068918E0,5.820715419838E0));
#2793=CARTESIAN_POINT('',(9.812650610547E0,-2.997187770157E0,5.829525038158E0));
#2794=CARTESIAN_POINT('',(9.808916708601E0,-2.985821624488E0,5.838334656478E0));
#2795=CARTESIAN_POINT('',(9.805068362369E0,-2.974107105871E0,5.845676005078E0));
#2796=CARTESIAN_POINT('',(9.801214955889E0,-2.962377183658E0,5.851549083958E0));
#2797=CARTESIAN_POINT('',(9.798902198826E0,-2.955337059400E0,5.854485623398E0));
#2798=CARTESIAN_POINT('',(9.797576973688E0,-2.951303021499E0,5.855953893118E0));
#2800=DIRECTION('',(1.E0,0.E0,0.E0));
#2801=VECTOR('',#2800,3.148460526245E-1);
#2802=CARTESIAN_POINT('',(9.797576973688E0,-2.951303021499E0,5.855953893118E0));
#2803=LINE('647',#2802,#2801);
#2804=DIRECTION('',(0.E0,0.E0,1.E0));
#2805=VECTOR('',#2804,6.2E-1);
#2806=CARTESIAN_POINT('',(9.645E0,6.8E-1,2.865E0));
#2807=LINE('877',#2806,#2805);
#2808=CARTESIAN_POINT('',(9.345E0,3.8E-1,2.565E0));
#2809=CARTESIAN_POINT('',(9.370051748276E0,3.8E-1,2.590051748276E0));
#2810=CARTESIAN_POINT('',(9.418008319214E0,3.861516481816E-1,2.638008319214E0));
#2811=CARTESIAN_POINT('',(9.482882595879E0,4.108284809101E-1,2.702882595879E0));
#2812=CARTESIAN_POINT('',(9.535637609841E0,4.457018576518E-1,2.755637609841E0));
#2813=CARTESIAN_POINT('',(9.577866462784E0,4.879248700055E-1,2.797866462784E0));
#2814=CARTESIAN_POINT('',(9.609238912697E0,5.345329747632E-1,2.829238912697E0));
#2815=CARTESIAN_POINT('',(9.630354666653E0,5.828415657856E-1,2.850354666653E0));
#2816=CARTESIAN_POINT('',(9.642390843562E0,6.313263037052E-1,2.862390843562E0));
#2817=CARTESIAN_POINT('',(9.645E0,6.639412213197E-1,2.865E0));
#2818=CARTESIAN_POINT('',(9.645E0,6.8E-1,2.865E0));
#2820=DIRECTION('',(0.E0,0.E0,1.E0));
#2821=VECTOR('',#2820,1.22E0);
#2822=CARTESIAN_POINT('',(9.345E0,3.8E-1,2.565E0));
#2823=LINE('491',#2822,#2821);
#2824=CARTESIAN_POINT('',(9.345E0,3.8E-1,3.785E0));
#2825=CARTESIAN_POINT('',(9.370051748276E0,3.8E-1,3.759948251724E0));
#2826=CARTESIAN_POINT('',(9.418008319214E0,3.861516481816E-1,3.711991680786E0));
#2827=CARTESIAN_POINT('',(9.482882595879E0,4.108284809101E-1,3.647117404121E0));
#2828=CARTESIAN_POINT('',(9.535637609841E0,4.457018576518E-1,3.594362390159E0));
#2829=CARTESIAN_POINT('',(9.577866462784E0,4.879248700055E-1,3.552133537216E0));
#2830=CARTESIAN_POINT('',(9.609238912697E0,5.345329747632E-1,3.520761087303E0));
#2831=CARTESIAN_POINT('',(9.630354666653E0,5.828415657856E-1,3.499645333347E0));
#2832=CARTESIAN_POINT('',(9.642390843562E0,6.313263037052E-1,3.487609156438E0));
#2833=CARTESIAN_POINT('',(9.645E0,6.639412213197E-1,3.485E0));
#2834=CARTESIAN_POINT('',(9.645E0,6.8E-1,3.485E0));
#2836=DIRECTION('',(0.E0,1.E0,0.E0));
#2837=VECTOR('',#2836,3.166852659994E0);
#2838=CARTESIAN_POINT('',(9.645E0,-2.486852659994E0,3.485E0));
#2839=LINE('889',#2838,#2837);
#2840=DIRECTION('',(0.E0,0.E0,-1.E0));
#2841=VECTOR('',#2840,6.2E-1);
#2842=CARTESIAN_POINT('',(9.645E0,-2.486852659994E0,3.485E0));
#2843=LINE('872',#2842,#2841);
#2844=DIRECTION('',(1.E0,0.E0,0.E0));
#2845=VECTOR('',#2844,6.2E-1);
#2846=CARTESIAN_POINT('',(9.645E0,-2.486852659994E0,3.485E0));
#2847=LINE('862',#2846,#2845);
#2848=DIRECTION('',(1.E0,0.E0,0.E0));
#2849=VECTOR('',#2848,6.2E-1);
#2850=CARTESIAN_POINT('',(9.645E0,6.8E-1,3.485E0));
#2851=LINE('878',#2850,#2849);
#2852=DIRECTION('',(1.E0,0.E0,0.E0));
#2853=VECTOR('',#2852,1.22E0);
#2854=CARTESIAN_POINT('',(9.345E0,3.8E-1,3.785E0));
#2855=LINE('492',#2854,#2853);
#2856=CARTESIAN_POINT('',(1.0565E1,3.8E-1,3.785E0));
#2857=CARTESIAN_POINT('',(1.053994825172E1,3.8E-1,3.759948251724E0));
#2858=CARTESIAN_POINT('',(1.049199168079E1,3.861516481816E-1,3.711991680786E0));
#2859=CARTESIAN_POINT('',(1.042711740412E1,4.108284809101E-1,3.647117404121E0));
#2860=CARTESIAN_POINT('',(1.037436239016E1,4.457018576518E-1,3.594362390159E0));
#2861=CARTESIAN_POINT('',(1.033213353722E1,4.879248700055E-1,3.552133537216E0));
#2862=CARTESIAN_POINT('',(1.030076108730E1,5.345329747632E-1,3.520761087303E0));
#2863=CARTESIAN_POINT('',(1.027964533335E1,5.828415657856E-1,3.499645333347E0));
#2864=CARTESIAN_POINT('',(1.026760915644E1,6.313263037052E-1,3.487609156438E0));
#2865=CARTESIAN_POINT('',(1.0265E1,6.639412213197E-1,3.485E0));
#2866=CARTESIAN_POINT('',(1.0265E1,6.8E-1,3.485E0));
#2868=DIRECTION('',(0.E0,0.E0,-1.E0));
#2869=VECTOR('',#2868,6.2E-1);
#2870=CARTESIAN_POINT('',(1.0265E1,6.8E-1,3.485E0));
#2871=LINE('879',#2870,#2869);
#2872=DIRECTION('',(0.E0,0.E0,-1.E0));
#2873=VECTOR('',#2872,1.22E0);
#2874=CARTESIAN_POINT('',(1.0565E1,3.8E-1,3.785E0));
#2875=LINE('493',#2874,#2873);
#2876=CARTESIAN_POINT('',(1.0565E1,3.8E-1,2.565E0));
#2877=CARTESIAN_POINT('',(1.053994825172E1,3.8E-1,2.590051748276E0));
#2878=CARTESIAN_POINT('',(1.049199168079E1,3.861516481816E-1,2.638008319214E0));
#2879=CARTESIAN_POINT('',(1.042711740412E1,4.108284809101E-1,2.702882595879E0));
#2880=CARTESIAN_POINT('',(1.037436239016E1,4.457018576518E-1,2.755637609841E0));
#2881=CARTESIAN_POINT('',(1.033213353722E1,4.879248700055E-1,2.797866462784E0));
#2882=CARTESIAN_POINT('',(1.030076108730E1,5.345329747632E-1,2.829238912697E0));
#2883=CARTESIAN_POINT('',(1.027964533335E1,5.828415657856E-1,2.850354666653E0));
#2884=CARTESIAN_POINT('',(1.026760915644E1,6.313263037052E-1,2.862390843562E0));
#2885=CARTESIAN_POINT('',(1.0265E1,6.639412213197E-1,2.865E0));
#2886=CARTESIAN_POINT('',(1.0265E1,6.8E-1,2.865E0));
#2888=DIRECTION('',(0.E0,0.E0,-1.E0));
#2889=VECTOR('',#2888,6.2E-1);
#2890=CARTESIAN_POINT('',(1.0265E1,-2.486852659994E0,3.485E0));
#2891=LINE('870',#2890,#2889);
#2892=DIRECTION('',(0.E0,1.E0,0.E0));
#2893=VECTOR('',#2892,3.166852659994E0);
#2894=CARTESIAN_POINT('',(1.0265E1,-2.486852659994E0,3.485E0));
#2895=LINE('885',#2894,#2893);
#2896=DIRECTION('',(0.E0,1.E0,0.E0));
#2897=VECTOR('',#2896,3.166852659994E0);
#2898=CARTESIAN_POINT('',(9.645E0,-2.486852659994E0,2.865E0));
#2899=LINE('891',#2898,#2897);
#2900=DIRECTION('',(1.E0,0.E0,0.E0));
#2901=VECTOR('',#2900,6.2E-1);
#2902=CARTESIAN_POINT('',(9.645E0,-2.486852659994E0,2.865E0));
#2903=LINE('864',#2902,#2901);
#2904=DIRECTION('',(0.E0,1.E0,0.E0));
#2905=VECTOR('',#2904,3.166852659994E0);
#2906=CARTESIAN_POINT('',(1.0265E1,-2.486852659994E0,2.865E0));
#2907=LINE('887',#2906,#2905);
#2908=DIRECTION('',(-1.E0,0.E0,0.E0));
#2909=VECTOR('',#2908,6.2E-1);
#2910=CARTESIAN_POINT('',(1.0265E1,6.8E-1,2.865E0));
#2911=LINE('880',#2910,#2909);
#2912=DIRECTION('',(-1.E0,0.E0,0.E0));
#2913=VECTOR('',#2912,1.22E0);
#2914=CARTESIAN_POINT('',(1.0565E1,3.8E-1,2.565E0));
#2915=LINE('494',#2914,#2913);
#2916=DIRECTION('',(-3.268030438306E-1,-8.978839835336E-1,2.949646125502E-1));
#2917=VECTOR('',#2916,5.172721309467E-1);
#2918=CARTESIAN_POINT('',(1.0265E1,-2.486852659994E0,2.865E0));
#2919=LINE('855',#2918,#2917);
#2920=DIRECTION('',(-3.268030438306E-1,-8.978839835336E-1,-2.949646125503E-1));
#2921=VECTOR('',#2920,5.172721309467E-1);
#2922=CARTESIAN_POINT('',(1.0265E1,-2.486852659994E0,3.485E0));
#2923=LINE('856',#2922,#2921);
#2924=CARTESIAN_POINT('',(1.009595389312E1,-2.951303021499E0,3.017576973688E0));
#2925=CARTESIAN_POINT('',(1.009448562340E1,-2.955337059400E0,3.018902198826E0));
#2926=CARTESIAN_POINT('',(1.009154908396E1,-2.962377183658E0,3.021214955889E0));
#2927=CARTESIAN_POINT('',(1.008567600508E1,-2.974107105871E0,3.025068362369E0));
#2928=CARTESIAN_POINT('',(1.007833465648E1,-2.985821624488E0,3.028916708601E0));
#2929=CARTESIAN_POINT('',(1.006952503816E1,-2.997187770157E0,3.032650610547E0));
#2930=CARTESIAN_POINT('',(1.006071541984E1,-3.006654068918E0,3.035760392209E0));
#2931=CARTESIAN_POINT('',(1.005190580152E1,-3.014688710827E0,3.038399859090E0));
#2932=CARTESIAN_POINT('',(1.004015964376E1,-3.023857491043E0,3.041411902688E0));
#2933=CARTESIAN_POINT('',(1.002547694656E1,-3.032907137175E0,3.044384809449E0));
#2934=CARTESIAN_POINT('',(1.000785770992E1,-3.040797300072E0,3.046976813410E0));
#2935=CARTESIAN_POINT('',(9.984365394400E0,-3.047965385368E0,3.049331607059E0));
#2936=CARTESIAN_POINT('',(9.955E0,-3.051356409755E0,3.050445595294E0));
#2937=CARTESIAN_POINT('',(9.925634605600E0,-3.047965385368E0,3.049331607059E0));
#2938=CARTESIAN_POINT('',(9.902142290081E0,-3.040797300072E0,3.046976813410E0));
#2939=CARTESIAN_POINT('',(9.884523053441E0,-3.032907137175E0,3.044384809449E0));
#2940=CARTESIAN_POINT('',(9.869840356241E0,-3.023857491043E0,3.041411902688E0));
#2941=CARTESIAN_POINT('',(9.858094198481E0,-3.014688710827E0,3.038399859090E0));
#2942=CARTESIAN_POINT('',(9.849284580162E0,-3.006654068918E0,3.035760392209E0));
#2943=CARTESIAN_POINT('',(9.840474961842E0,-2.997187770157E0,3.032650610547E0));
#2944=CARTESIAN_POINT('',(9.831665343522E0,-2.985821624488E0,3.028916708601E0));
#2945=CARTESIAN_POINT('',(9.824323994922E0,-2.974107105871E0,3.025068362369E0));
#2946=CARTESIAN_POINT('',(9.818450916042E0,-2.962377183658E0,3.021214955889E0));
#2947=CARTESIAN_POINT('',(9.815514376602E0,-2.955337059400E0,3.018902198826E0));
#2948=CARTESIAN_POINT('',(9.814046106882E0,-2.951303021499E0,3.017576973688E0));
#2950=CARTESIAN_POINT('',(9.814046106882E0,-2.951303021499E0,3.332423026312E0));
#2951=CARTESIAN_POINT('',(9.815514376602E0,-2.955337059400E0,3.331097801174E0));
#2952=CARTESIAN_POINT('',(9.818450916042E0,-2.962377183658E0,3.328785044111E0));
#2953=CARTESIAN_POINT('',(9.824323994922E0,-2.974107105871E0,3.324931637631E0));
#2954=CARTESIAN_POINT('',(9.831665343522E0,-2.985821624488E0,3.321083291399E0));
#2955=CARTESIAN_POINT('',(9.840474961842E0,-2.997187770157E0,3.317349389453E0));
#2956=CARTESIAN_POINT('',(9.849284580162E0,-3.006654068918E0,3.314239607791E0));
#2957=CARTESIAN_POINT('',(9.858094198481E0,-3.014688710827E0,3.311600140910E0));
#2958=CARTESIAN_POINT('',(9.869840356241E0,-3.023857491043E0,3.308588097312E0));
#2959=CARTESIAN_POINT('',(9.884523053441E0,-3.032907137175E0,3.305615190551E0));
#2960=CARTESIAN_POINT('',(9.902142290081E0,-3.040797300072E0,3.303023186590E0));
#2961=CARTESIAN_POINT('',(9.925634605600E0,-3.047965385368E0,3.300668392941E0));
#2962=CARTESIAN_POINT('',(9.955E0,-3.051356409755E0,3.299554404706E0));
#2963=CARTESIAN_POINT('',(9.984365394400E0,-3.047965385368E0,3.300668392941E0));
#2964=CARTESIAN_POINT('',(1.000785770992E1,-3.040797300072E0,3.303023186590E0));
#2965=CARTESIAN_POINT('',(1.002547694656E1,-3.032907137175E0,3.305615190551E0));
#2966=CARTESIAN_POINT('',(1.004015964376E1,-3.023857491043E0,3.308588097312E0));
#2967=CARTESIAN_POINT('',(1.005190580152E1,-3.014688710827E0,3.311600140910E0));
#2968=CARTESIAN_POINT('',(1.006071541984E1,-3.006654068918E0,3.314239607791E0));
#2969=CARTESIAN_POINT('',(1.006952503816E1,-2.997187770157E0,3.317349389453E0));
#2970=CARTESIAN_POINT('',(1.007833465648E1,-2.985821624488E0,3.321083291399E0));
#2971=CARTESIAN_POINT('',(1.008567600508E1,-2.974107105871E0,3.324931637631E0));
#2972=CARTESIAN_POINT('',(1.009154908396E1,-2.962377183658E0,3.328785044111E0));
#2973=CARTESIAN_POINT('',(1.009448562340E1,-2.955337059400E0,3.331097801174E0));
#2974=CARTESIAN_POINT('',(1.009595389312E1,-2.951303021499E0,3.332423026312E0));
#2976=DIRECTION('',(0.E0,0.E0,-1.E0));
#2977=VECTOR('',#2976,3.148460526245E-1);
#2978=CARTESIAN_POINT('',(1.009595389312E1,-2.951303021499E0,3.332423026312E0));
#2979=LINE('867',#2978,#2977);
#2980=DIRECTION('',(-3.268030438306E-1,8.978839835336E-1,-2.949646125503E-1));
#2981=VECTOR('',#2980,5.172721309467E-1);
#2982=CARTESIAN_POINT('',(9.814046106882E0,-2.951303021499E0,3.017576973688E0));
#2983=LINE('859',#2982,#2981);
#2984=DIRECTION('',(-3.268030438306E-1,8.978839835336E-1,2.949646125503E-1));
#2985=VECTOR('',#2984,5.172721309467E-1);
#2986=CARTESIAN_POINT('',(9.814046106882E0,-2.951303021499E0,3.332423026312E0));
#2987=LINE('860',#2986,#2985);
#2988=DIRECTION('',(0.E0,0.E0,-1.E0));
#2989=VECTOR('',#2988,3.148460526245E-1);
#2990=CARTESIAN_POINT('',(9.814046106882E0,-2.951303021499E0,3.332423026312E0));
#2991=LINE('868',#2990,#2989);
#2992=DIRECTION('',(0.E0,0.E0,1.E0));
#2993=VECTOR('',#2992,6.2E-1);
#2994=CARTESIAN_POINT('',(1.2185E1,6.8E-1,5.405E0));
#2995=LINE('701',#2994,#2993);
#2996=CARTESIAN_POINT('',(1.1885E1,3.8E-1,5.105E0));
#2997=CARTESIAN_POINT('',(1.191005174828E1,3.8E-1,5.130051748276E0));
#2998=CARTESIAN_POINT('',(1.195800831921E1,3.861516481816E-1,5.178008319214E0));
#2999=CARTESIAN_POINT('',(1.202288259588E1,4.108284809101E-1,5.242882595879E0));
#3000=CARTESIAN_POINT('',(1.207563760984E1,4.457018576518E-1,5.295637609841E0));
#3001=CARTESIAN_POINT('',(1.211786646278E1,4.879248700055E-1,5.337866462784E0));
#3002=CARTESIAN_POINT('',(1.214923891270E1,5.345329747632E-1,5.369238912697E0));
#3003=CARTESIAN_POINT('',(1.217035466665E1,5.828415657856E-1,5.390354666653E0));
#3004=CARTESIAN_POINT('',(1.218239084356E1,6.313263037052E-1,5.402390843562E0));
#3005=CARTESIAN_POINT('',(1.2185E1,6.639412213197E-1,5.405E0));
#3006=CARTESIAN_POINT('',(1.2185E1,6.8E-1,5.405E0));
#3008=DIRECTION('',(0.E0,0.E0,1.E0));
#3009=VECTOR('',#3008,1.22E0);
#3010=CARTESIAN_POINT('',(1.1885E1,3.8E-1,5.105E0));
#3011=LINE('495',#3010,#3009);
#3012=CARTESIAN_POINT('',(1.1885E1,3.8E-1,6.325E0));
#3013=CARTESIAN_POINT('',(1.191005174828E1,3.8E-1,6.299948251724E0));
#3014=CARTESIAN_POINT('',(1.195800831921E1,3.861516481816E-1,6.251991680786E0));
#3015=CARTESIAN_POINT('',(1.202288259588E1,4.108284809101E-1,6.187117404121E0));
#3016=CARTESIAN_POINT('',(1.207563760984E1,4.457018576518E-1,6.134362390159E0));
#3017=CARTESIAN_POINT('',(1.211786646278E1,4.879248700055E-1,6.092133537216E0));
#3018=CARTESIAN_POINT('',(1.214923891270E1,5.345329747632E-1,6.060761087303E0));
#3019=CARTESIAN_POINT('',(1.217035466665E1,5.828415657856E-1,6.039645333347E0));
#3020=CARTESIAN_POINT('',(1.218239084356E1,6.313263037052E-1,6.027609156438E0));
#3021=CARTESIAN_POINT('',(1.2185E1,6.639412213197E-1,6.025E0));
#3022=CARTESIAN_POINT('',(1.2185E1,6.8E-1,6.025E0));
#3024=DIRECTION('',(0.E0,0.E0,1.E0));
#3025=VECTOR('',#3024,6.2E-1);
#3026=CARTESIAN_POINT('',(1.2185E1,-2.486852659994E0,5.405E0));
#3027=LINE('686',#3026,#3025);
#3028=DIRECTION('',(1.E0,0.E0,0.E0));
#3029=VECTOR('',#3028,6.2E-1);
#3030=CARTESIAN_POINT('',(1.2185E1,-2.486852659994E0,6.025E0));
#3031=LINE('694',#3030,#3029);
#3032=DIRECTION('',(0.E0,1.E0,0.E0));
#3033=VECTOR('',#3032,3.166852659994E0);
#3034=CARTESIAN_POINT('',(1.2185E1,-2.486852659994E0,6.025E0));
#3035=LINE('709',#3034,#3033);
#3036=DIRECTION('',(1.E0,0.E0,0.E0));
#3037=VECTOR('',#3036,6.2E-1);
#3038=CARTESIAN_POINT('',(1.2185E1,6.8E-1,6.025E0));
#3039=LINE('702',#3038,#3037);
#3040=DIRECTION('',(1.E0,0.E0,0.E0));
#3041=VECTOR('',#3040,1.22E0);
#3042=CARTESIAN_POINT('',(1.1885E1,3.8E-1,6.325E0));
#3043=LINE('496',#3042,#3041);
#3044=CARTESIAN_POINT('',(1.3105E1,3.8E-1,6.325E0));
#3045=CARTESIAN_POINT('',(1.307994825172E1,3.8E-1,6.299948251724E0));
#3046=CARTESIAN_POINT('',(1.303199168079E1,3.861516481816E-1,6.251991680786E0));
#3047=CARTESIAN_POINT('',(1.296711740412E1,4.108284809101E-1,6.187117404121E0));
#3048=CARTESIAN_POINT('',(1.291436239016E1,4.457018576518E-1,6.134362390159E0));
#3049=CARTESIAN_POINT('',(1.287213353722E1,4.879248700055E-1,6.092133537216E0));
#3050=CARTESIAN_POINT('',(1.284076108730E1,5.345329747632E-1,6.060761087303E0));
#3051=CARTESIAN_POINT('',(1.281964533335E1,5.828415657856E-1,6.039645333347E0));
#3052=CARTESIAN_POINT('',(1.280760915644E1,6.313263037052E-1,6.027609156438E0));
#3053=CARTESIAN_POINT('',(1.2805E1,6.639412213197E-1,6.025E0));
#3054=CARTESIAN_POINT('',(1.2805E1,6.8E-1,6.025E0));
#3056=DIRECTION('',(0.E0,0.E0,-1.E0));
#3057=VECTOR('',#3056,6.2E-1);
#3058=CARTESIAN_POINT('',(1.2805E1,6.8E-1,6.025E0));
#3059=LINE('703',#3058,#3057);
#3060=DIRECTION('',(0.E0,0.E0,-1.E0));
#3061=VECTOR('',#3060,1.22E0);
#3062=CARTESIAN_POINT('',(1.3105E1,3.8E-1,6.325E0));
#3063=LINE('497',#3062,#3061);
#3064=CARTESIAN_POINT('',(1.3105E1,3.8E-1,5.105E0));
#3065=CARTESIAN_POINT('',(1.307994825172E1,3.8E-1,5.130051748276E0));
#3066=CARTESIAN_POINT('',(1.303199168079E1,3.861516481816E-1,5.178008319214E0));
#3067=CARTESIAN_POINT('',(1.296711740412E1,4.108284809101E-1,5.242882595879E0));
#3068=CARTESIAN_POINT('',(1.291436239016E1,4.457018576518E-1,5.295637609841E0));
#3069=CARTESIAN_POINT('',(1.287213353722E1,4.879248700055E-1,5.337866462784E0));
#3070=CARTESIAN_POINT('',(1.284076108730E1,5.345329747632E-1,5.369238912697E0));
#3071=CARTESIAN_POINT('',(1.281964533335E1,5.828415657856E-1,5.390354666653E0));
#3072=CARTESIAN_POINT('',(1.280760915644E1,6.313263037052E-1,5.402390843562E0));
#3073=CARTESIAN_POINT('',(1.2805E1,6.639412213197E-1,5.405E0));
#3074=CARTESIAN_POINT('',(1.2805E1,6.8E-1,5.405E0));
#3076=DIRECTION('',(0.E0,1.E0,0.E0));
#3077=VECTOR('',#3076,3.166852659994E0);
#3078=CARTESIAN_POINT('',(1.2805E1,-2.486852659994E0,5.405E0));
#3079=LINE('715',#3078,#3077);
#3080=DIRECTION('',(0.E0,0.E0,1.E0));
#3081=VECTOR('',#3080,6.2E-1);
#3082=CARTESIAN_POINT('',(1.2805E1,-2.486852659994E0,5.405E0));
#3083=LINE('688',#3082,#3081);
#3084=DIRECTION('',(0.E0,1.E0,0.E0));
#3085=VECTOR('',#3084,3.166852659994E0);
#3086=CARTESIAN_POINT('',(1.2805E1,-2.486852659994E0,6.025E0));
#3087=LINE('711',#3086,#3085);
#3088=DIRECTION('',(0.E0,1.E0,0.E0));
#3089=VECTOR('',#3088,3.166852659994E0);
#3090=CARTESIAN_POINT('',(1.2185E1,-2.486852659994E0,5.405E0));
#3091=LINE('713',#3090,#3089);
#3092=DIRECTION('',(1.E0,0.E0,0.E0));
#3093=VECTOR('',#3092,6.2E-1);
#3094=CARTESIAN_POINT('',(1.2185E1,-2.486852659994E0,5.405E0));
#3095=LINE('696',#3094,#3093);
#3096=DIRECTION('',(-1.E0,0.E0,0.E0));
#3097=VECTOR('',#3096,6.2E-1);
#3098=CARTESIAN_POINT('',(1.2805E1,6.8E-1,5.405E0));
#3099=LINE('704',#3098,#3097);
#3100=DIRECTION('',(-1.E0,0.E0,0.E0));
#3101=VECTOR('',#3100,1.22E0);
#3102=CARTESIAN_POINT('',(1.3105E1,3.8E-1,5.105E0));
#3103=LINE('498',#3102,#3101);
#3104=DIRECTION('',(2.949646125503E-1,8.978839835336E-1,-3.268030438306E-1));
#3105=VECTOR('',#3104,5.172721309467E-1);
#3106=CARTESIAN_POINT('',(1.265242302631E1,-2.951303021499E0,5.574046106882E0));
#3107=LINE('683',#3106,#3105);
#3108=DIRECTION('',(-2.949646125502E-1,8.978839835336E-1,-3.268030438306E-1));
#3109=VECTOR('',#3108,5.172721309467E-1);
#3110=CARTESIAN_POINT('',(1.233757697369E1,-2.951303021499E0,5.574046106882E0));
#3111=LINE('684',#3110,#3109);
#3112=DIRECTION('',(1.E0,0.E0,0.E0));
#3113=VECTOR('',#3112,3.148460526245E-1);
#3114=CARTESIAN_POINT('',(1.233757697369E1,-2.951303021499E0,5.574046106882E0));
#3115=LINE('692',#3114,#3113);
#3116=DIRECTION('',(-2.949646125503E-1,-8.978839835336E-1,-3.268030438306E-1));
#3117=VECTOR('',#3116,5.172721309467E-1);
#3118=CARTESIAN_POINT('',(1.2805E1,-2.486852659994E0,6.025E0));
#3119=LINE('679',#3118,#3117);
#3120=DIRECTION('',(2.949646125502E-1,-8.978839835336E-1,-3.268030438306E-1));
#3121=VECTOR('',#3120,5.172721309467E-1);
#3122=CARTESIAN_POINT('',(1.2185E1,-2.486852659994E0,6.025E0));
#3123=LINE('680',#3122,#3121);
#3124=CARTESIAN_POINT('',(1.265242302631E1,-2.951303021499E0,5.855953893118E0));
#3125=CARTESIAN_POINT('',(1.265109780117E1,-2.955337059400E0,5.854485623398E0));
#3126=CARTESIAN_POINT('',(1.264878504411E1,-2.962377183658E0,5.851549083958E0));
#3127=CARTESIAN_POINT('',(1.264493163763E1,-2.974107105871E0,5.845676005078E0));
#3128=CARTESIAN_POINT('',(1.264108329140E1,-2.985821624488E0,5.838334656478E0));
#3129=CARTESIAN_POINT('',(1.263734938945E1,-2.997187770157E0,5.829525038158E0));
#3130=CARTESIAN_POINT('',(1.263423960779E1,-3.006654068918E0,5.820715419838E0));
#3131=CARTESIAN_POINT('',(1.263160014091E1,-3.014688710827E0,5.811905801519E0));
#3132=CARTESIAN_POINT('',(1.262858809731E1,-3.023857491043E0,5.800159643759E0));
#3133=CARTESIAN_POINT('',(1.262561519055E1,-3.032907137175E0,5.785476946559E0));
#3134=CARTESIAN_POINT('',(1.262302318659E1,-3.040797300072E0,5.767857709919E0));
#3135=CARTESIAN_POINT('',(1.262066839294E1,-3.047965385368E0,5.744365394400E0));
#3136=CARTESIAN_POINT('',(1.261955440471E1,-3.051356409755E0,5.715E0));
#3137=CARTESIAN_POINT('',(1.262066839294E1,-3.047965385368E0,5.685634605600E0));
#3138=CARTESIAN_POINT('',(1.262302318659E1,-3.040797300072E0,5.662142290081E0));
#3139=CARTESIAN_POINT('',(1.262561519055E1,-3.032907137175E0,5.644523053441E0));
#3140=CARTESIAN_POINT('',(1.262858809731E1,-3.023857491043E0,5.629840356241E0));
#3141=CARTESIAN_POINT('',(1.263160014091E1,-3.014688710827E0,5.618094198481E0));
#3142=CARTESIAN_POINT('',(1.263423960779E1,-3.006654068918E0,5.609284580162E0));
#3143=CARTESIAN_POINT('',(1.263734938945E1,-2.997187770157E0,5.600474961842E0));
#3144=CARTESIAN_POINT('',(1.264108329140E1,-2.985821624488E0,5.591665343522E0));
#3145=CARTESIAN_POINT('',(1.264493163763E1,-2.974107105871E0,5.584323994922E0));
#3146=CARTESIAN_POINT('',(1.264878504411E1,-2.962377183658E0,5.578450916042E0));
#3147=CARTESIAN_POINT('',(1.265109780117E1,-2.955337059400E0,5.575514376602E0));
#3148=CARTESIAN_POINT('',(1.265242302631E1,-2.951303021499E0,5.574046106882E0));
#3150=CARTESIAN_POINT('',(1.233757697369E1,-2.951303021499E0,5.574046106882E0));
#3151=CARTESIAN_POINT('',(1.233890219883E1,-2.955337059400E0,5.575514376602E0));
#3152=CARTESIAN_POINT('',(1.234121495589E1,-2.962377183658E0,5.578450916042E0));
#3153=CARTESIAN_POINT('',(1.234506836237E1,-2.974107105871E0,5.584323994922E0));
#3154=CARTESIAN_POINT('',(1.234891670860E1,-2.985821624488E0,5.591665343522E0));
#3155=CARTESIAN_POINT('',(1.235265061055E1,-2.997187770157E0,5.600474961842E0));
#3156=CARTESIAN_POINT('',(1.235576039221E1,-3.006654068918E0,5.609284580162E0));
#3157=CARTESIAN_POINT('',(1.235839985909E1,-3.014688710827E0,5.618094198481E0));
#3158=CARTESIAN_POINT('',(1.236141190269E1,-3.023857491043E0,5.629840356241E0));
#3159=CARTESIAN_POINT('',(1.236438480945E1,-3.032907137175E0,5.644523053441E0));
#3160=CARTESIAN_POINT('',(1.236697681341E1,-3.040797300072E0,5.662142290081E0));
#3161=CARTESIAN_POINT('',(1.236933160706E1,-3.047965385368E0,5.685634605600E0));
#3162=CARTESIAN_POINT('',(1.237044559529E1,-3.051356409755E0,5.715E0));
#3163=CARTESIAN_POINT('',(1.236933160706E1,-3.047965385368E0,5.744365394400E0));
#3164=CARTESIAN_POINT('',(1.236697681341E1,-3.040797300072E0,5.767857709919E0));
#3165=CARTESIAN_POINT('',(1.236438480945E1,-3.032907137175E0,5.785476946559E0));
#3166=CARTESIAN_POINT('',(1.236141190269E1,-3.023857491043E0,5.800159643759E0));
#3167=CARTESIAN_POINT('',(1.235839985909E1,-3.014688710827E0,5.811905801519E0));
#3168=CARTESIAN_POINT('',(1.235576039221E1,-3.006654068918E0,5.820715419838E0));
#3169=CARTESIAN_POINT('',(1.235265061055E1,-2.997187770157E0,5.829525038158E0));
#3170=CARTESIAN_POINT('',(1.234891670860E1,-2.985821624488E0,5.838334656478E0));
#3171=CARTESIAN_POINT('',(1.234506836237E1,-2.974107105871E0,5.845676005078E0));
#3172=CARTESIAN_POINT('',(1.234121495589E1,-2.962377183658E0,5.851549083958E0));
#3173=CARTESIAN_POINT('',(1.233890219883E1,-2.955337059400E0,5.854485623398E0));
#3174=CARTESIAN_POINT('',(1.233757697369E1,-2.951303021499E0,5.855953893118E0));
#3176=DIRECTION('',(1.E0,0.E0,0.E0));
#3177=VECTOR('',#3176,3.148460526245E-1);
#3178=CARTESIAN_POINT('',(1.233757697369E1,-2.951303021499E0,5.855953893118E0));
#3179=LINE('691',#3178,#3177);
#3180=DIRECTION('',(0.E0,0.E0,1.E0));
#3181=VECTOR('',#3180,6.2E-1);
#3182=CARTESIAN_POINT('',(1.2185E1,6.8E-1,2.865E0));
#3183=LINE('921',#3182,#3181);
#3184=CARTESIAN_POINT('',(1.1885E1,3.8E-1,2.565E0));
#3185=CARTESIAN_POINT('',(1.191005174828E1,3.8E-1,2.590051748276E0));
#3186=CARTESIAN_POINT('',(1.195800831921E1,3.861516481816E-1,2.638008319214E0));
#3187=CARTESIAN_POINT('',(1.202288259588E1,4.108284809101E-1,2.702882595879E0));
#3188=CARTESIAN_POINT('',(1.207563760984E1,4.457018576518E-1,2.755637609841E0));
#3189=CARTESIAN_POINT('',(1.211786646278E1,4.879248700055E-1,2.797866462784E0));
#3190=CARTESIAN_POINT('',(1.214923891270E1,5.345329747632E-1,2.829238912697E0));
#3191=CARTESIAN_POINT('',(1.217035466665E1,5.828415657856E-1,2.850354666653E0));
#3192=CARTESIAN_POINT('',(1.218239084356E1,6.313263037052E-1,2.862390843562E0));
#3193=CARTESIAN_POINT('',(1.2185E1,6.639412213197E-1,2.865E0));
#3194=CARTESIAN_POINT('',(1.2185E1,6.8E-1,2.865E0));
#3196=DIRECTION('',(0.E0,0.E0,1.E0));
#3197=VECTOR('',#3196,1.22E0);
#3198=CARTESIAN_POINT('',(1.1885E1,3.8E-1,2.565E0));
#3199=LINE('499',#3198,#3197);
#3200=CARTESIAN_POINT('',(1.1885E1,3.8E-1,3.785E0));
#3201=CARTESIAN_POINT('',(1.191005174828E1,3.8E-1,3.759948251724E0));
#3202=CARTESIAN_POINT('',(1.195800831921E1,3.861516481816E-1,3.711991680786E0));
#3203=CARTESIAN_POINT('',(1.202288259588E1,4.108284809101E-1,3.647117404121E0));
#3204=CARTESIAN_POINT('',(1.207563760984E1,4.457018576518E-1,3.594362390159E0));
#3205=CARTESIAN_POINT('',(1.211786646278E1,4.879248700055E-1,3.552133537216E0));
#3206=CARTESIAN_POINT('',(1.214923891270E1,5.345329747632E-1,3.520761087303E0));
#3207=CARTESIAN_POINT('',(1.217035466665E1,5.828415657856E-1,3.499645333347E0));
#3208=CARTESIAN_POINT('',(1.218239084356E1,6.313263037052E-1,3.487609156438E0));
#3209=CARTESIAN_POINT('',(1.2185E1,6.639412213197E-1,3.485E0));
#3210=CARTESIAN_POINT('',(1.2185E1,6.8E-1,3.485E0));
#3212=DIRECTION('',(0.E0,1.E0,0.E0));
#3213=VECTOR('',#3212,3.166852659994E0);
#3214=CARTESIAN_POINT('',(1.2185E1,-2.486852659994E0,3.485E0));
#3215=LINE('933',#3214,#3213);
#3216=DIRECTION('',(0.E0,0.E0,-1.E0));
#3217=VECTOR('',#3216,6.2E-1);
#3218=CARTESIAN_POINT('',(1.2185E1,-2.486852659994E0,3.485E0));
#3219=LINE('916',#3218,#3217);
#3220=DIRECTION('',(1.E0,0.E0,0.E0));
#3221=VECTOR('',#3220,6.2E-1);
#3222=CARTESIAN_POINT('',(1.2185E1,-2.486852659994E0,3.485E0));
#3223=LINE('906',#3222,#3221);
#3224=DIRECTION('',(1.E0,0.E0,0.E0));
#3225=VECTOR('',#3224,6.2E-1);
#3226=CARTESIAN_POINT('',(1.2185E1,6.8E-1,3.485E0));
#3227=LINE('922',#3226,#3225);
#3228=DIRECTION('',(1.E0,0.E0,0.E0));
#3229=VECTOR('',#3228,1.22E0);
#3230=CARTESIAN_POINT('',(1.1885E1,3.8E-1,3.785E0));
#3231=LINE('500',#3230,#3229);
#3232=CARTESIAN_POINT('',(1.3105E1,3.8E-1,3.785E0));
#3233=CARTESIAN_POINT('',(1.307994825172E1,3.8E-1,3.759948251724E0));
#3234=CARTESIAN_POINT('',(1.303199168079E1,3.861516481816E-1,3.711991680786E0));
#3235=CARTESIAN_POINT('',(1.296711740412E1,4.108284809101E-1,3.647117404121E0));
#3236=CARTESIAN_POINT('',(1.291436239016E1,4.457018576518E-1,3.594362390159E0));
#3237=CARTESIAN_POINT('',(1.287213353722E1,4.879248700055E-1,3.552133537216E0));
#3238=CARTESIAN_POINT('',(1.284076108730E1,5.345329747632E-1,3.520761087303E0));
#3239=CARTESIAN_POINT('',(1.281964533335E1,5.828415657856E-1,3.499645333347E0));
#3240=CARTESIAN_POINT('',(1.280760915644E1,6.313263037052E-1,3.487609156438E0));
#3241=CARTESIAN_POINT('',(1.2805E1,6.639412213197E-1,3.485E0));
#3242=CARTESIAN_POINT('',(1.2805E1,6.8E-1,3.485E0));
#3244=DIRECTION('',(0.E0,0.E0,-1.E0));
#3245=VECTOR('',#3244,6.2E-1);
#3246=CARTESIAN_POINT('',(1.2805E1,6.8E-1,3.485E0));
#3247=LINE('923',#3246,#3245);
#3248=DIRECTION('',(0.E0,0.E0,-1.E0));
#3249=VECTOR('',#3248,1.22E0);
#3250=CARTESIAN_POINT('',(1.3105E1,3.8E-1,3.785E0));
#3251=LINE('501',#3250,#3249);
#3252=CARTESIAN_POINT('',(1.3105E1,3.8E-1,2.565E0));
#3253=CARTESIAN_POINT('',(1.307994825172E1,3.8E-1,2.590051748276E0));
#3254=CARTESIAN_POINT('',(1.303199168079E1,3.861516481816E-1,2.638008319214E0));
#3255=CARTESIAN_POINT('',(1.296711740412E1,4.108284809101E-1,2.702882595879E0));
#3256=CARTESIAN_POINT('',(1.291436239016E1,4.457018576518E-1,2.755637609841E0));
#3257=CARTESIAN_POINT('',(1.287213353722E1,4.879248700055E-1,2.797866462784E0));
#3258=CARTESIAN_POINT('',(1.284076108730E1,5.345329747632E-1,2.829238912697E0));
#3259=CARTESIAN_POINT('',(1.281964533335E1,5.828415657856E-1,2.850354666653E0));
#3260=CARTESIAN_POINT('',(1.280760915644E1,6.313263037052E-1,2.862390843562E0));
#3261=CARTESIAN_POINT('',(1.2805E1,6.639412213197E-1,2.865E0));
#3262=CARTESIAN_POINT('',(1.2805E1,6.8E-1,2.865E0));
#3264=DIRECTION('',(0.E0,0.E0,-1.E0));
#3265=VECTOR('',#3264,6.2E-1);
#3266=CARTESIAN_POINT('',(1.2805E1,-2.486852659994E0,3.485E0));
#3267=LINE('914',#3266,#3265);
#3268=DIRECTION('',(0.E0,1.E0,0.E0));
#3269=VECTOR('',#3268,3.166852659994E0);
#3270=CARTESIAN_POINT('',(1.2805E1,-2.486852659994E0,3.485E0));
#3271=LINE('929',#3270,#3269);
#3272=DIRECTION('',(0.E0,1.E0,0.E0));
#3273=VECTOR('',#3272,3.166852659994E0);
#3274=CARTESIAN_POINT('',(1.2185E1,-2.486852659994E0,2.865E0));
#3275=LINE('935',#3274,#3273);
#3276=DIRECTION('',(1.E0,0.E0,0.E0));
#3277=VECTOR('',#3276,6.2E-1);
#3278=CARTESIAN_POINT('',(1.2185E1,-2.486852659994E0,2.865E0));
#3279=LINE('908',#3278,#3277);
#3280=DIRECTION('',(0.E0,1.E0,0.E0));
#3281=VECTOR('',#3280,3.166852659994E0);
#3282=CARTESIAN_POINT('',(1.2805E1,-2.486852659994E0,2.865E0));
#3283=LINE('931',#3282,#3281);
#3284=DIRECTION('',(-1.E0,0.E0,0.E0));
#3285=VECTOR('',#3284,6.2E-1);
#3286=CARTESIAN_POINT('',(1.2805E1,6.8E-1,2.865E0));
#3287=LINE('924',#3286,#3285);
#3288=DIRECTION('',(-1.E0,0.E0,0.E0));
#3289=VECTOR('',#3288,1.22E0);
#3290=CARTESIAN_POINT('',(1.3105E1,3.8E-1,2.565E0));
#3291=LINE('502',#3290,#3289);
#3292=DIRECTION('',(-3.268030438306E-1,-8.978839835336E-1,2.949646125502E-1));
#3293=VECTOR('',#3292,5.172721309467E-1);
#3294=CARTESIAN_POINT('',(1.2805E1,-2.486852659994E0,2.865E0));
#3295=LINE('899',#3294,#3293);
#3296=DIRECTION('',(-3.268030438306E-1,-8.978839835336E-1,-2.949646125503E-1));
#3297=VECTOR('',#3296,5.172721309467E-1);
#3298=CARTESIAN_POINT('',(1.2805E1,-2.486852659994E0,3.485E0));
#3299=LINE('900',#3298,#3297);
#3300=CARTESIAN_POINT('',(1.263595389312E1,-2.951303021499E0,3.017576973688E0));
#3301=CARTESIAN_POINT('',(1.263448562340E1,-2.955337059400E0,3.018902198826E0));
#3302=CARTESIAN_POINT('',(1.263154908396E1,-2.962377183658E0,3.021214955889E0));
#3303=CARTESIAN_POINT('',(1.262567600508E1,-2.974107105871E0,3.025068362369E0));
#3304=CARTESIAN_POINT('',(1.261833465648E1,-2.985821624488E0,3.028916708601E0));
#3305=CARTESIAN_POINT('',(1.260952503816E1,-2.997187770157E0,3.032650610547E0));
#3306=CARTESIAN_POINT('',(1.260071541984E1,-3.006654068918E0,3.035760392209E0));
#3307=CARTESIAN_POINT('',(1.259190580152E1,-3.014688710827E0,3.038399859090E0));
#3308=CARTESIAN_POINT('',(1.258015964376E1,-3.023857491043E0,3.041411902688E0));
#3309=CARTESIAN_POINT('',(1.256547694656E1,-3.032907137175E0,3.044384809449E0));
#3310=CARTESIAN_POINT('',(1.254785770992E1,-3.040797300072E0,3.046976813410E0));
#3311=CARTESIAN_POINT('',(1.252436539440E1,-3.047965385368E0,3.049331607059E0));
#3312=CARTESIAN_POINT('',(1.2495E1,-3.051356409755E0,3.050445595294E0));
#3313=CARTESIAN_POINT('',(1.246563460560E1,-3.047965385368E0,3.049331607059E0));
#3314=CARTESIAN_POINT('',(1.244214229008E1,-3.040797300072E0,3.046976813410E0));
#3315=CARTESIAN_POINT('',(1.242452305344E1,-3.032907137175E0,3.044384809449E0));
#3316=CARTESIAN_POINT('',(1.240984035624E1,-3.023857491043E0,3.041411902688E0));
#3317=CARTESIAN_POINT('',(1.239809419848E1,-3.014688710827E0,3.038399859090E0));
#3318=CARTESIAN_POINT('',(1.238928458016E1,-3.006654068918E0,3.035760392209E0));
#3319=CARTESIAN_POINT('',(1.238047496184E1,-2.997187770157E0,3.032650610547E0));
#3320=CARTESIAN_POINT('',(1.237166534352E1,-2.985821624488E0,3.028916708601E0));
#3321=CARTESIAN_POINT('',(1.236432399492E1,-2.974107105871E0,3.025068362369E0));
#3322=CARTESIAN_POINT('',(1.235845091604E1,-2.962377183658E0,3.021214955889E0));
#3323=CARTESIAN_POINT('',(1.235551437660E1,-2.955337059400E0,3.018902198826E0));
#3324=CARTESIAN_POINT('',(1.235404610688E1,-2.951303021499E0,3.017576973688E0));
#3326=CARTESIAN_POINT('',(1.235404610688E1,-2.951303021499E0,3.332423026312E0));
#3327=CARTESIAN_POINT('',(1.235551437660E1,-2.955337059400E0,3.331097801174E0));
#3328=CARTESIAN_POINT('',(1.235845091604E1,-2.962377183658E0,3.328785044111E0));
#3329=CARTESIAN_POINT('',(1.236432399492E1,-2.974107105871E0,3.324931637631E0));
#3330=CARTESIAN_POINT('',(1.237166534352E1,-2.985821624488E0,3.321083291399E0));
#3331=CARTESIAN_POINT('',(1.238047496184E1,-2.997187770157E0,3.317349389453E0));
#3332=CARTESIAN_POINT('',(1.238928458016E1,-3.006654068918E0,3.314239607791E0));
#3333=CARTESIAN_POINT('',(1.239809419848E1,-3.014688710827E0,3.311600140910E0));
#3334=CARTESIAN_POINT('',(1.240984035624E1,-3.023857491043E0,3.308588097312E0));
#3335=CARTESIAN_POINT('',(1.242452305344E1,-3.032907137175E0,3.305615190551E0));
#3336=CARTESIAN_POINT('',(1.244214229008E1,-3.040797300072E0,3.303023186590E0));
#3337=CARTESIAN_POINT('',(1.246563460560E1,-3.047965385368E0,3.300668392941E0));
#3338=CARTESIAN_POINT('',(1.2495E1,-3.051356409755E0,3.299554404706E0));
#3339=CARTESIAN_POINT('',(1.252436539440E1,-3.047965385368E0,3.300668392941E0));
#3340=CARTESIAN_POINT('',(1.254785770992E1,-3.040797300072E0,3.303023186590E0));
#3341=CARTESIAN_POINT('',(1.256547694656E1,-3.032907137175E0,3.305615190551E0));
#3342=CARTESIAN_POINT('',(1.258015964376E1,-3.023857491043E0,3.308588097312E0));
#3343=CARTESIAN_POINT('',(1.259190580152E1,-3.014688710827E0,3.311600140910E0));
#3344=CARTESIAN_POINT('',(1.260071541984E1,-3.006654068918E0,3.314239607791E0));
#3345=CARTESIAN_POINT('',(1.260952503816E1,-2.997187770157E0,3.317349389453E0));
#3346=CARTESIAN_POINT('',(1.261833465648E1,-2.985821624488E0,3.321083291399E0));
#3347=CARTESIAN_POINT('',(1.262567600508E1,-2.974107105871E0,3.324931637631E0));
#3348=CARTESIAN_POINT('',(1.263154908396E1,-2.962377183658E0,3.328785044111E0));
#3349=CARTESIAN_POINT('',(1.263448562340E1,-2.955337059400E0,3.331097801174E0));
#3350=CARTESIAN_POINT('',(1.263595389312E1,-2.951303021499E0,3.332423026312E0));
#3352=DIRECTION('',(0.E0,0.E0,-1.E0));
#3353=VECTOR('',#3352,3.148460526245E-1);
#3354=CARTESIAN_POINT('',(1.263595389312E1,-2.951303021499E0,3.332423026312E0));
#3355=LINE('911',#3354,#3353);
#3356=DIRECTION('',(-3.268030438306E-1,8.978839835336E-1,-2.949646125503E-1));
#3357=VECTOR('',#3356,5.172721309467E-1);
#3358=CARTESIAN_POINT('',(1.235404610688E1,-2.951303021499E0,3.017576973688E0));
#3359=LINE('903',#3358,#3357);
#3360=DIRECTION('',(-3.268030438306E-1,8.978839835336E-1,2.949646125503E-1));
#3361=VECTOR('',#3360,5.172721309467E-1);
#3362=CARTESIAN_POINT('',(1.235404610688E1,-2.951303021499E0,3.332423026312E0));
#3363=LINE('904',#3362,#3361);
#3364=DIRECTION('',(0.E0,0.E0,-1.E0));
#3365=VECTOR('',#3364,3.148460526245E-1);
#3366=CARTESIAN_POINT('',(1.235404610688E1,-2.951303021499E0,3.332423026312E0));
#3367=LINE('912',#3366,#3365);
#3368=DIRECTION('',(0.E0,0.E0,1.E0));
#3369=VECTOR('',#3368,6.2E-1);
#3370=CARTESIAN_POINT('',(1.4725E1,6.8E-1,5.405E0));
#3371=LINE('745',#3370,#3369);
#3372=CARTESIAN_POINT('',(1.4425E1,3.8E-1,5.105E0));
#3373=CARTESIAN_POINT('',(1.445005174828E1,3.8E-1,5.130051748276E0));
#3374=CARTESIAN_POINT('',(1.449800831921E1,3.861516481816E-1,5.178008319214E0));
#3375=CARTESIAN_POINT('',(1.456288259588E1,4.108284809101E-1,5.242882595879E0));
#3376=CARTESIAN_POINT('',(1.461563760984E1,4.457018576518E-1,5.295637609841E0));
#3377=CARTESIAN_POINT('',(1.465786646278E1,4.879248700055E-1,5.337866462784E0));
#3378=CARTESIAN_POINT('',(1.468923891270E1,5.345329747632E-1,5.369238912697E0));
#3379=CARTESIAN_POINT('',(1.471035466665E1,5.828415657856E-1,5.390354666653E0));
#3380=CARTESIAN_POINT('',(1.472239084356E1,6.313263037052E-1,5.402390843562E0));
#3381=CARTESIAN_POINT('',(1.4725E1,6.639412213197E-1,5.405E0));
#3382=CARTESIAN_POINT('',(1.4725E1,6.8E-1,5.405E0));
#3384=DIRECTION('',(0.E0,0.E0,1.E0));
#3385=VECTOR('',#3384,1.22E0);
#3386=CARTESIAN_POINT('',(1.4425E1,3.8E-1,5.105E0));
#3387=LINE('503',#3386,#3385);
#3388=CARTESIAN_POINT('',(1.4425E1,3.8E-1,6.325E0));
#3389=CARTESIAN_POINT('',(1.445005174828E1,3.8E-1,6.299948251724E0));
#3390=CARTESIAN_POINT('',(1.449800831921E1,3.861516481816E-1,6.251991680786E0));
#3391=CARTESIAN_POINT('',(1.456288259588E1,4.108284809101E-1,6.187117404121E0));
#3392=CARTESIAN_POINT('',(1.461563760984E1,4.457018576518E-1,6.134362390159E0));
#3393=CARTESIAN_POINT('',(1.465786646278E1,4.879248700055E-1,6.092133537216E0));
#3394=CARTESIAN_POINT('',(1.468923891270E1,5.345329747632E-1,6.060761087303E0));
#3395=CARTESIAN_POINT('',(1.471035466665E1,5.828415657856E-1,6.039645333347E0));
#3396=CARTESIAN_POINT('',(1.472239084356E1,6.313263037052E-1,6.027609156438E0));
#3397=CARTESIAN_POINT('',(1.4725E1,6.639412213197E-1,6.025E0));
#3398=CARTESIAN_POINT('',(1.4725E1,6.8E-1,6.025E0));
#3400=DIRECTION('',(0.E0,0.E0,1.E0));
#3401=VECTOR('',#3400,6.2E-1);
#3402=CARTESIAN_POINT('',(1.4725E1,-2.486852659994E0,5.405E0));
#3403=LINE('730',#3402,#3401);
#3404=DIRECTION('',(1.E0,0.E0,0.E0));
#3405=VECTOR('',#3404,6.2E-1);
#3406=CARTESIAN_POINT('',(1.4725E1,-2.486852659994E0,6.025E0));
#3407=LINE('738',#3406,#3405);
#3408=DIRECTION('',(0.E0,1.E0,0.E0));
#3409=VECTOR('',#3408,3.166852659994E0);
#3410=CARTESIAN_POINT('',(1.4725E1,-2.486852659994E0,6.025E0));
#3411=LINE('753',#3410,#3409);
#3412=DIRECTION('',(1.E0,0.E0,0.E0));
#3413=VECTOR('',#3412,6.2E-1);
#3414=CARTESIAN_POINT('',(1.4725E1,6.8E-1,6.025E0));
#3415=LINE('746',#3414,#3413);
#3416=DIRECTION('',(1.E0,0.E0,0.E0));
#3417=VECTOR('',#3416,1.22E0);
#3418=CARTESIAN_POINT('',(1.4425E1,3.8E-1,6.325E0));
#3419=LINE('504',#3418,#3417);
#3420=CARTESIAN_POINT('',(1.5645E1,3.8E-1,6.325E0));
#3421=CARTESIAN_POINT('',(1.561994825172E1,3.8E-1,6.299948251724E0));
#3422=CARTESIAN_POINT('',(1.557199168079E1,3.861516481816E-1,6.251991680786E0));
#3423=CARTESIAN_POINT('',(1.550711740412E1,4.108284809101E-1,6.187117404121E0));
#3424=CARTESIAN_POINT('',(1.545436239016E1,4.457018576518E-1,6.134362390159E0));
#3425=CARTESIAN_POINT('',(1.541213353722E1,4.879248700055E-1,6.092133537216E0));
#3426=CARTESIAN_POINT('',(1.538076108730E1,5.345329747632E-1,6.060761087303E0));
#3427=CARTESIAN_POINT('',(1.535964533335E1,5.828415657856E-1,6.039645333347E0));
#3428=CARTESIAN_POINT('',(1.534760915644E1,6.313263037052E-1,6.027609156438E0));
#3429=CARTESIAN_POINT('',(1.5345E1,6.639412213197E-1,6.025E0));
#3430=CARTESIAN_POINT('',(1.5345E1,6.8E-1,6.025E0));
#3432=DIRECTION('',(0.E0,0.E0,-1.E0));
#3433=VECTOR('',#3432,6.2E-1);
#3434=CARTESIAN_POINT('',(1.5345E1,6.8E-1,6.025E0));
#3435=LINE('747',#3434,#3433);
#3436=DIRECTION('',(0.E0,0.E0,-1.E0));
#3437=VECTOR('',#3436,1.22E0);
#3438=CARTESIAN_POINT('',(1.5645E1,3.8E-1,6.325E0));
#3439=LINE('505',#3438,#3437);
#3440=CARTESIAN_POINT('',(1.5645E1,3.8E-1,5.105E0));
#3441=CARTESIAN_POINT('',(1.561994825172E1,3.8E-1,5.130051748276E0));
#3442=CARTESIAN_POINT('',(1.557199168079E1,3.861516481816E-1,5.178008319214E0));
#3443=CARTESIAN_POINT('',(1.550711740412E1,4.108284809101E-1,5.242882595879E0));
#3444=CARTESIAN_POINT('',(1.545436239016E1,4.457018576518E-1,5.295637609841E0));
#3445=CARTESIAN_POINT('',(1.541213353722E1,4.879248700055E-1,5.337866462784E0));
#3446=CARTESIAN_POINT('',(1.538076108730E1,5.345329747632E-1,5.369238912697E0));
#3447=CARTESIAN_POINT('',(1.535964533335E1,5.828415657856E-1,5.390354666653E0));
#3448=CARTESIAN_POINT('',(1.534760915644E1,6.313263037052E-1,5.402390843562E0));
#3449=CARTESIAN_POINT('',(1.5345E1,6.639412213197E-1,5.405E0));
#3450=CARTESIAN_POINT('',(1.5345E1,6.8E-1,5.405E0));
#3452=DIRECTION('',(0.E0,1.E0,0.E0));
#3453=VECTOR('',#3452,3.166852659994E0);
#3454=CARTESIAN_POINT('',(1.5345E1,-2.486852659994E0,5.405E0));
#3455=LINE('759',#3454,#3453);
#3456=DIRECTION('',(0.E0,0.E0,1.E0));
#3457=VECTOR('',#3456,6.2E-1);
#3458=CARTESIAN_POINT('',(1.5345E1,-2.486852659994E0,5.405E0));
#3459=LINE('732',#3458,#3457);
#3460=DIRECTION('',(0.E0,1.E0,0.E0));
#3461=VECTOR('',#3460,3.166852659994E0);
#3462=CARTESIAN_POINT('',(1.5345E1,-2.486852659994E0,6.025E0));
#3463=LINE('755',#3462,#3461);
#3464=DIRECTION('',(0.E0,1.E0,0.E0));
#3465=VECTOR('',#3464,3.166852659994E0);
#3466=CARTESIAN_POINT('',(1.4725E1,-2.486852659994E0,5.405E0));
#3467=LINE('757',#3466,#3465);
#3468=DIRECTION('',(1.E0,0.E0,0.E0));
#3469=VECTOR('',#3468,6.2E-1);
#3470=CARTESIAN_POINT('',(1.4725E1,-2.486852659994E0,5.405E0));
#3471=LINE('740',#3470,#3469);
#3472=DIRECTION('',(-1.E0,0.E0,0.E0));
#3473=VECTOR('',#3472,6.2E-1);
#3474=CARTESIAN_POINT('',(1.5345E1,6.8E-1,5.405E0));
#3475=LINE('748',#3474,#3473);
#3476=DIRECTION('',(-1.E0,0.E0,0.E0));
#3477=VECTOR('',#3476,1.22E0);
#3478=CARTESIAN_POINT('',(1.5645E1,3.8E-1,5.105E0));
#3479=LINE('506',#3478,#3477);
#3480=DIRECTION('',(2.949646125502E-1,8.978839835336E-1,-3.268030438306E-1));
#3481=VECTOR('',#3480,5.172721309467E-1);
#3482=CARTESIAN_POINT('',(1.519242302631E1,-2.951303021499E0,5.574046106882E0));
#3483=LINE('727',#3482,#3481);
#3484=DIRECTION('',(-2.949646125503E-1,8.978839835336E-1,-3.268030438306E-1));
#3485=VECTOR('',#3484,5.172721309467E-1);
#3486=CARTESIAN_POINT('',(1.487757697369E1,-2.951303021499E0,5.574046106882E0));
#3487=LINE('728',#3486,#3485);
#3488=DIRECTION('',(1.E0,0.E0,0.E0));
#3489=VECTOR('',#3488,3.148460526245E-1);
#3490=CARTESIAN_POINT('',(1.487757697369E1,-2.951303021499E0,5.574046106882E0));
#3491=LINE('736',#3490,#3489);
#3492=DIRECTION('',(-2.949646125502E-1,-8.978839835336E-1,-3.268030438306E-1));
#3493=VECTOR('',#3492,5.172721309467E-1);
#3494=CARTESIAN_POINT('',(1.5345E1,-2.486852659994E0,6.025E0));
#3495=LINE('723',#3494,#3493);
#3496=DIRECTION('',(2.949646125503E-1,-8.978839835336E-1,-3.268030438306E-1));
#3497=VECTOR('',#3496,5.172721309467E-1);
#3498=CARTESIAN_POINT('',(1.4725E1,-2.486852659994E0,6.025E0));
#3499=LINE('724',#3498,#3497);
#3500=CARTESIAN_POINT('',(1.519242302631E1,-2.951303021499E0,5.855953893118E0));
#3501=CARTESIAN_POINT('',(1.519109780117E1,-2.955337059400E0,5.854485623398E0));
#3502=CARTESIAN_POINT('',(1.518878504411E1,-2.962377183658E0,5.851549083958E0));
#3503=CARTESIAN_POINT('',(1.518493163763E1,-2.974107105871E0,5.845676005078E0));
#3504=CARTESIAN_POINT('',(1.518108329140E1,-2.985821624488E0,5.838334656478E0));
#3505=CARTESIAN_POINT('',(1.517734938945E1,-2.997187770157E0,5.829525038158E0));
#3506=CARTESIAN_POINT('',(1.517423960779E1,-3.006654068918E0,5.820715419838E0));
#3507=CARTESIAN_POINT('',(1.517160014091E1,-3.014688710827E0,5.811905801519E0));
#3508=CARTESIAN_POINT('',(1.516858809731E1,-3.023857491043E0,5.800159643759E0));
#3509=CARTESIAN_POINT('',(1.516561519055E1,-3.032907137175E0,5.785476946559E0));
#3510=CARTESIAN_POINT('',(1.516302318659E1,-3.040797300072E0,5.767857709919E0));
#3511=CARTESIAN_POINT('',(1.516066839294E1,-3.047965385368E0,5.744365394400E0));
#3512=CARTESIAN_POINT('',(1.515955440471E1,-3.051356409755E0,5.715E0));
#3513=CARTESIAN_POINT('',(1.516066839294E1,-3.047965385368E0,5.685634605600E0));
#3514=CARTESIAN_POINT('',(1.516302318659E1,-3.040797300072E0,5.662142290081E0));
#3515=CARTESIAN_POINT('',(1.516561519055E1,-3.032907137175E0,5.644523053441E0));
#3516=CARTESIAN_POINT('',(1.516858809731E1,-3.023857491043E0,5.629840356241E0));
#3517=CARTESIAN_POINT('',(1.517160014091E1,-3.014688710827E0,5.618094198481E0));
#3518=CARTESIAN_POINT('',(1.517423960779E1,-3.006654068918E0,5.609284580162E0));
#3519=CARTESIAN_POINT('',(1.517734938945E1,-2.997187770157E0,5.600474961842E0));
#3520=CARTESIAN_POINT('',(1.518108329140E1,-2.985821624488E0,5.591665343522E0));
#3521=CARTESIAN_POINT('',(1.518493163763E1,-2.974107105871E0,5.584323994922E0));
#3522=CARTESIAN_POINT('',(1.518878504411E1,-2.962377183658E0,5.578450916042E0));
#3523=CARTESIAN_POINT('',(1.519109780117E1,-2.955337059400E0,5.575514376602E0));
#3524=CARTESIAN_POINT('',(1.519242302631E1,-2.951303021499E0,5.574046106882E0));
#3526=CARTESIAN_POINT('',(1.487757697369E1,-2.951303021499E0,5.574046106882E0));
#3527=CARTESIAN_POINT('',(1.487890219883E1,-2.955337059400E0,5.575514376602E0));
#3528=CARTESIAN_POINT('',(1.488121495589E1,-2.962377183658E0,5.578450916042E0));
#3529=CARTESIAN_POINT('',(1.488506836237E1,-2.974107105871E0,5.584323994922E0));
#3530=CARTESIAN_POINT('',(1.488891670860E1,-2.985821624488E0,5.591665343522E0));
#3531=CARTESIAN_POINT('',(1.489265061055E1,-2.997187770157E0,5.600474961842E0));
#3532=CARTESIAN_POINT('',(1.489576039221E1,-3.006654068918E0,5.609284580162E0));
#3533=CARTESIAN_POINT('',(1.489839985909E1,-3.014688710827E0,5.618094198481E0));
#3534=CARTESIAN_POINT('',(1.490141190269E1,-3.023857491043E0,5.629840356241E0));
#3535=CARTESIAN_POINT('',(1.490438480945E1,-3.032907137175E0,5.644523053441E0));
#3536=CARTESIAN_POINT('',(1.490697681341E1,-3.040797300072E0,5.662142290081E0));
#3537=CARTESIAN_POINT('',(1.490933160706E1,-3.047965385368E0,5.685634605600E0));
#3538=CARTESIAN_POINT('',(1.491044559529E1,-3.051356409755E0,5.715E0));
#3539=CARTESIAN_POINT('',(1.490933160706E1,-3.047965385368E0,5.744365394400E0));
#3540=CARTESIAN_POINT('',(1.490697681341E1,-3.040797300072E0,5.767857709919E0));
#3541=CARTESIAN_POINT('',(1.490438480945E1,-3.032907137175E0,5.785476946559E0));
#3542=CARTESIAN_POINT('',(1.490141190269E1,-3.023857491043E0,5.800159643759E0));
#3543=CARTESIAN_POINT('',(1.489839985909E1,-3.014688710827E0,5.811905801519E0));
#3544=CARTESIAN_POINT('',(1.489576039221E1,-3.006654068918E0,5.820715419838E0));
#3545=CARTESIAN_POINT('',(1.489265061055E1,-2.997187770157E0,5.829525038158E0));
#3546=CARTESIAN_POINT('',(1.488891670860E1,-2.985821624488E0,5.838334656478E0));
#3547=CARTESIAN_POINT('',(1.488506836237E1,-2.974107105871E0,5.845676005078E0));
#3548=CARTESIAN_POINT('',(1.488121495589E1,-2.962377183658E0,5.851549083958E0));
#3549=CARTESIAN_POINT('',(1.487890219883E1,-2.955337059400E0,5.854485623398E0));
#3550=CARTESIAN_POINT('',(1.487757697369E1,-2.951303021499E0,5.855953893118E0));
#3552=DIRECTION('',(1.E0,0.E0,0.E0));
#3553=VECTOR('',#3552,3.148460526245E-1);
#3554=CARTESIAN_POINT('',(1.487757697369E1,-2.951303021499E0,5.855953893118E0));
#3555=LINE('735',#3554,#3553);
#3556=DIRECTION('',(0.E0,0.E0,1.E0));
#3557=VECTOR('',#3556,6.2E-1);
#3558=CARTESIAN_POINT('',(1.4725E1,6.8E-1,2.865E0));
#3559=LINE('965',#3558,#3557);
#3560=CARTESIAN_POINT('',(1.4425E1,3.8E-1,2.565E0));
#3561=CARTESIAN_POINT('',(1.445005174828E1,3.8E-1,2.590051748276E0));
#3562=CARTESIAN_POINT('',(1.449800831921E1,3.861516481816E-1,2.638008319214E0));
#3563=CARTESIAN_POINT('',(1.456288259588E1,4.108284809101E-1,2.702882595879E0));
#3564=CARTESIAN_POINT('',(1.461563760984E1,4.457018576518E-1,2.755637609841E0));
#3565=CARTESIAN_POINT('',(1.465786646278E1,4.879248700055E-1,2.797866462784E0));
#3566=CARTESIAN_POINT('',(1.468923891270E1,5.345329747632E-1,2.829238912697E0));
#3567=CARTESIAN_POINT('',(1.471035466665E1,5.828415657856E-1,2.850354666653E0));
#3568=CARTESIAN_POINT('',(1.472239084356E1,6.313263037052E-1,2.862390843562E0));
#3569=CARTESIAN_POINT('',(1.4725E1,6.639412213197E-1,2.865E0));
#3570=CARTESIAN_POINT('',(1.4725E1,6.8E-1,2.865E0));
#3572=DIRECTION('',(0.E0,0.E0,1.E0));
#3573=VECTOR('',#3572,1.22E0);
#3574=CARTESIAN_POINT('',(1.4425E1,3.8E-1,2.565E0));
#3575=LINE('507',#3574,#3573);
#3576=CARTESIAN_POINT('',(1.4425E1,3.8E-1,3.785E0));
#3577=CARTESIAN_POINT('',(1.445005174828E1,3.8E-1,3.759948251724E0));
#3578=CARTESIAN_POINT('',(1.449800831921E1,3.861516481816E-1,3.711991680786E0));
#3579=CARTESIAN_POINT('',(1.456288259588E1,4.108284809101E-1,3.647117404121E0));
#3580=CARTESIAN_POINT('',(1.461563760984E1,4.457018576518E-1,3.594362390159E0));
#3581=CARTESIAN_POINT('',(1.465786646278E1,4.879248700055E-1,3.552133537216E0));
#3582=CARTESIAN_POINT('',(1.468923891270E1,5.345329747632E-1,3.520761087303E0));
#3583=CARTESIAN_POINT('',(1.471035466665E1,5.828415657856E-1,3.499645333347E0));
#3584=CARTESIAN_POINT('',(1.472239084356E1,6.313263037052E-1,3.487609156438E0));
#3585=CARTESIAN_POINT('',(1.4725E1,6.639412213197E-1,3.485E0));
#3586=CARTESIAN_POINT('',(1.4725E1,6.8E-1,3.485E0));
#3588=DIRECTION('',(0.E0,1.E0,0.E0));
#3589=VECTOR('',#3588,3.166852659994E0);
#3590=CARTESIAN_POINT('',(1.4725E1,-2.486852659994E0,3.485E0));
#3591=LINE('977',#3590,#3589);
#3592=DIRECTION('',(0.E0,0.E0,-1.E0));
#3593=VECTOR('',#3592,6.2E-1);
#3594=CARTESIAN_POINT('',(1.4725E1,-2.486852659994E0,3.485E0));
#3595=LINE('960',#3594,#3593);
#3596=DIRECTION('',(1.E0,0.E0,0.E0));
#3597=VECTOR('',#3596,6.2E-1);
#3598=CARTESIAN_POINT('',(1.4725E1,-2.486852659994E0,3.485E0));
#3599=LINE('950',#3598,#3597);
#3600=DIRECTION('',(1.E0,0.E0,0.E0));
#3601=VECTOR('',#3600,6.2E-1);
#3602=CARTESIAN_POINT('',(1.4725E1,6.8E-1,3.485E0));
#3603=LINE('966',#3602,#3601);
#3604=DIRECTION('',(1.E0,0.E0,0.E0));
#3605=VECTOR('',#3604,1.22E0);
#3606=CARTESIAN_POINT('',(1.4425E1,3.8E-1,3.785E0));
#3607=LINE('508',#3606,#3605);
#3608=CARTESIAN_POINT('',(1.5645E1,3.8E-1,3.785E0));
#3609=CARTESIAN_POINT('',(1.561994825172E1,3.8E-1,3.759948251724E0));
#3610=CARTESIAN_POINT('',(1.557199168079E1,3.861516481816E-1,3.711991680786E0));
#3611=CARTESIAN_POINT('',(1.550711740412E1,4.108284809101E-1,3.647117404121E0));
#3612=CARTESIAN_POINT('',(1.545436239016E1,4.457018576518E-1,3.594362390159E0));
#3613=CARTESIAN_POINT('',(1.541213353722E1,4.879248700055E-1,3.552133537216E0));
#3614=CARTESIAN_POINT('',(1.538076108730E1,5.345329747632E-1,3.520761087303E0));
#3615=CARTESIAN_POINT('',(1.535964533335E1,5.828415657856E-1,3.499645333347E0));
#3616=CARTESIAN_POINT('',(1.534760915644E1,6.313263037052E-1,3.487609156438E0));
#3617=CARTESIAN_POINT('',(1.5345E1,6.639412213197E-1,3.485E0));
#3618=CARTESIAN_POINT('',(1.5345E1,6.8E-1,3.485E0));
#3620=DIRECTION('',(0.E0,0.E0,-1.E0));
#3621=VECTOR('',#3620,6.2E-1);
#3622=CARTESIAN_POINT('',(1.5345E1,6.8E-1,3.485E0));
#3623=LINE('967',#3622,#3621);
#3624=DIRECTION('',(0.E0,0.E0,-1.E0));
#3625=VECTOR('',#3624,1.22E0);
#3626=CARTESIAN_POINT('',(1.5645E1,3.8E-1,3.785E0));
#3627=LINE('509',#3626,#3625);
#3628=CARTESIAN_POINT('',(1.5645E1,3.8E-1,2.565E0));
#3629=CARTESIAN_POINT('',(1.561994825172E1,3.8E-1,2.590051748276E0));
#3630=CARTESIAN_POINT('',(1.557199168079E1,3.861516481816E-1,2.638008319214E0));
#3631=CARTESIAN_POINT('',(1.550711740412E1,4.108284809101E-1,2.702882595879E0));
#3632=CARTESIAN_POINT('',(1.545436239016E1,4.457018576518E-1,2.755637609841E0));
#3633=CARTESIAN_POINT('',(1.541213353722E1,4.879248700055E-1,2.797866462784E0));
#3634=CARTESIAN_POINT('',(1.538076108730E1,5.345329747632E-1,2.829238912697E0));
#3635=CARTESIAN_POINT('',(1.535964533335E1,5.828415657856E-1,2.850354666653E0));
#3636=CARTESIAN_POINT('',(1.534760915644E1,6.313263037052E-1,2.862390843562E0));
#3637=CARTESIAN_POINT('',(1.5345E1,6.639412213197E-1,2.865E0));
#3638=CARTESIAN_POINT('',(1.5345E1,6.8E-1,2.865E0));
#3640=DIRECTION('',(0.E0,0.E0,-1.E0));
#3641=VECTOR('',#3640,6.2E-1);
#3642=CARTESIAN_POINT('',(1.5345E1,-2.486852659994E0,3.485E0));
#3643=LINE('958',#3642,#3641);
#3644=DIRECTION('',(0.E0,1.E0,0.E0));
#3645=VECTOR('',#3644,3.166852659994E0);
#3646=CARTESIAN_POINT('',(1.5345E1,-2.486852659994E0,3.485E0));
#3647=LINE('973',#3646,#3645);
#3648=DIRECTION('',(0.E0,1.E0,0.E0));
#3649=VECTOR('',#3648,3.166852659994E0);
#3650=CARTESIAN_POINT('',(1.4725E1,-2.486852659994E0,2.865E0));
#3651=LINE('979',#3650,#3649);
#3652=DIRECTION('',(1.E0,0.E0,0.E0));
#3653=VECTOR('',#3652,6.2E-1);
#3654=CARTESIAN_POINT('',(1.4725E1,-2.486852659994E0,2.865E0));
#3655=LINE('952',#3654,#3653);
#3656=DIRECTION('',(0.E0,1.E0,0.E0));
#3657=VECTOR('',#3656,3.166852659994E0);
#3658=CARTESIAN_POINT('',(1.5345E1,-2.486852659994E0,2.865E0));
#3659=LINE('975',#3658,#3657);
#3660=DIRECTION('',(-1.E0,0.E0,0.E0));
#3661=VECTOR('',#3660,6.2E-1);
#3662=CARTESIAN_POINT('',(1.5345E1,6.8E-1,2.865E0));
#3663=LINE('968',#3662,#3661);
#3664=DIRECTION('',(-1.E0,0.E0,0.E0));
#3665=VECTOR('',#3664,1.22E0);
#3666=CARTESIAN_POINT('',(1.5645E1,3.8E-1,2.565E0));
#3667=LINE('510',#3666,#3665);
#3668=DIRECTION('',(-3.268030438306E-1,-8.978839835336E-1,2.949646125503E-1));
#3669=VECTOR('',#3668,5.172721309467E-1);
#3670=CARTESIAN_POINT('',(1.5345E1,-2.486852659994E0,2.865E0));
#3671=LINE('943',#3670,#3669);
#3672=DIRECTION('',(-3.268030438306E-1,-8.978839835336E-1,-2.949646125503E-1));
#3673=VECTOR('',#3672,5.172721309467E-1);
#3674=CARTESIAN_POINT('',(1.5345E1,-2.486852659994E0,3.485E0));
#3675=LINE('944',#3674,#3673);
#3676=CARTESIAN_POINT('',(1.517595389312E1,-2.951303021499E0,3.017576973688E0));
#3677=CARTESIAN_POINT('',(1.517448562340E1,-2.955337059400E0,3.018902198826E0));
#3678=CARTESIAN_POINT('',(1.517154908396E1,-2.962377183658E0,3.021214955889E0));
#3679=CARTESIAN_POINT('',(1.516567600508E1,-2.974107105871E0,3.025068362369E0));
#3680=CARTESIAN_POINT('',(1.515833465648E1,-2.985821624488E0,3.028916708601E0));
#3681=CARTESIAN_POINT('',(1.514952503816E1,-2.997187770157E0,3.032650610547E0));
#3682=CARTESIAN_POINT('',(1.514071541984E1,-3.006654068918E0,3.035760392209E0));
#3683=CARTESIAN_POINT('',(1.513190580152E1,-3.014688710827E0,3.038399859090E0));
#3684=CARTESIAN_POINT('',(1.512015964376E1,-3.023857491043E0,3.041411902688E0));
#3685=CARTESIAN_POINT('',(1.510547694656E1,-3.032907137175E0,3.044384809449E0));
#3686=CARTESIAN_POINT('',(1.508785770992E1,-3.040797300072E0,3.046976813410E0));
#3687=CARTESIAN_POINT('',(1.506436539440E1,-3.047965385368E0,3.049331607059E0));
#3688=CARTESIAN_POINT('',(1.5035E1,-3.051356409755E0,3.050445595294E0));
#3689=CARTESIAN_POINT('',(1.500563460560E1,-3.047965385368E0,3.049331607059E0));
#3690=CARTESIAN_POINT('',(1.498214229008E1,-3.040797300072E0,3.046976813410E0));
#3691=CARTESIAN_POINT('',(1.496452305344E1,-3.032907137175E0,3.044384809449E0));
#3692=CARTESIAN_POINT('',(1.494984035624E1,-3.023857491043E0,3.041411902688E0));
#3693=CARTESIAN_POINT('',(1.493809419848E1,-3.014688710827E0,3.038399859090E0));
#3694=CARTESIAN_POINT('',(1.492928458016E1,-3.006654068918E0,3.035760392209E0));
#3695=CARTESIAN_POINT('',(1.492047496184E1,-2.997187770157E0,3.032650610547E0));
#3696=CARTESIAN_POINT('',(1.491166534352E1,-2.985821624488E0,3.028916708601E0));
#3697=CARTESIAN_POINT('',(1.490432399492E1,-2.974107105871E0,3.025068362369E0));
#3698=CARTESIAN_POINT('',(1.489845091604E1,-2.962377183658E0,3.021214955889E0));
#3699=CARTESIAN_POINT('',(1.489551437660E1,-2.955337059400E0,3.018902198826E0));
#3700=CARTESIAN_POINT('',(1.489404610688E1,-2.951303021499E0,3.017576973688E0));
#3702=CARTESIAN_POINT('',(1.489404610688E1,-2.951303021499E0,3.332423026312E0));
#3703=CARTESIAN_POINT('',(1.489551437660E1,-2.955337059400E0,3.331097801174E0));
#3704=CARTESIAN_POINT('',(1.489845091604E1,-2.962377183658E0,3.328785044111E0));
#3705=CARTESIAN_POINT('',(1.490432399492E1,-2.974107105871E0,3.324931637631E0));
#3706=CARTESIAN_POINT('',(1.491166534352E1,-2.985821624488E0,3.321083291399E0));
#3707=CARTESIAN_POINT('',(1.492047496184E1,-2.997187770157E0,3.317349389453E0));
#3708=CARTESIAN_POINT('',(1.492928458016E1,-3.006654068918E0,3.314239607791E0));
#3709=CARTESIAN_POINT('',(1.493809419848E1,-3.014688710827E0,3.311600140910E0));
#3710=CARTESIAN_POINT('',(1.494984035624E1,-3.023857491043E0,3.308588097312E0));
#3711=CARTESIAN_POINT('',(1.496452305344E1,-3.032907137175E0,3.305615190551E0));
#3712=CARTESIAN_POINT('',(1.498214229008E1,-3.040797300072E0,3.303023186590E0));
#3713=CARTESIAN_POINT('',(1.500563460560E1,-3.047965385368E0,3.300668392941E0));
#3714=CARTESIAN_POINT('',(1.5035E1,-3.051356409755E0,3.299554404706E0));
#3715=CARTESIAN_POINT('',(1.506436539440E1,-3.047965385368E0,3.300668392941E0));
#3716=CARTESIAN_POINT('',(1.508785770992E1,-3.040797300072E0,3.303023186590E0));
#3717=CARTESIAN_POINT('',(1.510547694656E1,-3.032907137175E0,3.305615190551E0));
#3718=CARTESIAN_POINT('',(1.512015964376E1,-3.023857491043E0,3.308588097312E0));
#3719=CARTESIAN_POINT('',(1.513190580152E1,-3.014688710827E0,3.311600140910E0));
#3720=CARTESIAN_POINT('',(1.514071541984E1,-3.006654068918E0,3.314239607791E0));
#3721=CARTESIAN_POINT('',(1.514952503816E1,-2.997187770157E0,3.317349389453E0));
#3722=CARTESIAN_POINT('',(1.515833465648E1,-2.985821624488E0,3.321083291399E0));
#3723=CARTESIAN_POINT('',(1.516567600508E1,-2.974107105871E0,3.324931637631E0));
#3724=CARTESIAN_POINT('',(1.517154908396E1,-2.962377183658E0,3.328785044111E0));
#3725=CARTESIAN_POINT('',(1.517448562340E1,-2.955337059400E0,3.331097801174E0));
#3726=CARTESIAN_POINT('',(1.517595389312E1,-2.951303021499E0,3.332423026312E0));
#3728=DIRECTION('',(0.E0,0.E0,-1.E0));
#3729=VECTOR('',#3728,3.148460526245E-1);
#3730=CARTESIAN_POINT('',(1.517595389312E1,-2.951303021499E0,3.332423026312E0));
#3731=LINE('955',#3730,#3729);
#3732=DIRECTION('',(-3.268030438306E-1,8.978839835336E-1,-2.949646125503E-1));
#3733=VECTOR('',#3732,5.172721309467E-1);
#3734=CARTESIAN_POINT('',(1.489404610688E1,-2.951303021499E0,3.017576973688E0));
#3735=LINE('947',#3734,#3733);
#3736=DIRECTION('',(-3.268030438306E-1,8.978839835336E-1,2.949646125503E-1));
#3737=VECTOR('',#3736,5.172721309467E-1);
#3738=CARTESIAN_POINT('',(1.489404610688E1,-2.951303021499E0,3.332423026312E0));
#3739=LINE('948',#3738,#3737);
#3740=DIRECTION('',(0.E0,0.E0,-1.E0));
#3741=VECTOR('',#3740,3.148460526245E-1);
#3742=CARTESIAN_POINT('',(1.489404610688E1,-2.951303021499E0,3.332423026312E0));
#3743=LINE('956',#3742,#3741);
#3744=DIRECTION('',(0.E0,0.E0,1.E0));
#3745=VECTOR('',#3744,6.2E-1);
#3746=CARTESIAN_POINT('',(1.7265E1,6.8E-1,5.405E0));
#3747=LINE('789',#3746,#3745);
#3748=CARTESIAN_POINT('',(1.6965E1,3.8E-1,5.105E0));
#3749=CARTESIAN_POINT('',(1.699005174828E1,3.8E-1,5.130051748276E0));
#3750=CARTESIAN_POINT('',(1.703800831921E1,3.861516481816E-1,5.178008319214E0));
#3751=CARTESIAN_POINT('',(1.710288259588E1,4.108284809101E-1,5.242882595879E0));
#3752=CARTESIAN_POINT('',(1.715563760984E1,4.457018576518E-1,5.295637609841E0));
#3753=CARTESIAN_POINT('',(1.719786646278E1,4.879248700055E-1,5.337866462784E0));
#3754=CARTESIAN_POINT('',(1.722923891270E1,5.345329747632E-1,5.369238912697E0));
#3755=CARTESIAN_POINT('',(1.725035466665E1,5.828415657856E-1,5.390354666653E0));
#3756=CARTESIAN_POINT('',(1.726239084356E1,6.313263037052E-1,5.402390843562E0));
#3757=CARTESIAN_POINT('',(1.7265E1,6.639412213197E-1,5.405E0));
#3758=CARTESIAN_POINT('',(1.7265E1,6.8E-1,5.405E0));
#3760=DIRECTION('',(0.E0,0.E0,1.E0));
#3761=VECTOR('',#3760,1.22E0);
#3762=CARTESIAN_POINT('',(1.6965E1,3.8E-1,5.105E0));
#3763=LINE('511',#3762,#3761);
#3764=CARTESIAN_POINT('',(1.6965E1,3.8E-1,6.325E0));
#3765=CARTESIAN_POINT('',(1.699005174828E1,3.8E-1,6.299948251724E0));
#3766=CARTESIAN_POINT('',(1.703800831921E1,3.861516481816E-1,6.251991680786E0));
#3767=CARTESIAN_POINT('',(1.710288259588E1,4.108284809101E-1,6.187117404121E0));
#3768=CARTESIAN_POINT('',(1.715563760984E1,4.457018576518E-1,6.134362390159E0));
#3769=CARTESIAN_POINT('',(1.719786646278E1,4.879248700055E-1,6.092133537216E0));
#3770=CARTESIAN_POINT('',(1.722923891270E1,5.345329747632E-1,6.060761087303E0));
#3771=CARTESIAN_POINT('',(1.725035466665E1,5.828415657856E-1,6.039645333347E0));
#3772=CARTESIAN_POINT('',(1.726239084356E1,6.313263037052E-1,6.027609156438E0));
#3773=CARTESIAN_POINT('',(1.7265E1,6.639412213197E-1,6.025E0));
#3774=CARTESIAN_POINT('',(1.7265E1,6.8E-1,6.025E0));
#3776=DIRECTION('',(0.E0,0.E0,1.E0));
#3777=VECTOR('',#3776,6.2E-1);
#3778=CARTESIAN_POINT('',(1.7265E1,-2.486852659994E0,5.405E0));
#3779=LINE('774',#3778,#3777);
#3780=DIRECTION('',(1.E0,0.E0,0.E0));
#3781=VECTOR('',#3780,6.2E-1);
#3782=CARTESIAN_POINT('',(1.7265E1,-2.486852659994E0,6.025E0));
#3783=LINE('782',#3782,#3781);
#3784=DIRECTION('',(0.E0,1.E0,0.E0));
#3785=VECTOR('',#3784,3.166852659994E0);
#3786=CARTESIAN_POINT('',(1.7265E1,-2.486852659994E0,6.025E0));
#3787=LINE('797',#3786,#3785);
#3788=DIRECTION('',(1.E0,0.E0,0.E0));
#3789=VECTOR('',#3788,6.2E-1);
#3790=CARTESIAN_POINT('',(1.7265E1,6.8E-1,6.025E0));
#3791=LINE('790',#3790,#3789);
#3792=DIRECTION('',(1.E0,0.E0,0.E0));
#3793=VECTOR('',#3792,1.22E0);
#3794=CARTESIAN_POINT('',(1.6965E1,3.8E-1,6.325E0));
#3795=LINE('512',#3794,#3793);
#3796=CARTESIAN_POINT('',(1.8185E1,3.8E-1,6.325E0));
#3797=CARTESIAN_POINT('',(1.815994825172E1,3.8E-1,6.299948251724E0));
#3798=CARTESIAN_POINT('',(1.811199168079E1,3.861516481816E-1,6.251991680786E0));
#3799=CARTESIAN_POINT('',(1.804711740412E1,4.108284809101E-1,6.187117404121E0));
#3800=CARTESIAN_POINT('',(1.799436239016E1,4.457018576518E-1,6.134362390159E0));
#3801=CARTESIAN_POINT('',(1.795213353722E1,4.879248700055E-1,6.092133537216E0));
#3802=CARTESIAN_POINT('',(1.792076108730E1,5.345329747632E-1,6.060761087303E0));
#3803=CARTESIAN_POINT('',(1.789964533335E1,5.828415657856E-1,6.039645333347E0));
#3804=CARTESIAN_POINT('',(1.788760915644E1,6.313263037052E-1,6.027609156438E0));
#3805=CARTESIAN_POINT('',(1.7885E1,6.639412213197E-1,6.025E0));
#3806=CARTESIAN_POINT('',(1.7885E1,6.8E-1,6.025E0));
#3808=DIRECTION('',(0.E0,0.E0,-1.E0));
#3809=VECTOR('',#3808,6.2E-1);
#3810=CARTESIAN_POINT('',(1.7885E1,6.8E-1,6.025E0));
#3811=LINE('791',#3810,#3809);
#3812=DIRECTION('',(0.E0,0.E0,-1.E0));
#3813=VECTOR('',#3812,1.22E0);
#3814=CARTESIAN_POINT('',(1.8185E1,3.8E-1,6.325E0));
#3815=LINE('513',#3814,#3813);
#3816=CARTESIAN_POINT('',(1.8185E1,3.8E-1,5.105E0));
#3817=CARTESIAN_POINT('',(1.815994825172E1,3.8E-1,5.130051748276E0));
#3818=CARTESIAN_POINT('',(1.811199168079E1,3.861516481816E-1,5.178008319214E0));
#3819=CARTESIAN_POINT('',(1.804711740412E1,4.108284809101E-1,5.242882595879E0));
#3820=CARTESIAN_POINT('',(1.799436239016E1,4.457018576518E-1,5.295637609841E0));
#3821=CARTESIAN_POINT('',(1.795213353722E1,4.879248700055E-1,5.337866462784E0));
#3822=CARTESIAN_POINT('',(1.792076108730E1,5.345329747632E-1,5.369238912697E0));
#3823=CARTESIAN_POINT('',(1.789964533335E1,5.828415657856E-1,5.390354666653E0));
#3824=CARTESIAN_POINT('',(1.788760915644E1,6.313263037052E-1,5.402390843562E0));
#3825=CARTESIAN_POINT('',(1.7885E1,6.639412213197E-1,5.405E0));
#3826=CARTESIAN_POINT('',(1.7885E1,6.8E-1,5.405E0));
#3828=DIRECTION('',(0.E0,1.E0,0.E0));
#3829=VECTOR('',#3828,3.166852659994E0);
#3830=CARTESIAN_POINT('',(1.7885E1,-2.486852659994E0,5.405E0));
#3831=LINE('803',#3830,#3829);
#3832=DIRECTION('',(0.E0,0.E0,1.E0));
#3833=VECTOR('',#3832,6.2E-1);
#3834=CARTESIAN_POINT('',(1.7885E1,-2.486852659994E0,5.405E0));
#3835=LINE('776',#3834,#3833);
#3836=DIRECTION('',(0.E0,1.E0,0.E0));
#3837=VECTOR('',#3836,3.166852659994E0);
#3838=CARTESIAN_POINT('',(1.7885E1,-2.486852659994E0,6.025E0));
#3839=LINE('799',#3838,#3837);
#3840=DIRECTION('',(0.E0,1.E0,0.E0));
#3841=VECTOR('',#3840,3.166852659994E0);
#3842=CARTESIAN_POINT('',(1.7265E1,-2.486852659994E0,5.405E0));
#3843=LINE('801',#3842,#3841);
#3844=DIRECTION('',(1.E0,0.E0,0.E0));
#3845=VECTOR('',#3844,6.2E-1);
#3846=CARTESIAN_POINT('',(1.7265E1,-2.486852659994E0,5.405E0));
#3847=LINE('784',#3846,#3845);
#3848=DIRECTION('',(-1.E0,0.E0,0.E0));
#3849=VECTOR('',#3848,6.2E-1);
#3850=CARTESIAN_POINT('',(1.7885E1,6.8E-1,5.405E0));
#3851=LINE('792',#3850,#3849);
#3852=DIRECTION('',(-1.E0,0.E0,0.E0));
#3853=VECTOR('',#3852,1.22E0);
#3854=CARTESIAN_POINT('',(1.8185E1,3.8E-1,5.105E0));
#3855=LINE('514',#3854,#3853);
#3856=DIRECTION('',(2.949646125503E-1,8.978839835336E-1,-3.268030438306E-1));
#3857=VECTOR('',#3856,5.172721309467E-1);
#3858=CARTESIAN_POINT('',(1.773242302631E1,-2.951303021499E0,5.574046106882E0));
#3859=LINE('771',#3858,#3857);
#3860=DIRECTION('',(-2.949646125502E-1,8.978839835336E-1,-3.268030438306E-1));
#3861=VECTOR('',#3860,5.172721309467E-1);
#3862=CARTESIAN_POINT('',(1.741757697369E1,-2.951303021499E0,5.574046106882E0));
#3863=LINE('772',#3862,#3861);
#3864=DIRECTION('',(1.E0,0.E0,0.E0));
#3865=VECTOR('',#3864,3.148460526245E-1);
#3866=CARTESIAN_POINT('',(1.741757697369E1,-2.951303021499E0,5.574046106882E0));
#3867=LINE('780',#3866,#3865);
#3868=DIRECTION('',(-2.949646125502E-1,-8.978839835336E-1,-3.268030438306E-1));
#3869=VECTOR('',#3868,5.172721309467E-1);
#3870=CARTESIAN_POINT('',(1.7885E1,-2.486852659994E0,6.025E0));
#3871=LINE('767',#3870,#3869);
#3872=DIRECTION('',(2.949646125502E-1,-8.978839835336E-1,-3.268030438306E-1));
#3873=VECTOR('',#3872,5.172721309467E-1);
#3874=CARTESIAN_POINT('',(1.7265E1,-2.486852659994E0,6.025E0));
#3875=LINE('768',#3874,#3873);
#3876=CARTESIAN_POINT('',(1.773242302631E1,-2.951303021499E0,5.855953893118E0));
#3877=CARTESIAN_POINT('',(1.773109780117E1,-2.955337059400E0,5.854485623398E0));
#3878=CARTESIAN_POINT('',(1.772878504411E1,-2.962377183658E0,5.851549083958E0));
#3879=CARTESIAN_POINT('',(1.772493163763E1,-2.974107105871E0,5.845676005078E0));
#3880=CARTESIAN_POINT('',(1.772108329140E1,-2.985821624488E0,5.838334656478E0));
#3881=CARTESIAN_POINT('',(1.771734938945E1,-2.997187770157E0,5.829525038158E0));
#3882=CARTESIAN_POINT('',(1.771423960779E1,-3.006654068918E0,5.820715419838E0));
#3883=CARTESIAN_POINT('',(1.771160014091E1,-3.014688710827E0,5.811905801519E0));
#3884=CARTESIAN_POINT('',(1.770858809731E1,-3.023857491043E0,5.800159643759E0));
#3885=CARTESIAN_POINT('',(1.770561519055E1,-3.032907137175E0,5.785476946559E0));
#3886=CARTESIAN_POINT('',(1.770302318659E1,-3.040797300072E0,5.767857709919E0));
#3887=CARTESIAN_POINT('',(1.770066839294E1,-3.047965385368E0,5.744365394400E0));
#3888=CARTESIAN_POINT('',(1.769955440471E1,-3.051356409755E0,5.715E0));
#3889=CARTESIAN_POINT('',(1.770066839294E1,-3.047965385368E0,5.685634605600E0));
#3890=CARTESIAN_POINT('',(1.770302318659E1,-3.040797300072E0,5.662142290081E0));
#3891=CARTESIAN_POINT('',(1.770561519055E1,-3.032907137175E0,5.644523053441E0));
#3892=CARTESIAN_POINT('',(1.770858809731E1,-3.023857491043E0,5.629840356241E0));
#3893=CARTESIAN_POINT('',(1.771160014091E1,-3.014688710827E0,5.618094198481E0));
#3894=CARTESIAN_POINT('',(1.771423960779E1,-3.006654068918E0,5.609284580162E0));
#3895=CARTESIAN_POINT('',(1.771734938945E1,-2.997187770157E0,5.600474961842E0));
#3896=CARTESIAN_POINT('',(1.772108329140E1,-2.985821624488E0,5.591665343522E0));
#3897=CARTESIAN_POINT('',(1.772493163763E1,-2.974107105871E0,5.584323994922E0));
#3898=CARTESIAN_POINT('',(1.772878504411E1,-2.962377183658E0,5.578450916042E0));
#3899=CARTESIAN_POINT('',(1.773109780117E1,-2.955337059400E0,5.575514376602E0));
#3900=CARTESIAN_POINT('',(1.773242302631E1,-2.951303021499E0,5.574046106882E0));
#3902=CARTESIAN_POINT('',(1.741757697369E1,-2.951303021499E0,5.574046106882E0));
#3903=CARTESIAN_POINT('',(1.741890219883E1,-2.955337059400E0,5.575514376602E0));
#3904=CARTESIAN_POINT('',(1.742121495589E1,-2.962377183658E0,5.578450916042E0));
#3905=CARTESIAN_POINT('',(1.742506836237E1,-2.974107105871E0,5.584323994922E0));
#3906=CARTESIAN_POINT('',(1.742891670860E1,-2.985821624488E0,5.591665343522E0));
#3907=CARTESIAN_POINT('',(1.743265061055E1,-2.997187770157E0,5.600474961842E0));
#3908=CARTESIAN_POINT('',(1.743576039221E1,-3.006654068918E0,5.609284580162E0));
#3909=CARTESIAN_POINT('',(1.743839985909E1,-3.014688710827E0,5.618094198481E0));
#3910=CARTESIAN_POINT('',(1.744141190269E1,-3.023857491043E0,5.629840356241E0));
#3911=CARTESIAN_POINT('',(1.744438480945E1,-3.032907137175E0,5.644523053441E0));
#3912=CARTESIAN_POINT('',(1.744697681341E1,-3.040797300072E0,5.662142290081E0));
#3913=CARTESIAN_POINT('',(1.744933160706E1,-3.047965385368E0,5.685634605600E0));
#3914=CARTESIAN_POINT('',(1.745044559529E1,-3.051356409755E0,5.715E0));
#3915=CARTESIAN_POINT('',(1.744933160706E1,-3.047965385368E0,5.744365394400E0));
#3916=CARTESIAN_POINT('',(1.744697681341E1,-3.040797300072E0,5.767857709919E0));
#3917=CARTESIAN_POINT('',(1.744438480945E1,-3.032907137175E0,5.785476946559E0));
#3918=CARTESIAN_POINT('',(1.744141190269E1,-3.023857491043E0,5.800159643759E0));
#3919=CARTESIAN_POINT('',(1.743839985909E1,-3.014688710827E0,5.811905801519E0));
#3920=CARTESIAN_POINT('',(1.743576039221E1,-3.006654068918E0,5.820715419838E0));
#3921=CARTESIAN_POINT('',(1.743265061055E1,-2.997187770157E0,5.829525038158E0));
#3922=CARTESIAN_POINT('',(1.742891670860E1,-2.985821624488E0,5.838334656478E0));
#3923=CARTESIAN_POINT('',(1.742506836237E1,-2.974107105871E0,5.845676005078E0));
#3924=CARTESIAN_POINT('',(1.742121495589E1,-2.962377183658E0,5.851549083958E0));
#3925=CARTESIAN_POINT('',(1.741890219883E1,-2.955337059400E0,5.854485623398E0));
#3926=CARTESIAN_POINT('',(1.741757697369E1,-2.951303021499E0,5.855953893118E0));
#3928=DIRECTION('',(1.E0,0.E0,0.E0));
#3929=VECTOR('',#3928,3.148460526245E-1);
#3930=CARTESIAN_POINT('',(1.741757697369E1,-2.951303021499E0,5.855953893118E0));
#3931=LINE('779',#3930,#3929);
#3932=DIRECTION('',(0.E0,0.E0,1.E0));
#3933=VECTOR('',#3932,6.2E-1);
#3934=CARTESIAN_POINT('',(1.7265E1,6.8E-1,2.865E0));
#3935=LINE('1009',#3934,#3933);
#3936=CARTESIAN_POINT('',(1.6965E1,3.8E-1,2.565E0));
#3937=CARTESIAN_POINT('',(1.699005174828E1,3.8E-1,2.590051748276E0));
#3938=CARTESIAN_POINT('',(1.703800831921E1,3.861516481816E-1,2.638008319214E0));
#3939=CARTESIAN_POINT('',(1.710288259588E1,4.108284809101E-1,2.702882595879E0));
#3940=CARTESIAN_POINT('',(1.715563760984E1,4.457018576518E-1,2.755637609841E0));
#3941=CARTESIAN_POINT('',(1.719786646278E1,4.879248700055E-1,2.797866462784E0));
#3942=CARTESIAN_POINT('',(1.722923891270E1,5.345329747632E-1,2.829238912697E0));
#3943=CARTESIAN_POINT('',(1.725035466665E1,5.828415657856E-1,2.850354666653E0));
#3944=CARTESIAN_POINT('',(1.726239084356E1,6.313263037052E-1,2.862390843562E0));
#3945=CARTESIAN_POINT('',(1.7265E1,6.639412213197E-1,2.865E0));
#3946=CARTESIAN_POINT('',(1.7265E1,6.8E-1,2.865E0));
#3948=DIRECTION('',(0.E0,0.E0,1.E0));
#3949=VECTOR('',#3948,1.22E0);
#3950=CARTESIAN_POINT('',(1.6965E1,3.8E-1,2.565E0));
#3951=LINE('515',#3950,#3949);
#3952=CARTESIAN_POINT('',(1.6965E1,3.8E-1,3.785E0));
#3953=CARTESIAN_POINT('',(1.699005174828E1,3.8E-1,3.759948251724E0));
#3954=CARTESIAN_POINT('',(1.703800831921E1,3.861516481816E-1,3.711991680786E0));
#3955=CARTESIAN_POINT('',(1.710288259588E1,4.108284809101E-1,3.647117404121E0));
#3956=CARTESIAN_POINT('',(1.715563760984E1,4.457018576518E-1,3.594362390159E0));
#3957=CARTESIAN_POINT('',(1.719786646278E1,4.879248700055E-1,3.552133537216E0));
#3958=CARTESIAN_POINT('',(1.722923891270E1,5.345329747632E-1,3.520761087303E0));
#3959=CARTESIAN_POINT('',(1.725035466665E1,5.828415657856E-1,3.499645333347E0));
#3960=CARTESIAN_POINT('',(1.726239084356E1,6.313263037052E-1,3.487609156438E0));
#3961=CARTESIAN_POINT('',(1.7265E1,6.639412213197E-1,3.485E0));
#3962=CARTESIAN_POINT('',(1.7265E1,6.8E-1,3.485E0));
#3964=DIRECTION('',(0.E0,1.E0,0.E0));
#3965=VECTOR('',#3964,3.166852659994E0);
#3966=CARTESIAN_POINT('',(1.7265E1,-2.486852659994E0,3.485E0));
#3967=LINE('1021',#3966,#3965);
#3968=DIRECTION('',(0.E0,0.E0,-1.E0));
#3969=VECTOR('',#3968,6.2E-1);
#3970=CARTESIAN_POINT('',(1.7265E1,-2.486852659994E0,3.485E0));
#3971=LINE('1004',#3970,#3969);
#3972=DIRECTION('',(1.E0,0.E0,0.E0));
#3973=VECTOR('',#3972,6.2E-1);
#3974=CARTESIAN_POINT('',(1.7265E1,-2.486852659994E0,3.485E0));
#3975=LINE('994',#3974,#3973);
#3976=DIRECTION('',(1.E0,0.E0,0.E0));
#3977=VECTOR('',#3976,6.2E-1);
#3978=CARTESIAN_POINT('',(1.7265E1,6.8E-1,3.485E0));
#3979=LINE('1010',#3978,#3977);
#3980=DIRECTION('',(1.E0,0.E0,0.E0));
#3981=VECTOR('',#3980,1.22E0);
#3982=CARTESIAN_POINT('',(1.6965E1,3.8E-1,3.785E0));
#3983=LINE('516',#3982,#3981);
#3984=CARTESIAN_POINT('',(1.8185E1,3.8E-1,3.785E0));
#3985=CARTESIAN_POINT('',(1.815994825172E1,3.8E-1,3.759948251724E0));
#3986=CARTESIAN_POINT('',(1.811199168079E1,3.861516481816E-1,3.711991680786E0));
#3987=CARTESIAN_POINT('',(1.804711740412E1,4.108284809101E-1,3.647117404121E0));
#3988=CARTESIAN_POINT('',(1.799436239016E1,4.457018576518E-1,3.594362390159E0));
#3989=CARTESIAN_POINT('',(1.795213353722E1,4.879248700055E-1,3.552133537216E0));
#3990=CARTESIAN_POINT('',(1.792076108730E1,5.345329747632E-1,3.520761087303E0));
#3991=CARTESIAN_POINT('',(1.789964533335E1,5.828415657856E-1,3.499645333347E0));
#3992=CARTESIAN_POINT('',(1.788760915644E1,6.313263037052E-1,3.487609156438E0));
#3993=CARTESIAN_POINT('',(1.7885E1,6.639412213197E-1,3.485E0));
#3994=CARTESIAN_POINT('',(1.7885E1,6.8E-1,3.485E0));
#3996=DIRECTION('',(0.E0,0.E0,-1.E0));
#3997=VECTOR('',#3996,6.2E-1);
#3998=CARTESIAN_POINT('',(1.7885E1,6.8E-1,3.485E0));
#3999=LINE('1011',#3998,#3997);
#4000=DIRECTION('',(0.E0,0.E0,-1.E0));
#4001=VECTOR('',#4000,1.22E0);
#4002=CARTESIAN_POINT('',(1.8185E1,3.8E-1,3.785E0));
#4003=LINE('517',#4002,#4001);
#4004=CARTESIAN_POINT('',(1.8185E1,3.8E-1,2.565E0));
#4005=CARTESIAN_POINT('',(1.815994825172E1,3.8E-1,2.590051748276E0));
#4006=CARTESIAN_POINT('',(1.811199168079E1,3.861516481816E-1,2.638008319214E0));
#4007=CARTESIAN_POINT('',(1.804711740412E1,4.108284809101E-1,2.702882595879E0));
#4008=CARTESIAN_POINT('',(1.799436239016E1,4.457018576518E-1,2.755637609841E0));
#4009=CARTESIAN_POINT('',(1.795213353722E1,4.879248700055E-1,2.797866462784E0));
#4010=CARTESIAN_POINT('',(1.792076108730E1,5.345329747632E-1,2.829238912697E0));
#4011=CARTESIAN_POINT('',(1.789964533335E1,5.828415657856E-1,2.850354666653E0));
#4012=CARTESIAN_POINT('',(1.788760915644E1,6.313263037052E-1,2.862390843562E0));
#4013=CARTESIAN_POINT('',(1.7885E1,6.639412213197E-1,2.865E0));
#4014=CARTESIAN_POINT('',(1.7885E1,6.8E-1,2.865E0));
#4016=DIRECTION('',(0.E0,0.E0,-1.E0));
#4017=VECTOR('',#4016,6.2E-1);
#4018=CARTESIAN_POINT('',(1.7885E1,-2.486852659994E0,3.485E0));
#4019=LINE('1002',#4018,#4017);
#4020=DIRECTION('',(0.E0,1.E0,0.E0));
#4021=VECTOR('',#4020,3.166852659994E0);
#4022=CARTESIAN_POINT('',(1.7885E1,-2.486852659994E0,3.485E0));
#4023=LINE('1017',#4022,#4021);
#4024=DIRECTION('',(0.E0,1.E0,0.E0));
#4025=VECTOR('',#4024,3.166852659994E0);
#4026=CARTESIAN_POINT('',(1.7265E1,-2.486852659994E0,2.865E0));
#4027=LINE('1023',#4026,#4025);
#4028=DIRECTION('',(1.E0,0.E0,0.E0));
#4029=VECTOR('',#4028,6.2E-1);
#4030=CARTESIAN_POINT('',(1.7265E1,-2.486852659994E0,2.865E0));
#4031=LINE('996',#4030,#4029);
#4032=DIRECTION('',(0.E0,1.E0,0.E0));
#4033=VECTOR('',#4032,3.166852659994E0);
#4034=CARTESIAN_POINT('',(1.7885E1,-2.486852659994E0,2.865E0));
#4035=LINE('1019',#4034,#4033);
#4036=DIRECTION('',(-1.E0,0.E0,0.E0));
#4037=VECTOR('',#4036,6.2E-1);
#4038=CARTESIAN_POINT('',(1.7885E1,6.8E-1,2.865E0));
#4039=LINE('1012',#4038,#4037);
#4040=DIRECTION('',(-1.E0,0.E0,0.E0));
#4041=VECTOR('',#4040,1.22E0);
#4042=CARTESIAN_POINT('',(1.8185E1,3.8E-1,2.565E0));
#4043=LINE('518',#4042,#4041);
#4044=DIRECTION('',(-3.268030438306E-1,-8.978839835336E-1,2.949646125503E-1));
#4045=VECTOR('',#4044,5.172721309467E-1);
#4046=CARTESIAN_POINT('',(1.7885E1,-2.486852659994E0,2.865E0));
#4047=LINE('987',#4046,#4045);
#4048=DIRECTION('',(-3.268030438306E-1,-8.978839835336E-1,-2.949646125503E-1));
#4049=VECTOR('',#4048,5.172721309467E-1);
#4050=CARTESIAN_POINT('',(1.7885E1,-2.486852659994E0,3.485E0));
#4051=LINE('988',#4050,#4049);
#4052=CARTESIAN_POINT('',(1.771595389312E1,-2.951303021499E0,3.017576973688E0));
#4053=CARTESIAN_POINT('',(1.771448562340E1,-2.955337059400E0,3.018902198826E0));
#4054=CARTESIAN_POINT('',(1.771154908396E1,-2.962377183658E0,3.021214955889E0));
#4055=CARTESIAN_POINT('',(1.770567600508E1,-2.974107105871E0,3.025068362369E0));
#4056=CARTESIAN_POINT('',(1.769833465648E1,-2.985821624488E0,3.028916708601E0));
#4057=CARTESIAN_POINT('',(1.768952503816E1,-2.997187770157E0,3.032650610547E0));
#4058=CARTESIAN_POINT('',(1.768071541984E1,-3.006654068918E0,3.035760392209E0));
#4059=CARTESIAN_POINT('',(1.767190580152E1,-3.014688710827E0,3.038399859090E0));
#4060=CARTESIAN_POINT('',(1.766015964376E1,-3.023857491043E0,3.041411902688E0));
#4061=CARTESIAN_POINT('',(1.764547694656E1,-3.032907137175E0,3.044384809449E0));
#4062=CARTESIAN_POINT('',(1.762785770992E1,-3.040797300072E0,3.046976813410E0));
#4063=CARTESIAN_POINT('',(1.760436539440E1,-3.047965385368E0,3.049331607059E0));
#4064=CARTESIAN_POINT('',(1.7575E1,-3.051356409755E0,3.050445595294E0));
#4065=CARTESIAN_POINT('',(1.754563460560E1,-3.047965385368E0,3.049331607059E0));
#4066=CARTESIAN_POINT('',(1.752214229008E1,-3.040797300072E0,3.046976813410E0));
#4067=CARTESIAN_POINT('',(1.750452305344E1,-3.032907137175E0,3.044384809449E0));
#4068=CARTESIAN_POINT('',(1.748984035624E1,-3.023857491043E0,3.041411902688E0));
#4069=CARTESIAN_POINT('',(1.747809419848E1,-3.014688710827E0,3.038399859090E0));
#4070=CARTESIAN_POINT('',(1.746928458016E1,-3.006654068918E0,3.035760392209E0));
#4071=CARTESIAN_POINT('',(1.746047496184E1,-2.997187770157E0,3.032650610547E0));
#4072=CARTESIAN_POINT('',(1.745166534352E1,-2.985821624488E0,3.028916708601E0));
#4073=CARTESIAN_POINT('',(1.744432399492E1,-2.974107105871E0,3.025068362369E0));
#4074=CARTESIAN_POINT('',(1.743845091604E1,-2.962377183658E0,3.021214955889E0));
#4075=CARTESIAN_POINT('',(1.743551437660E1,-2.955337059400E0,3.018902198826E0));
#4076=CARTESIAN_POINT('',(1.743404610688E1,-2.951303021499E0,3.017576973688E0));
#4078=CARTESIAN_POINT('',(1.743404610688E1,-2.951303021499E0,3.332423026312E0));
#4079=CARTESIAN_POINT('',(1.743551437660E1,-2.955337059400E0,3.331097801174E0));
#4080=CARTESIAN_POINT('',(1.743845091604E1,-2.962377183658E0,3.328785044111E0));
#4081=CARTESIAN_POINT('',(1.744432399492E1,-2.974107105871E0,3.324931637631E0));
#4082=CARTESIAN_POINT('',(1.745166534352E1,-2.985821624488E0,3.321083291399E0));
#4083=CARTESIAN_POINT('',(1.746047496184E1,-2.997187770157E0,3.317349389453E0));
#4084=CARTESIAN_POINT('',(1.746928458016E1,-3.006654068918E0,3.314239607791E0));
#4085=CARTESIAN_POINT('',(1.747809419848E1,-3.014688710827E0,3.311600140910E0));
#4086=CARTESIAN_POINT('',(1.748984035624E1,-3.023857491043E0,3.308588097312E0));
#4087=CARTESIAN_POINT('',(1.750452305344E1,-3.032907137175E0,3.305615190551E0));
#4088=CARTESIAN_POINT('',(1.752214229008E1,-3.040797300072E0,3.303023186590E0));
#4089=CARTESIAN_POINT('',(1.754563460560E1,-3.047965385368E0,3.300668392941E0));
#4090=CARTESIAN_POINT('',(1.7575E1,-3.051356409755E0,3.299554404706E0));
#4091=CARTESIAN_POINT('',(1.760436539440E1,-3.047965385368E0,3.300668392941E0));
#4092=CARTESIAN_POINT('',(1.762785770992E1,-3.040797300072E0,3.303023186590E0));
#4093=CARTESIAN_POINT('',(1.764547694656E1,-3.032907137175E0,3.305615190551E0));
#4094=CARTESIAN_POINT('',(1.766015964376E1,-3.023857491043E0,3.308588097312E0));
#4095=CARTESIAN_POINT('',(1.767190580152E1,-3.014688710827E0,3.311600140910E0));
#4096=CARTESIAN_POINT('',(1.768071541984E1,-3.006654068918E0,3.314239607791E0));
#4097=CARTESIAN_POINT('',(1.768952503816E1,-2.997187770157E0,3.317349389453E0));
#4098=CARTESIAN_POINT('',(1.769833465648E1,-2.985821624488E0,3.321083291399E0));
#4099=CARTESIAN_POINT('',(1.770567600508E1,-2.974107105871E0,3.324931637631E0));
#4100=CARTESIAN_POINT('',(1.771154908396E1,-2.962377183658E0,3.328785044111E0));
#4101=CARTESIAN_POINT('',(1.771448562340E1,-2.955337059400E0,3.331097801174E0));
#4102=CARTESIAN_POINT('',(1.771595389312E1,-2.951303021499E0,3.332423026312E0));
#4104=DIRECTION('',(0.E0,0.E0,-1.E0));
#4105=VECTOR('',#4104,3.148460526245E-1);
#4106=CARTESIAN_POINT('',(1.771595389312E1,-2.951303021499E0,3.332423026312E0));
#4107=LINE('999',#4106,#4105);
#4108=DIRECTION('',(-3.268030438306E-1,8.978839835336E-1,-2.949646125503E-1));
#4109=VECTOR('',#4108,5.172721309467E-1);
#4110=CARTESIAN_POINT('',(1.743404610688E1,-2.951303021499E0,3.017576973688E0));
#4111=LINE('991',#4110,#4109);
#4112=DIRECTION('',(-3.268030438306E-1,8.978839835336E-1,2.949646125503E-1));
#4113=VECTOR('',#4112,5.172721309467E-1);
#4114=CARTESIAN_POINT('',(1.743404610688E1,-2.951303021499E0,3.332423026312E0));
#4115=LINE('992',#4114,#4113);
#4116=DIRECTION('',(0.E0,0.E0,-1.E0));
#4117=VECTOR('',#4116,3.148460526245E-1);
#4118=CARTESIAN_POINT('',(1.743404610688E1,-2.951303021499E0,3.332423026312E0));
#4119=LINE('1000',#4118,#4117);
#4120=CARTESIAN_POINT('',(1.2495E1,3.8E-1,7.69E0));
#4121=DIRECTION('',(0.E0,0.E0,-1.E0));
#4122=DIRECTION('',(1.E0,0.E0,0.E0));
#4123=AXIS2_PLACEMENT_3D('',#4120,#4121,#4122);
#4125=CARTESIAN_POINT('',(1.2495E1,3.8E-1,7.69E0));
#4126=DIRECTION('',(0.E0,0.E0,1.E0));
#4127=DIRECTION('',(-1.E0,0.E0,0.E0));
#4128=AXIS2_PLACEMENT_3D('',#4125,#4126,#4127);
#4130=CARTESIAN_POINT('',(2.54E0,9.32E0,0.E0));
#4131=CARTESIAN_POINT('',(2.54E0,0.E0,0.E0));
#4132=VERTEX_POINT('',#4130);
#4133=VERTEX_POINT('',#4131);
#4134=CARTESIAN_POINT('',(3.56E0,0.E0,0.E0));
#4135=VERTEX_POINT('',#4134);
#4136=CARTESIAN_POINT('',(3.56E0,3.8E-1,0.E0));
#4137=VERTEX_POINT('',#4136);
#4138=CARTESIAN_POINT('',(2.143E1,3.8E-1,0.E0));
#4139=CARTESIAN_POINT('',(2.143E1,0.E0,0.E0));
#4140=VERTEX_POINT('',#4138);
#4141=VERTEX_POINT('',#4139);
#4142=CARTESIAN_POINT('',(2.245E1,0.E0,0.E0));
#4143=VERTEX_POINT('',#4142);
#4144=CARTESIAN_POINT('',(2.245E1,9.32E0,0.E0));
#4145=VERTEX_POINT('',#4144);
#4146=CARTESIAN_POINT('',(2.54E0,9.32E0,8.89E0));
#4147=CARTESIAN_POINT('',(2.54E0,0.E0,8.89E0));
#4148=VERTEX_POINT('',#4146);
#4149=VERTEX_POINT('',#4147);
#4150=CARTESIAN_POINT('',(3.56E0,0.E0,8.89E0));
#4151=VERTEX_POINT('',#4150);
#4152=CARTESIAN_POINT('',(3.56E0,3.8E-1,8.89E0));
#4153=VERTEX_POINT('',#4152);
#4154=CARTESIAN_POINT('',(2.143E1,3.8E-1,8.89E0));
#4155=CARTESIAN_POINT('',(2.143E1,0.E0,8.89E0));
#4156=VERTEX_POINT('',#4154);
#4157=VERTEX_POINT('',#4155);
#4158=CARTESIAN_POINT('',(2.245E1,0.E0,8.89E0));
#4159=VERTEX_POINT('',#4158);
#4160=CARTESIAN_POINT('',(2.245E1,9.32E0,8.89E0));
#4161=VERTEX_POINT('',#4160);
#4162=CARTESIAN_POINT('',(3.56E0,2.41E0,1.07E0));
#4163=CARTESIAN_POINT('',(5.59E0,2.41E0,1.07E0));
#4164=VERTEX_POINT('',#4162);
#4165=VERTEX_POINT('',#4163);
#4166=CARTESIAN_POINT('',(5.59E0,2.41E0,7.82E0));
#4167=VERTEX_POINT('',#4166);
#4168=CARTESIAN_POINT('',(3.56E0,2.41E0,7.82E0));
#4169=VERTEX_POINT('',#4168);
#4170=CARTESIAN_POINT('',(3.56E0,3.8E-1,1.07E0));
#4171=CARTESIAN_POINT('',(5.59E0,3.8E-1,1.07E0));
#4172=VERTEX_POINT('',#4170);
#4173=VERTEX_POINT('',#4171);
#4174=CARTESIAN_POINT('',(5.59E0,3.8E-1,7.82E0));
#4175=VERTEX_POINT('',#4174);
#4176=CARTESIAN_POINT('',(3.56E0,3.8E-1,7.82E0));
#4177=VERTEX_POINT('',#4176);
#4178=CARTESIAN_POINT('',(2.143E1,2.41E0,7.82E0));
#4179=CARTESIAN_POINT('',(1.94E1,2.41E0,7.82E0));
#4180=VERTEX_POINT('',#4178);
#4181=VERTEX_POINT('',#4179);
#4182=CARTESIAN_POINT('',(1.94E1,2.41E0,1.07E0));
#4183=VERTEX_POINT('',#4182);
#4184=CARTESIAN_POINT('',(2.143E1,2.41E0,1.07E0));
#4185=VERTEX_POINT('',#4184);
#4186=CARTESIAN_POINT('',(2.143E1,3.8E-1,7.82E0));
#4187=CARTESIAN_POINT('',(1.94E1,3.8E-1,7.82E0));
#4188=VERTEX_POINT('',#4186);
#4189=VERTEX_POINT('',#4187);
#4190=CARTESIAN_POINT('',(1.94E1,3.8E-1,1.07E0));
#4191=VERTEX_POINT('',#4190);
#4192=CARTESIAN_POINT('',(2.143E1,3.8E-1,1.07E0));
#4193=VERTEX_POINT('',#4192);
#4194=CARTESIAN_POINT('',(3.753492924747E0,2.92E0,1.27E0));
#4195=CARTESIAN_POINT('',(2.123650707525E1,2.92E0,1.27E0));
#4196=VERTEX_POINT('',#4194);
#4197=VERTEX_POINT('',#4195);
#4198=CARTESIAN_POINT('',(2.123650707525E1,2.92E0,7.62E0));
#4199=CARTESIAN_POINT('',(2.146E1,9.32E0,7.62E0));
#4200=VERTEX_POINT('',#4198);
#4201=VERTEX_POINT('',#4199);
#4202=CARTESIAN_POINT('',(3.53E0,9.32E0,7.62E0));
#4203=CARTESIAN_POINT('',(3.753492924747E0,2.92E0,7.62E0));
#4204=VERTEX_POINT('',#4202);
#4205=VERTEX_POINT('',#4203);
#4206=CARTESIAN_POINT('',(9.955E0,2.02E0,6.725E0));
#4207=CARTESIAN_POINT('',(1.0155E1,1.82E0,6.725E0));
#4208=VERTEX_POINT('',#4206);
#4209=VERTEX_POINT('',#4207);
#4210=CARTESIAN_POINT('',(1.4835E1,1.82E0,6.725E0));
#4211=VERTEX_POINT('',#4210);
#4212=CARTESIAN_POINT('',(1.5035E1,2.02E0,6.725E0));
#4213=VERTEX_POINT('',#4212);
#4214=CARTESIAN_POINT('',(9.955E0,9.32E0,8.89E0));
#4215=CARTESIAN_POINT('',(9.955E0,2.02E0,8.89E0));
#4216=VERTEX_POINT('',#4214);
#4217=VERTEX_POINT('',#4215);
#4218=CARTESIAN_POINT('',(1.0155E1,1.82E0,8.89E0));
#4219=VERTEX_POINT('',#4218);
#4220=CARTESIAN_POINT('',(9.955E0,9.32E0,7.62E0));
#4221=VERTEX_POINT('',#4220);
#4222=CARTESIAN_POINT('',(9.955E0,2.92E0,7.62E0));
#4223=VERTEX_POINT('',#4222);
#4224=CARTESIAN_POINT('',(9.955E0,2.92E0,6.725E0));
#4225=CARTESIAN_POINT('',(1.5035E1,2.92E0,6.725E0));
#4226=VERTEX_POINT('',#4224);
#4227=VERTEX_POINT('',#4225);
#4228=CARTESIAN_POINT('',(2.54E0,9.32E0,1.62E0));
#4229=CARTESIAN_POINT('',(2.54E0,8.32E0,1.62E0));
#4230=VERTEX_POINT('',#4228);
#4231=VERTEX_POINT('',#4229);
#4232=CARTESIAN_POINT('',(2.54E0,8.32E0,2.62E0));
#4233=VERTEX_POINT('',#4232);
#4234=CARTESIAN_POINT('',(2.54E0,9.32E0,2.62E0));
#4235=VERTEX_POINT('',#4234);
#4236=CARTESIAN_POINT('',(2.245E1,9.32E0,1.62E0));
#4237=CARTESIAN_POINT('',(2.245E1,8.32E0,1.62E0));
#4238=VERTEX_POINT('',#4236);
#4239=VERTEX_POINT('',#4237);
#4240=CARTESIAN_POINT('',(2.245E1,8.32E0,2.62E0));
#4241=VERTEX_POINT('',#4240);
#4242=CARTESIAN_POINT('',(2.245E1,9.32E0,2.62E0));
#4243=VERTEX_POINT('',#4242);
#4244=CARTESIAN_POINT('',(2.146E1,9.32E0,1.62E0));
#4245=VERTEX_POINT('',#4244);
#4246=CARTESIAN_POINT('',(3.53E0,9.32E0,1.62E0));
#4247=VERTEX_POINT('',#4246);
#4248=CARTESIAN_POINT('',(2.146E1,9.32E0,2.62E0));
#4249=VERTEX_POINT('',#4248);
#4250=CARTESIAN_POINT('',(3.53E0,9.32E0,2.62E0));
#4251=VERTEX_POINT('',#4250);
#4252=CARTESIAN_POINT('',(2.142507923051E1,8.32E0,1.62E0));
#4253=VERTEX_POINT('',#4252);
#4254=CARTESIAN_POINT('',(2.142507923051E1,8.32E0,2.62E0));
#4255=VERTEX_POINT('',#4254);
#4256=CARTESIAN_POINT('',(3.564920769492E0,8.32E0,1.62E0));
#4257=VERTEX_POINT('',#4256);
#4258=CARTESIAN_POINT('',(3.564920769492E0,8.32E0,2.62E0));
#4259=VERTEX_POINT('',#4258);
#4260=CARTESIAN_POINT('',(2.54E0,0.E0,6.17E0));
#4261=CARTESIAN_POINT('',(3.56E0,0.E0,6.17E0));
#4262=VERTEX_POINT('',#4260);
#4263=VERTEX_POINT('',#4261);
#4264=CARTESIAN_POINT('',(2.54E0,0.E0,2.E0));
#4265=CARTESIAN_POINT('',(3.56E0,0.E0,2.E0));
#4266=VERTEX_POINT('',#4264);
#4267=VERTEX_POINT('',#4265);
#4268=CARTESIAN_POINT('',(3.56E0,2.41E0,6.032993069182E0));
#4269=VERTEX_POINT('',#4268);
#4270=CARTESIAN_POINT('',(3.56E0,2.41E0,2.137006930818E0));
#4271=VERTEX_POINT('',#4270);
#4272=CARTESIAN_POINT('',(3.771302517188E0,2.41E0,2.137006930818E0));
#4273=CARTESIAN_POINT('',(3.771302517188E0,2.41E0,6.032993069182E0));
#4274=VERTEX_POINT('',#4272);
#4275=VERTEX_POINT('',#4273);
#4276=CARTESIAN_POINT('',(3.753492924747E0,2.92E0,2.166000098751E0));
#4277=CARTESIAN_POINT('',(3.753492924747E0,2.92E0,6.003999901249E0));
#4278=VERTEX_POINT('',#4276);
#4279=VERTEX_POINT('',#4277);
#4280=CARTESIAN_POINT('',(2.54E0,6.770042526092E0,5.785127490452E0));
#4281=VERTEX_POINT('',#4280);
#4282=CARTESIAN_POINT('',(2.54E0,6.770042526092E0,2.384872509548E0));
#4283=VERTEX_POINT('',#4282);
#4284=CARTESIAN_POINT('',(3.605503795365E0,7.157854192103E0,5.763080649748E0));
#4285=VERTEX_POINT('',#4284);
#4286=CARTESIAN_POINT('',(3.605503795365E0,7.157854192103E0,2.406919350252E0));
#4287=VERTEX_POINT('',#4286);
#4288=CARTESIAN_POINT('',(1.415E1,1.82E0,8.89E0));
#4289=CARTESIAN_POINT('',(1.415E1,3.8E-1,8.89E0));
#4290=VERTEX_POINT('',#4288);
#4291=VERTEX_POINT('',#4289);
#4292=CARTESIAN_POINT('',(1.846E1,9.32E0,8.89E0));
#4293=CARTESIAN_POINT('',(1.846E1,3.8E-1,8.89E0));
#4294=VERTEX_POINT('',#4292);
#4295=VERTEX_POINT('',#4293);
#4296=CARTESIAN_POINT('',(1.415E1,3.8E-1,7.62E0));
#4297=CARTESIAN_POINT('',(1.846E1,3.8E-1,7.62E0));
#4298=VERTEX_POINT('',#4296);
#4299=VERTEX_POINT('',#4297);
#4300=CARTESIAN_POINT('',(1.415E1,1.82E0,7.62E0));
#4301=VERTEX_POINT('',#4300);
#4302=CARTESIAN_POINT('',(1.5255E1,8.32E0,7.62E0));
#4303=CARTESIAN_POINT('',(1.5255E1,9.32E0,7.62E0));
#4304=VERTEX_POINT('',#4302);
#4305=VERTEX_POINT('',#4303);
#4306=CARTESIAN_POINT('',(1.415E1,9.32E0,7.62E0));
#4307=VERTEX_POINT('',#4306);
#4308=CARTESIAN_POINT('',(1.415E1,2.22E0,7.62E0));
#4309=VERTEX_POINT('',#4308);
#4310=CARTESIAN_POINT('',(1.558E1,4.595E0,7.62E0));
#4311=CARTESIAN_POINT('',(1.703E1,4.595E0,7.62E0));
#4312=VERTEX_POINT('',#4310);
#4313=VERTEX_POINT('',#4311);
#4314=CARTESIAN_POINT('',(1.7355E1,9.32E0,7.62E0));
#4315=CARTESIAN_POINT('',(1.7355E1,8.32E0,7.62E0));
#4316=VERTEX_POINT('',#4314);
#4317=VERTEX_POINT('',#4315);
#4318=CARTESIAN_POINT('',(1.5255E1,8.32E0,8.22E0));
#4319=CARTESIAN_POINT('',(1.5255E1,9.32E0,8.22E0));
#4320=VERTEX_POINT('',#4318);
#4321=VERTEX_POINT('',#4319);
#4322=CARTESIAN_POINT('',(1.415E1,9.32E0,8.22E0));
#4323=VERTEX_POINT('',#4322);
#4324=CARTESIAN_POINT('',(1.415E1,2.22E0,8.22E0));
#4325=VERTEX_POINT('',#4324);
#4326=CARTESIAN_POINT('',(1.558E1,2.22E0,8.22E0));
#4327=VERTEX_POINT('',#4326);
#4328=CARTESIAN_POINT('',(1.558E1,4.595E0,8.22E0));
#4329=VERTEX_POINT('',#4328);
#4330=CARTESIAN_POINT('',(1.703E1,4.595E0,8.22E0));
#4331=VERTEX_POINT('',#4330);
#4332=CARTESIAN_POINT('',(1.703E1,2.22E0,8.22E0));
#4333=VERTEX_POINT('',#4332);
#4334=CARTESIAN_POINT('',(1.7355E1,9.32E0,8.22E0));
#4335=CARTESIAN_POINT('',(1.7355E1,8.32E0,8.22E0));
#4336=VERTEX_POINT('',#4334);
#4337=VERTEX_POINT('',#4335);
#4338=CARTESIAN_POINT('',(1.5035E1,2.92E0,7.62E0));
#4339=CARTESIAN_POINT('',(1.558E1,2.92E0,7.62E0));
#4340=VERTEX_POINT('',#4338);
#4341=VERTEX_POINT('',#4339);
#4342=CARTESIAN_POINT('',(1.846E1,9.32E0,8.22E0));
#4343=CARTESIAN_POINT('',(1.846E1,2.22E0,8.22E0));
#4344=VERTEX_POINT('',#4342);
#4345=VERTEX_POINT('',#4343);
#4346=CARTESIAN_POINT('',(1.846E1,2.22E0,7.62E0));
#4347=VERTEX_POINT('',#4346);
#4348=CARTESIAN_POINT('',(1.5035E1,2.22E0,7.62E0));
#4349=CARTESIAN_POINT('',(1.558E1,2.22E0,7.62E0));
#4350=VERTEX_POINT('',#4348);
#4351=VERTEX_POINT('',#4349);
#4352=CARTESIAN_POINT('',(1.703E1,2.92E0,7.62E0));
#4353=CARTESIAN_POINT('',(1.703E1,2.22E0,7.62E0));
#4354=VERTEX_POINT('',#4352);
#4355=VERTEX_POINT('',#4353);
#4356=CARTESIAN_POINT('',(3.53E0,9.32E0,7.2E-1));
#4357=CARTESIAN_POINT('',(2.146E1,9.32E0,7.2E-1));
#4358=VERTEX_POINT('',#4356);
#4359=VERTEX_POINT('',#4357);
#4360=CARTESIAN_POINT('',(3.549206423220E0,8.77E0,1.27E0));
#4361=CARTESIAN_POINT('',(2.144079357678E1,8.77E0,1.27E0));
#4362=VERTEX_POINT('',#4360);
#4363=VERTEX_POINT('',#4361);
#4364=CARTESIAN_POINT('',(1.9455E1,3.8E-1,0.E0));
#4365=CARTESIAN_POINT('',(1.9455E1,9.32E0,0.E0));
#4366=VERTEX_POINT('',#4364);
#4367=VERTEX_POINT('',#4365);
#4368=CARTESIAN_POINT('',(1.8695E1,3.8E-1,0.E0));
#4369=CARTESIAN_POINT('',(1.8695E1,9.32E0,0.E0));
#4370=VERTEX_POINT('',#4368);
#4371=VERTEX_POINT('',#4369);
#4372=CARTESIAN_POINT('',(6.295E0,3.8E-1,0.E0));
#4373=CARTESIAN_POINT('',(6.295E0,9.32E0,0.E0));
#4374=VERTEX_POINT('',#4372);
#4375=VERTEX_POINT('',#4373);
#4376=CARTESIAN_POINT('',(5.535E0,3.8E-1,0.E0));
#4377=CARTESIAN_POINT('',(5.535E0,9.32E0,0.E0));
#4378=VERTEX_POINT('',#4376);
#4379=VERTEX_POINT('',#4377);
#4380=CARTESIAN_POINT('',(1.2875E1,9.32E0,0.E0));
#4381=VERTEX_POINT('',#4380);
#4382=CARTESIAN_POINT('',(1.2115E1,9.32E0,0.E0));
#4383=VERTEX_POINT('',#4382);
#4384=CARTESIAN_POINT('',(6.805E0,3.8E-1,5.105E0));
#4385=CARTESIAN_POINT('',(6.805E0,3.8E-1,6.325E0));
#4386=VERTEX_POINT('',#4384);
#4387=VERTEX_POINT('',#4385);
#4388=CARTESIAN_POINT('',(8.025E0,3.8E-1,6.325E0));
#4389=VERTEX_POINT('',#4388);
#4390=CARTESIAN_POINT('',(8.025E0,3.8E-1,5.105E0));
#4391=VERTEX_POINT('',#4390);
#4392=CARTESIAN_POINT('',(6.805E0,3.8E-1,2.565E0));
#4393=CARTESIAN_POINT('',(6.805E0,3.8E-1,3.785E0));
#4394=VERTEX_POINT('',#4392);
#4395=VERTEX_POINT('',#4393);
#4396=CARTESIAN_POINT('',(8.025E0,3.8E-1,3.785E0));
#4397=VERTEX_POINT('',#4396);
#4398=CARTESIAN_POINT('',(8.025E0,3.8E-1,2.565E0));
#4399=VERTEX_POINT('',#4398);
#4400=CARTESIAN_POINT('',(9.345E0,3.8E-1,5.105E0));
#4401=CARTESIAN_POINT('',(9.345E0,3.8E-1,6.325E0));
#4402=VERTEX_POINT('',#4400);
#4403=VERTEX_POINT('',#4401);
#4404=CARTESIAN_POINT('',(1.0565E1,3.8E-1,6.325E0));
#4405=VERTEX_POINT('',#4404);
#4406=CARTESIAN_POINT('',(1.0565E1,3.8E-1,5.105E0));
#4407=VERTEX_POINT('',#4406);
#4408=CARTESIAN_POINT('',(9.345E0,3.8E-1,2.565E0));
#4409=CARTESIAN_POINT('',(9.345E0,3.8E-1,3.785E0));
#4410=VERTEX_POINT('',#4408);
#4411=VERTEX_POINT('',#4409);
#4412=CARTESIAN_POINT('',(1.0565E1,3.8E-1,3.785E0));
#4413=VERTEX_POINT('',#4412);
#4414=CARTESIAN_POINT('',(1.0565E1,3.8E-1,2.565E0));
#4415=VERTEX_POINT('',#4414);
#4416=CARTESIAN_POINT('',(1.1885E1,3.8E-1,5.105E0));
#4417=CARTESIAN_POINT('',(1.1885E1,3.8E-1,6.325E0));
#4418=VERTEX_POINT('',#4416);
#4419=VERTEX_POINT('',#4417);
#4420=CARTESIAN_POINT('',(1.3105E1,3.8E-1,6.325E0));
#4421=VERTEX_POINT('',#4420);
#4422=CARTESIAN_POINT('',(1.3105E1,3.8E-1,5.105E0));
#4423=VERTEX_POINT('',#4422);
#4424=CARTESIAN_POINT('',(1.1885E1,3.8E-1,2.565E0));
#4425=CARTESIAN_POINT('',(1.1885E1,3.8E-1,3.785E0));
#4426=VERTEX_POINT('',#4424);
#4427=VERTEX_POINT('',#4425);
#4428=CARTESIAN_POINT('',(1.3105E1,3.8E-1,3.785E0));
#4429=VERTEX_POINT('',#4428);
#4430=CARTESIAN_POINT('',(1.3105E1,3.8E-1,2.565E0));
#4431=VERTEX_POINT('',#4430);
#4432=CARTESIAN_POINT('',(1.4425E1,3.8E-1,5.105E0));
#4433=CARTESIAN_POINT('',(1.4425E1,3.8E-1,6.325E0));
#4434=VERTEX_POINT('',#4432);
#4435=VERTEX_POINT('',#4433);
#4436=CARTESIAN_POINT('',(1.5645E1,3.8E-1,6.325E0));
#4437=VERTEX_POINT('',#4436);
#4438=CARTESIAN_POINT('',(1.5645E1,3.8E-1,5.105E0));
#4439=VERTEX_POINT('',#4438);
#4440=CARTESIAN_POINT('',(1.4425E1,3.8E-1,2.565E0));
#4441=CARTESIAN_POINT('',(1.4425E1,3.8E-1,3.785E0));
#4442=VERTEX_POINT('',#4440);
#4443=VERTEX_POINT('',#4441);
#4444=CARTESIAN_POINT('',(1.5645E1,3.8E-1,3.785E0));
#4445=VERTEX_POINT('',#4444);
#4446=CARTESIAN_POINT('',(1.5645E1,3.8E-1,2.565E0));
#4447=VERTEX_POINT('',#4446);
#4448=CARTESIAN_POINT('',(1.6965E1,3.8E-1,5.105E0));
#4449=CARTESIAN_POINT('',(1.6965E1,3.8E-1,6.325E0));
#4450=VERTEX_POINT('',#4448);
#4451=VERTEX_POINT('',#4449);
#4452=CARTESIAN_POINT('',(1.8185E1,3.8E-1,6.325E0));
#4453=VERTEX_POINT('',#4452);
#4454=CARTESIAN_POINT('',(1.8185E1,3.8E-1,5.105E0));
#4455=VERTEX_POINT('',#4454);
#4456=CARTESIAN_POINT('',(1.6965E1,3.8E-1,2.565E0));
#4457=CARTESIAN_POINT('',(1.6965E1,3.8E-1,3.785E0));
#4458=VERTEX_POINT('',#4456);
#4459=VERTEX_POINT('',#4457);
#4460=CARTESIAN_POINT('',(1.8185E1,3.8E-1,3.785E0));
#4461=VERTEX_POINT('',#4460);
#4462=CARTESIAN_POINT('',(1.8185E1,3.8E-1,2.565E0));
#4463=VERTEX_POINT('',#4462);
#4464=CARTESIAN_POINT('',(6.145E0,9.32E0,8.89E0));
#4465=CARTESIAN_POINT('',(7.415E0,7.120295474388E0,8.89E0));
#4466=VERTEX_POINT('',#4464);
#4467=VERTEX_POINT('',#4465);
#4468=CARTESIAN_POINT('',(8.685E0,9.32E0,8.89E0));
#4469=VERTEX_POINT('',#4468);
#4470=CARTESIAN_POINT('',(6.145E0,9.32E0,8.69E0));
#4471=CARTESIAN_POINT('',(8.685E0,9.32E0,8.69E0));
#4472=VERTEX_POINT('',#4470);
#4473=VERTEX_POINT('',#4471);
#4474=CARTESIAN_POINT('',(7.415E0,7.120295474388E0,8.69E0));
#4475=VERTEX_POINT('',#4474);
#4476=CARTESIAN_POINT('',(2.245E1,0.E0,2.E0));
#4477=CARTESIAN_POINT('',(2.143E1,0.E0,2.E0));
#4478=VERTEX_POINT('',#4476);
#4479=VERTEX_POINT('',#4477);
#4480=CARTESIAN_POINT('',(2.245E1,0.E0,6.17E0));
#4481=CARTESIAN_POINT('',(2.143E1,0.E0,6.17E0));
#4482=VERTEX_POINT('',#4480);
#4483=VERTEX_POINT('',#4481);
#4484=CARTESIAN_POINT('',(2.121869748281E1,2.41E0,2.145203442879E0));
#4485=CARTESIAN_POINT('',(2.123650707525E1,2.92E0,2.175931142410E0));
#4486=VERTEX_POINT('',#4484);
#4487=VERTEX_POINT('',#4485);
#4488=CARTESIAN_POINT('',(2.123650707525E1,2.92E0,5.994068857590E0));
#4489=CARTESIAN_POINT('',(2.121869748281E1,2.41E0,6.024796557121E0));
#4490=VERTEX_POINT('',#4488);
#4491=VERTEX_POINT('',#4489);
#4492=CARTESIAN_POINT('',(2.143E1,2.41E0,2.145203442879E0));
#4493=VERTEX_POINT('',#4492);
#4494=CARTESIAN_POINT('',(2.143E1,2.41E0,6.024796557121E0));
#4495=VERTEX_POINT('',#4494);
#4496=CARTESIAN_POINT('',(2.245E1,6.39E0,2.385E0));
#4497=VERTEX_POINT('',#4496);
#4498=CARTESIAN_POINT('',(2.245E1,6.39E0,5.785E0));
#4499=VERTEX_POINT('',#4498);
#4500=CARTESIAN_POINT('',(2.137139139095E1,6.782581428118E0,2.408653184636E0));
#4501=VERTEX_POINT('',#4500);
#4502=CARTESIAN_POINT('',(2.137139139095E1,6.782581428118E0,5.761346815364E0));
#4503=VERTEX_POINT('',#4502);
#4504=CARTESIAN_POINT('',(1.4835E1,1.82E0,7.62E0));
#4505=VERTEX_POINT('',#4504);
#4506=CARTESIAN_POINT('',(1.5035E1,2.02E0,7.62E0));
#4507=VERTEX_POINT('',#4506);
#4508=CARTESIAN_POINT('',(6.54E0,3.8E-1,0.E0));
#4509=CARTESIAN_POINT('',(6.54E0,9.158983848622E-1,0.E0));
#4510=VERTEX_POINT('',#4508);
#4511=VERTEX_POINT('',#4509);
#4512=CARTESIAN_POINT('',(1.845E1,3.8E-1,0.E0));
#4513=CARTESIAN_POINT('',(1.845E1,9.158983848622E-1,0.E0));
#4514=VERTEX_POINT('',#4512);
#4515=VERTEX_POINT('',#4513);
#4516=CARTESIAN_POINT('',(1.2875E1,9.158983848622E-1,0.E0));
#4517=VERTEX_POINT('',#4516);
#4518=CARTESIAN_POINT('',(1.2115E1,9.158983848622E-1,0.E0));
#4519=VERTEX_POINT('',#4518);
#4520=CARTESIAN_POINT('',(6.54E0,3.8E-1,2.E0));
#4521=VERTEX_POINT('',#4520);
#4522=CARTESIAN_POINT('',(1.845E1,3.8E-1,2.E0));
#4523=VERTEX_POINT('',#4522);
#4524=CARTESIAN_POINT('',(1.2115E1,3.8E-1,7.69E0));
#4525=CARTESIAN_POINT('',(1.2875E1,3.8E-1,7.69E0));
#4526=VERTEX_POINT('',#4524);
#4527=VERTEX_POINT('',#4525);
#4528=CARTESIAN_POINT('',(1.2495E1,0.E0,7.69E0));
#4529=VERTEX_POINT('',#4528);
#4530=CARTESIAN_POINT('',(7.105E0,8.356852659994E0,5.405E0));
#4531=CARTESIAN_POINT('',(7.257576973688E0,8.821303021499E0,5.574046106882E0));
#4532=VERTEX_POINT('',#4530);
#4533=VERTEX_POINT('',#4531);
#4534=CARTESIAN_POINT('',(7.725E0,8.356852659994E0,5.405E0));
#4535=CARTESIAN_POINT('',(7.572423026312E0,8.821303021499E0,5.574046106882E0));
#4536=VERTEX_POINT('',#4534);
#4537=VERTEX_POINT('',#4535);
#4538=VERTEX_POINT('',#1160);
#4539=VERTEX_POINT('',#1214);
#4540=CARTESIAN_POINT('',(7.105E0,8.356852659994E0,6.025E0));
#4541=VERTEX_POINT('',#4540);
#4542=CARTESIAN_POINT('',(7.725E0,8.356852659994E0,6.025E0));
#4543=VERTEX_POINT('',#4542);
#4544=CARTESIAN_POINT('',(7.725E0,-2.486852659994E0,6.025E0));
#4545=CARTESIAN_POINT('',(7.572423026312E0,-2.951303021499E0,5.855953893118E0));
#4546=VERTEX_POINT('',#4544);
#4547=VERTEX_POINT('',#4545);
#4548=CARTESIAN_POINT('',(7.105E0,-2.486852659994E0,6.025E0));
#4549=CARTESIAN_POINT('',(7.257576973688E0,-2.951303021499E0,5.855953893118E0));
#4550=VERTEX_POINT('',#4548);
#4551=VERTEX_POINT('',#4549);
#4552=VERTEX_POINT('',#2396);
#4553=VERTEX_POINT('',#2398);
#4554=CARTESIAN_POINT('',(7.725E0,-2.486852659994E0,5.405E0));
#4555=VERTEX_POINT('',#4554);
#4556=CARTESIAN_POINT('',(7.105E0,-2.486852659994E0,5.405E0));
#4557=VERTEX_POINT('',#4556);
#4558=CARTESIAN_POINT('',(7.105E0,2.92E0,6.025E0));
#4559=CARTESIAN_POINT('',(7.725E0,2.92E0,6.025E0));
#4560=VERTEX_POINT('',#4558);
#4561=VERTEX_POINT('',#4559);
#4562=CARTESIAN_POINT('',(7.105E0,2.92E0,5.405E0));
#4563=CARTESIAN_POINT('',(7.725E0,2.92E0,5.405E0));
#4564=VERTEX_POINT('',#4562);
#4565=VERTEX_POINT('',#4563);
#4566=CARTESIAN_POINT('',(7.105E0,6.8E-1,5.405E0));
#4567=CARTESIAN_POINT('',(7.105E0,6.8E-1,6.025E0));
#4568=VERTEX_POINT('',#4566);
#4569=VERTEX_POINT('',#4567);
#4570=CARTESIAN_POINT('',(7.725E0,6.8E-1,6.025E0));
#4571=VERTEX_POINT('',#4570);
#4572=CARTESIAN_POINT('',(7.725E0,6.8E-1,5.405E0));
#4573=VERTEX_POINT('',#4572);
#4574=CARTESIAN_POINT('',(9.645E0,8.356852659994E0,5.405E0));
#4575=CARTESIAN_POINT('',(9.797576973688E0,8.821303021499E0,5.574046106882E0));
#4576=VERTEX_POINT('',#4574);
#4577=VERTEX_POINT('',#4575);
#4578=CARTESIAN_POINT('',(1.0265E1,8.356852659994E0,5.405E0));
#4579=CARTESIAN_POINT('',(1.011242302631E1,8.821303021499E0,5.574046106882E0));
#4580=VERTEX_POINT('',#4578);
#4581=VERTEX_POINT('',#4579);
#4582=VERTEX_POINT('',#1268);
#4583=VERTEX_POINT('',#1322);
#4584=CARTESIAN_POINT('',(9.645E0,8.356852659994E0,6.025E0));
#4585=VERTEX_POINT('',#4584);
#4586=CARTESIAN_POINT('',(1.0265E1,8.356852659994E0,6.025E0));
#4587=VERTEX_POINT('',#4586);
#4588=CARTESIAN_POINT('',(1.0265E1,-2.486852659994E0,6.025E0));
#4589=CARTESIAN_POINT('',(1.011242302631E1,-2.951303021499E0,5.855953893118E0));
#4590=VERTEX_POINT('',#4588);
#4591=VERTEX_POINT('',#4589);
#4592=CARTESIAN_POINT('',(9.645E0,-2.486852659994E0,6.025E0));
#4593=CARTESIAN_POINT('',(9.797576973688E0,-2.951303021499E0,5.855953893118E0));
#4594=VERTEX_POINT('',#4592);
#4595=VERTEX_POINT('',#4593);
#4596=VERTEX_POINT('',#2772);
#4597=VERTEX_POINT('',#2774);
#4598=CARTESIAN_POINT('',(1.0265E1,-2.486852659994E0,5.405E0));
#4599=VERTEX_POINT('',#4598);
#4600=CARTESIAN_POINT('',(9.645E0,-2.486852659994E0,5.405E0));
#4601=VERTEX_POINT('',#4600);
#4602=CARTESIAN_POINT('',(9.645E0,2.92E0,6.025E0));
#4603=CARTESIAN_POINT('',(1.0265E1,2.92E0,6.025E0));
#4604=VERTEX_POINT('',#4602);
#4605=VERTEX_POINT('',#4603);
#4606=CARTESIAN_POINT('',(9.645E0,2.92E0,5.405E0));
#4607=CARTESIAN_POINT('',(1.0265E1,2.92E0,5.405E0));
#4608=VERTEX_POINT('',#4606);
#4609=VERTEX_POINT('',#4607);
#4610=CARTESIAN_POINT('',(9.645E0,6.8E-1,5.405E0));
#4611=CARTESIAN_POINT('',(9.645E0,6.8E-1,6.025E0));
#4612=VERTEX_POINT('',#4610);
#4613=VERTEX_POINT('',#4611);
#4614=CARTESIAN_POINT('',(1.0265E1,6.8E-1,6.025E0));
#4615=VERTEX_POINT('',#4614);
#4616=CARTESIAN_POINT('',(1.0265E1,6.8E-1,5.405E0));
#4617=VERTEX_POINT('',#4616);
#4618=CARTESIAN_POINT('',(1.2185E1,8.356852659994E0,5.405E0));
#4619=CARTESIAN_POINT('',(1.233757697369E1,8.821303021499E0,5.574046106882E0));
#4620=VERTEX_POINT('',#4618);
#4621=VERTEX_POINT('',#4619);
#4622=CARTESIAN_POINT('',(1.2805E1,8.356852659994E0,5.405E0));
#4623=CARTESIAN_POINT('',(1.265242302631E1,8.821303021499E0,5.574046106882E0));
#4624=VERTEX_POINT('',#4622);
#4625=VERTEX_POINT('',#4623);
#4626=VERTEX_POINT('',#1376);
#4627=VERTEX_POINT('',#1430);
#4628=CARTESIAN_POINT('',(1.2185E1,8.356852659994E0,6.025E0));
#4629=VERTEX_POINT('',#4628);
#4630=CARTESIAN_POINT('',(1.2805E1,8.356852659994E0,6.025E0));
#4631=VERTEX_POINT('',#4630);
#4632=CARTESIAN_POINT('',(1.2805E1,-2.486852659994E0,6.025E0));
#4633=CARTESIAN_POINT('',(1.265242302631E1,-2.951303021499E0,5.855953893118E0));
#4634=VERTEX_POINT('',#4632);
#4635=VERTEX_POINT('',#4633);
#4636=CARTESIAN_POINT('',(1.2185E1,-2.486852659994E0,6.025E0));
#4637=CARTESIAN_POINT('',(1.233757697369E1,-2.951303021499E0,5.855953893118E0));
#4638=VERTEX_POINT('',#4636);
#4639=VERTEX_POINT('',#4637);
#4640=VERTEX_POINT('',#3148);
#4641=VERTEX_POINT('',#3150);
#4642=CARTESIAN_POINT('',(1.2805E1,-2.486852659994E0,5.405E0));
#4643=VERTEX_POINT('',#4642);
#4644=CARTESIAN_POINT('',(1.2185E1,-2.486852659994E0,5.405E0));
#4645=VERTEX_POINT('',#4644);
#4646=CARTESIAN_POINT('',(1.2185E1,2.92E0,6.025E0));
#4647=CARTESIAN_POINT('',(1.2805E1,2.92E0,6.025E0));
#4648=VERTEX_POINT('',#4646);
#4649=VERTEX_POINT('',#4647);
#4650=CARTESIAN_POINT('',(1.2185E1,2.92E0,5.405E0));
#4651=CARTESIAN_POINT('',(1.2805E1,2.92E0,5.405E0));
#4652=VERTEX_POINT('',#4650);
#4653=VERTEX_POINT('',#4651);
#4654=CARTESIAN_POINT('',(1.2185E1,6.8E-1,5.405E0));
#4655=CARTESIAN_POINT('',(1.2185E1,6.8E-1,6.025E0));
#4656=VERTEX_POINT('',#4654);
#4657=VERTEX_POINT('',#4655);
#4658=CARTESIAN_POINT('',(1.2805E1,6.8E-1,6.025E0));
#4659=VERTEX_POINT('',#4658);
#4660=CARTESIAN_POINT('',(1.2805E1,6.8E-1,5.405E0));
#4661=VERTEX_POINT('',#4660);
#4662=CARTESIAN_POINT('',(1.4725E1,8.356852659994E0,5.405E0));
#4663=CARTESIAN_POINT('',(1.487757697369E1,8.821303021499E0,5.574046106882E0));
#4664=VERTEX_POINT('',#4662);
#4665=VERTEX_POINT('',#4663);
#4666=CARTESIAN_POINT('',(1.5345E1,8.356852659994E0,5.405E0));
#4667=CARTESIAN_POINT('',(1.519242302631E1,8.821303021499E0,5.574046106882E0));
#4668=VERTEX_POINT('',#4666);
#4669=VERTEX_POINT('',#4667);
#4670=VERTEX_POINT('',#1484);
#4671=VERTEX_POINT('',#1538);
#4672=CARTESIAN_POINT('',(1.4725E1,8.356852659994E0,6.025E0));
#4673=VERTEX_POINT('',#4672);
#4674=CARTESIAN_POINT('',(1.5345E1,8.356852659994E0,6.025E0));
#4675=VERTEX_POINT('',#4674);
#4676=CARTESIAN_POINT('',(1.5345E1,-2.486852659994E0,6.025E0));
#4677=CARTESIAN_POINT('',(1.519242302631E1,-2.951303021499E0,5.855953893118E0));
#4678=VERTEX_POINT('',#4676);
#4679=VERTEX_POINT('',#4677);
#4680=CARTESIAN_POINT('',(1.4725E1,-2.486852659994E0,6.025E0));
#4681=CARTESIAN_POINT('',(1.487757697369E1,-2.951303021499E0,5.855953893118E0));
#4682=VERTEX_POINT('',#4680);
#4683=VERTEX_POINT('',#4681);
#4684=VERTEX_POINT('',#3524);
#4685=VERTEX_POINT('',#3526);
#4686=CARTESIAN_POINT('',(1.5345E1,-2.486852659994E0,5.405E0));
#4687=VERTEX_POINT('',#4686);
#4688=CARTESIAN_POINT('',(1.4725E1,-2.486852659994E0,5.405E0));
#4689=VERTEX_POINT('',#4688);
#4690=CARTESIAN_POINT('',(1.4725E1,2.92E0,6.025E0));
#4691=CARTESIAN_POINT('',(1.5345E1,2.92E0,6.025E0));
#4692=VERTEX_POINT('',#4690);
#4693=VERTEX_POINT('',#4691);
#4694=CARTESIAN_POINT('',(1.4725E1,2.92E0,5.405E0));
#4695=CARTESIAN_POINT('',(1.5345E1,2.92E0,5.405E0));
#4696=VERTEX_POINT('',#4694);
#4697=VERTEX_POINT('',#4695);
#4698=CARTESIAN_POINT('',(1.4725E1,6.8E-1,5.405E0));
#4699=CARTESIAN_POINT('',(1.4725E1,6.8E-1,6.025E0));
#4700=VERTEX_POINT('',#4698);
#4701=VERTEX_POINT('',#4699);
#4702=CARTESIAN_POINT('',(1.5345E1,6.8E-1,6.025E0));
#4703=VERTEX_POINT('',#4702);
#4704=CARTESIAN_POINT('',(1.5345E1,6.8E-1,5.405E0));
#4705=VERTEX_POINT('',#4704);
#4706=CARTESIAN_POINT('',(1.7265E1,8.356852659994E0,5.405E0));
#4707=CARTESIAN_POINT('',(1.741757697369E1,8.821303021499E0,5.574046106882E0));
#4708=VERTEX_POINT('',#4706);
#4709=VERTEX_POINT('',#4707);
#4710=CARTESIAN_POINT('',(1.7885E1,8.356852659994E0,5.405E0));
#4711=CARTESIAN_POINT('',(1.773242302631E1,8.821303021499E0,5.574046106882E0));
#4712=VERTEX_POINT('',#4710);
#4713=VERTEX_POINT('',#4711);
#4714=VERTEX_POINT('',#1592);
#4715=VERTEX_POINT('',#1646);
#4716=CARTESIAN_POINT('',(1.7265E1,8.356852659994E0,6.025E0));
#4717=VERTEX_POINT('',#4716);
#4718=CARTESIAN_POINT('',(1.7885E1,8.356852659994E0,6.025E0));
#4719=VERTEX_POINT('',#4718);
#4720=CARTESIAN_POINT('',(1.7885E1,-2.486852659994E0,6.025E0));
#4721=CARTESIAN_POINT('',(1.773242302631E1,-2.951303021499E0,5.855953893118E0));
#4722=VERTEX_POINT('',#4720);
#4723=VERTEX_POINT('',#4721);
#4724=CARTESIAN_POINT('',(1.7265E1,-2.486852659994E0,6.025E0));
#4725=CARTESIAN_POINT('',(1.741757697369E1,-2.951303021499E0,5.855953893118E0));
#4726=VERTEX_POINT('',#4724);
#4727=VERTEX_POINT('',#4725);
#4728=VERTEX_POINT('',#3900);
#4729=VERTEX_POINT('',#3902);
#4730=CARTESIAN_POINT('',(1.7885E1,-2.486852659994E0,5.405E0));
#4731=VERTEX_POINT('',#4730);
#4732=CARTESIAN_POINT('',(1.7265E1,-2.486852659994E0,5.405E0));
#4733=VERTEX_POINT('',#4732);
#4734=CARTESIAN_POINT('',(1.7265E1,2.92E0,6.025E0));
#4735=CARTESIAN_POINT('',(1.7885E1,2.92E0,6.025E0));
#4736=VERTEX_POINT('',#4734);
#4737=VERTEX_POINT('',#4735);
#4738=CARTESIAN_POINT('',(1.7265E1,2.92E0,5.405E0));
#4739=CARTESIAN_POINT('',(1.7885E1,2.92E0,5.405E0));
#4740=VERTEX_POINT('',#4738);
#4741=VERTEX_POINT('',#4739);
#4742=CARTESIAN_POINT('',(1.7265E1,6.8E-1,5.405E0));
#4743=CARTESIAN_POINT('',(1.7265E1,6.8E-1,6.025E0));
#4744=VERTEX_POINT('',#4742);
#4745=VERTEX_POINT('',#4743);
#4746=CARTESIAN_POINT('',(1.7885E1,6.8E-1,6.025E0));
#4747=VERTEX_POINT('',#4746);
#4748=CARTESIAN_POINT('',(1.7885E1,6.8E-1,5.405E0));
#4749=VERTEX_POINT('',#4748);
#4750=CARTESIAN_POINT('',(7.105E0,8.356852659994E0,3.485E0));
#4751=CARTESIAN_POINT('',(7.274046106882E0,8.821303021499E0,3.332423026312E0));
#4752=VERTEX_POINT('',#4750);
#4753=VERTEX_POINT('',#4751);
#4754=CARTESIAN_POINT('',(7.105E0,8.356852659994E0,2.865E0));
#4755=CARTESIAN_POINT('',(7.274046106882E0,8.821303021499E0,3.017576973688E0));
#4756=VERTEX_POINT('',#4754);
#4757=VERTEX_POINT('',#4755);
#4758=VERTEX_POINT('',#1700);
#4759=VERTEX_POINT('',#1754);
#4760=CARTESIAN_POINT('',(7.725E0,8.356852659994E0,3.485E0));
#4761=VERTEX_POINT('',#4760);
#4762=CARTESIAN_POINT('',(7.725E0,8.356852659994E0,2.865E0));
#4763=VERTEX_POINT('',#4762);
#4764=CARTESIAN_POINT('',(7.725E0,-2.486852659994E0,2.865E0));
#4765=CARTESIAN_POINT('',(7.555953893118E0,-2.951303021499E0,3.017576973688E0));
#4766=VERTEX_POINT('',#4764);
#4767=VERTEX_POINT('',#4765);
#4768=CARTESIAN_POINT('',(7.725E0,-2.486852659994E0,3.485E0));
#4769=CARTESIAN_POINT('',(7.555953893118E0,-2.951303021499E0,3.332423026312E0));
#4770=VERTEX_POINT('',#4768);
#4771=VERTEX_POINT('',#4769);
#4772=VERTEX_POINT('',#2572);
#4773=VERTEX_POINT('',#2574);
#4774=CARTESIAN_POINT('',(7.105E0,-2.486852659994E0,2.865E0));
#4775=VERTEX_POINT('',#4774);
#4776=CARTESIAN_POINT('',(7.105E0,-2.486852659994E0,3.485E0));
#4777=VERTEX_POINT('',#4776);
#4778=CARTESIAN_POINT('',(7.725E0,2.92E0,3.485E0));
#4779=CARTESIAN_POINT('',(7.725E0,2.92E0,2.865E0));
#4780=VERTEX_POINT('',#4778);
#4781=VERTEX_POINT('',#4779);
#4782=CARTESIAN_POINT('',(7.105E0,2.92E0,3.485E0));
#4783=CARTESIAN_POINT('',(7.105E0,2.92E0,2.865E0));
#4784=VERTEX_POINT('',#4782);
#4785=VERTEX_POINT('',#4783);
#4786=CARTESIAN_POINT('',(7.105E0,6.8E-1,2.865E0));
#4787=CARTESIAN_POINT('',(7.105E0,6.8E-1,3.485E0));
#4788=VERTEX_POINT('',#4786);
#4789=VERTEX_POINT('',#4787);
#4790=CARTESIAN_POINT('',(7.725E0,6.8E-1,3.485E0));
#4791=VERTEX_POINT('',#4790);
#4792=CARTESIAN_POINT('',(7.725E0,6.8E-1,2.865E0));
#4793=VERTEX_POINT('',#4792);
#4794=CARTESIAN_POINT('',(9.645E0,8.356852659994E0,3.485E0));
#4795=CARTESIAN_POINT('',(9.814046106882E0,8.821303021499E0,3.332423026312E0));
#4796=VERTEX_POINT('',#4794);
#4797=VERTEX_POINT('',#4795);
#4798=CARTESIAN_POINT('',(9.645E0,8.356852659994E0,2.865E0));
#4799=CARTESIAN_POINT('',(9.814046106882E0,8.821303021499E0,3.017576973688E0));
#4800=VERTEX_POINT('',#4798);
#4801=VERTEX_POINT('',#4799);
#4802=VERTEX_POINT('',#1808);
#4803=VERTEX_POINT('',#1862);
#4804=CARTESIAN_POINT('',(1.0265E1,8.356852659994E0,3.485E0));
#4805=VERTEX_POINT('',#4804);
#4806=CARTESIAN_POINT('',(1.0265E1,8.356852659994E0,2.865E0));
#4807=VERTEX_POINT('',#4806);
#4808=CARTESIAN_POINT('',(1.0265E1,-2.486852659994E0,2.865E0));
#4809=CARTESIAN_POINT('',(1.009595389312E1,-2.951303021499E0,3.017576973688E0));
#4810=VERTEX_POINT('',#4808);
#4811=VERTEX_POINT('',#4809);
#4812=CARTESIAN_POINT('',(1.0265E1,-2.486852659994E0,3.485E0));
#4813=CARTESIAN_POINT('',(1.009595389312E1,-2.951303021499E0,3.332423026312E0));
#4814=VERTEX_POINT('',#4812);
#4815=VERTEX_POINT('',#4813);
#4816=VERTEX_POINT('',#2948);
#4817=VERTEX_POINT('',#2950);
#4818=CARTESIAN_POINT('',(9.645E0,-2.486852659994E0,2.865E0));
#4819=VERTEX_POINT('',#4818);
#4820=CARTESIAN_POINT('',(9.645E0,-2.486852659994E0,3.485E0));
#4821=VERTEX_POINT('',#4820);
#4822=CARTESIAN_POINT('',(1.0265E1,2.92E0,3.485E0));
#4823=CARTESIAN_POINT('',(1.0265E1,2.92E0,2.865E0));
#4824=VERTEX_POINT('',#4822);
#4825=VERTEX_POINT('',#4823);
#4826=CARTESIAN_POINT('',(9.645E0,2.92E0,3.485E0));
#4827=CARTESIAN_POINT('',(9.645E0,2.92E0,2.865E0));
#4828=VERTEX_POINT('',#4826);
#4829=VERTEX_POINT('',#4827);
#4830=CARTESIAN_POINT('',(9.645E0,6.8E-1,2.865E0));
#4831=CARTESIAN_POINT('',(9.645E0,6.8E-1,3.485E0));
#4832=VERTEX_POINT('',#4830);
#4833=VERTEX_POINT('',#4831);
#4834=CARTESIAN_POINT('',(1.0265E1,6.8E-1,3.485E0));
#4835=VERTEX_POINT('',#4834);
#4836=CARTESIAN_POINT('',(1.0265E1,6.8E-1,2.865E0));
#4837=VERTEX_POINT('',#4836);
#4838=CARTESIAN_POINT('',(1.2185E1,8.356852659994E0,3.485E0));
#4839=CARTESIAN_POINT('',(1.235404610688E1,8.821303021499E0,3.332423026312E0));
#4840=VERTEX_POINT('',#4838);
#4841=VERTEX_POINT('',#4839);
#4842=CARTESIAN_POINT('',(1.2185E1,8.356852659994E0,2.865E0));
#4843=CARTESIAN_POINT('',(1.235404610688E1,8.821303021499E0,3.017576973688E0));
#4844=VERTEX_POINT('',#4842);
#4845=VERTEX_POINT('',#4843);
#4846=VERTEX_POINT('',#1916);
#4847=VERTEX_POINT('',#1970);
#4848=CARTESIAN_POINT('',(1.2805E1,8.356852659994E0,3.485E0));
#4849=VERTEX_POINT('',#4848);
#4850=CARTESIAN_POINT('',(1.2805E1,8.356852659994E0,2.865E0));
#4851=VERTEX_POINT('',#4850);
#4852=CARTESIAN_POINT('',(1.2805E1,-2.486852659994E0,2.865E0));
#4853=CARTESIAN_POINT('',(1.263595389312E1,-2.951303021499E0,3.017576973688E0));
#4854=VERTEX_POINT('',#4852);
#4855=VERTEX_POINT('',#4853);
#4856=CARTESIAN_POINT('',(1.2805E1,-2.486852659994E0,3.485E0));
#4857=CARTESIAN_POINT('',(1.263595389312E1,-2.951303021499E0,3.332423026312E0));
#4858=VERTEX_POINT('',#4856);
#4859=VERTEX_POINT('',#4857);
#4860=VERTEX_POINT('',#3324);
#4861=VERTEX_POINT('',#3326);
#4862=CARTESIAN_POINT('',(1.2185E1,-2.486852659994E0,2.865E0));
#4863=VERTEX_POINT('',#4862);
#4864=CARTESIAN_POINT('',(1.2185E1,-2.486852659994E0,3.485E0));
#4865=VERTEX_POINT('',#4864);
#4866=CARTESIAN_POINT('',(1.2805E1,2.92E0,3.485E0));
#4867=CARTESIAN_POINT('',(1.2805E1,2.92E0,2.865E0));
#4868=VERTEX_POINT('',#4866);
#4869=VERTEX_POINT('',#4867);
#4870=CARTESIAN_POINT('',(1.2185E1,2.92E0,3.485E0));
#4871=CARTESIAN_POINT('',(1.2185E1,2.92E0,2.865E0));
#4872=VERTEX_POINT('',#4870);
#4873=VERTEX_POINT('',#4871);
#4874=CARTESIAN_POINT('',(1.2185E1,6.8E-1,2.865E0));
#4875=CARTESIAN_POINT('',(1.2185E1,6.8E-1,3.485E0));
#4876=VERTEX_POINT('',#4874);
#4877=VERTEX_POINT('',#4875);
#4878=CARTESIAN_POINT('',(1.2805E1,6.8E-1,3.485E0));
#4879=VERTEX_POINT('',#4878);
#4880=CARTESIAN_POINT('',(1.2805E1,6.8E-1,2.865E0));
#4881=VERTEX_POINT('',#4880);
#4882=CARTESIAN_POINT('',(1.4725E1,8.356852659994E0,3.485E0));
#4883=CARTESIAN_POINT('',(1.489404610688E1,8.821303021499E0,3.332423026312E0));
#4884=VERTEX_POINT('',#4882);
#4885=VERTEX_POINT('',#4883);
#4886=CARTESIAN_POINT('',(1.4725E1,8.356852659994E0,2.865E0));
#4887=CARTESIAN_POINT('',(1.489404610688E1,8.821303021499E0,3.017576973688E0));
#4888=VERTEX_POINT('',#4886);
#4889=VERTEX_POINT('',#4887);
#4890=VERTEX_POINT('',#2024);
#4891=VERTEX_POINT('',#2078);
#4892=CARTESIAN_POINT('',(1.5345E1,8.356852659994E0,3.485E0));
#4893=VERTEX_POINT('',#4892);
#4894=CARTESIAN_POINT('',(1.5345E1,8.356852659994E0,2.865E0));
#4895=VERTEX_POINT('',#4894);
#4896=CARTESIAN_POINT('',(1.5345E1,-2.486852659994E0,2.865E0));
#4897=CARTESIAN_POINT('',(1.517595389312E1,-2.951303021499E0,3.017576973688E0));
#4898=VERTEX_POINT('',#4896);
#4899=VERTEX_POINT('',#4897);
#4900=CARTESIAN_POINT('',(1.5345E1,-2.486852659994E0,3.485E0));
#4901=CARTESIAN_POINT('',(1.517595389312E1,-2.951303021499E0,3.332423026312E0));
#4902=VERTEX_POINT('',#4900);
#4903=VERTEX_POINT('',#4901);
#4904=VERTEX_POINT('',#3700);
#4905=VERTEX_POINT('',#3702);
#4906=CARTESIAN_POINT('',(1.4725E1,-2.486852659994E0,2.865E0));
#4907=VERTEX_POINT('',#4906);
#4908=CARTESIAN_POINT('',(1.4725E1,-2.486852659994E0,3.485E0));
#4909=VERTEX_POINT('',#4908);
#4910=CARTESIAN_POINT('',(1.5345E1,2.92E0,3.485E0));
#4911=CARTESIAN_POINT('',(1.5345E1,2.92E0,2.865E0));
#4912=VERTEX_POINT('',#4910);
#4913=VERTEX_POINT('',#4911);
#4914=CARTESIAN_POINT('',(1.4725E1,2.92E0,3.485E0));
#4915=CARTESIAN_POINT('',(1.4725E1,2.92E0,2.865E0));
#4916=VERTEX_POINT('',#4914);
#4917=VERTEX_POINT('',#4915);
#4918=CARTESIAN_POINT('',(1.4725E1,6.8E-1,2.865E0));
#4919=CARTESIAN_POINT('',(1.4725E1,6.8E-1,3.485E0));
#4920=VERTEX_POINT('',#4918);
#4921=VERTEX_POINT('',#4919);
#4922=CARTESIAN_POINT('',(1.5345E1,6.8E-1,3.485E0));
#4923=VERTEX_POINT('',#4922);
#4924=CARTESIAN_POINT('',(1.5345E1,6.8E-1,2.865E0));
#4925=VERTEX_POINT('',#4924);
#4926=CARTESIAN_POINT('',(1.7265E1,8.356852659994E0,3.485E0));
#4927=CARTESIAN_POINT('',(1.743404610688E1,8.821303021499E0,3.332423026312E0));
#4928=VERTEX_POINT('',#4926);
#4929=VERTEX_POINT('',#4927);
#4930=CARTESIAN_POINT('',(1.7265E1,8.356852659994E0,2.865E0));
#4931=CARTESIAN_POINT('',(1.743404610688E1,8.821303021499E0,3.017576973688E0));
#4932=VERTEX_POINT('',#4930);
#4933=VERTEX_POINT('',#4931);
#4934=VERTEX_POINT('',#2132);
#4935=VERTEX_POINT('',#2186);
#4936=CARTESIAN_POINT('',(1.7885E1,8.356852659994E0,3.485E0));
#4937=VERTEX_POINT('',#4936);
#4938=CARTESIAN_POINT('',(1.7885E1,8.356852659994E0,2.865E0));
#4939=VERTEX_POINT('',#4938);
#4940=CARTESIAN_POINT('',(1.7885E1,-2.486852659994E0,2.865E0));
#4941=CARTESIAN_POINT('',(1.771595389312E1,-2.951303021499E0,3.017576973688E0));
#4942=VERTEX_POINT('',#4940);
#4943=VERTEX_POINT('',#4941);
#4944=CARTESIAN_POINT('',(1.7885E1,-2.486852659994E0,3.485E0));
#4945=CARTESIAN_POINT('',(1.771595389312E1,-2.951303021499E0,3.332423026312E0));
#4946=VERTEX_POINT('',#4944);
#4947=VERTEX_POINT('',#4945);
#4948=VERTEX_POINT('',#4076);
#4949=VERTEX_POINT('',#4078);
#4950=CARTESIAN_POINT('',(1.7265E1,-2.486852659994E0,2.865E0));
#4951=VERTEX_POINT('',#4950);
#4952=CARTESIAN_POINT('',(1.7265E1,-2.486852659994E0,3.485E0));
#4953=VERTEX_POINT('',#4952);
#4954=CARTESIAN_POINT('',(1.7885E1,2.92E0,3.485E0));
#4955=CARTESIAN_POINT('',(1.7885E1,2.92E0,2.865E0));
#4956=VERTEX_POINT('',#4954);
#4957=VERTEX_POINT('',#4955);
#4958=CARTESIAN_POINT('',(1.7265E1,2.92E0,3.485E0));
#4959=CARTESIAN_POINT('',(1.7265E1,2.92E0,2.865E0));
#4960=VERTEX_POINT('',#4958);
#4961=VERTEX_POINT('',#4959);
#4962=CARTESIAN_POINT('',(1.7265E1,6.8E-1,2.865E0));
#4963=CARTESIAN_POINT('',(1.7265E1,6.8E-1,3.485E0));
#4964=VERTEX_POINT('',#4962);
#4965=VERTEX_POINT('',#4963);
#4966=CARTESIAN_POINT('',(1.7885E1,6.8E-1,3.485E0));
#4967=VERTEX_POINT('',#4966);
#4968=CARTESIAN_POINT('',(1.7885E1,6.8E-1,2.865E0));
#4969=VERTEX_POINT('',#4968);
#4970=CARTESIAN_POINT('',(0.E0,0.E0,0.E0));
#4971=DIRECTION('',(0.E0,0.E0,1.E0));
#4972=DIRECTION('',(1.E0,0.E0,0.E0));
#4973=AXIS2_PLACEMENT_3D('',#4970,#4971,#4972);
#4974=PLANE('2',#4973);
#4976=ORIENTED_EDGE('467',*,*,#4975,.T.);
#4978=ORIENTED_EDGE('473',*,*,#4977,.T.);
#4980=ORIENTED_EDGE('302',*,*,#4979,.T.);
#4982=ORIENTED_EDGE('303',*,*,#4981,.T.);
#4984=ORIENTED_EDGE('304',*,*,#4983,.T.);
#4986=ORIENTED_EDGE('468',*,*,#4985,.T.);
#4987=EDGE_LOOP('2',(#4976,#4978,#4980,#4982,#4984,#4986));
#4988=FACE_OUTER_BOUND('2',#4987,.F.);
#4989=ADVANCED_FACE('2',(#4988),#4974,.F.);
#4990=CARTESIAN_POINT('',(5.915E0,9.32E0,0.E0));
#4991=DIRECTION('',(0.E0,1.E0,0.E0));
#4992=DIRECTION('',(1.E0,0.E0,0.E0));
#4993=AXIS2_PLACEMENT_3D('',#4990,#4991,#4992);
#4994=CYLINDRICAL_SURFACE('54',#4993,3.8E-1);
#4996=ORIENTED_EDGE('466',*,*,#4995,.T.);
#4998=ORIENTED_EDGE('476',*,*,#4997,.T.);
#4999=ORIENTED_EDGE('467',*,*,#4975,.F.);
#5001=ORIENTED_EDGE('478',*,*,#5000,.F.);
#5002=EDGE_LOOP('54',(#4996,#4998,#4999,#5001));
#5003=FACE_OUTER_BOUND('54',#5002,.F.);
#5004=ADVANCED_FACE('54',(#5003),#4994,.T.);
#5005=CARTESIAN_POINT('',(0.E0,0.E0,0.E0));
#5006=DIRECTION('',(0.E0,0.E0,1.E0));
#5007=DIRECTION('',(1.E0,0.E0,0.E0));
#5008=AXIS2_PLACEMENT_3D('',#5005,#5006,#5007);
#5009=PLANE('247',#5008);
#5011=ORIENTED_EDGE('566',*,*,#5010,.T.);
#5013=ORIENTED_EDGE('569',*,*,#5012,.F.);
#5015=ORIENTED_EDGE('575',*,*,#5014,.T.);
#5017=ORIENTED_EDGE('472',*,*,#5016,.T.);
#5018=ORIENTED_EDGE('466',*,*,#4995,.F.);
#5020=ORIENTED_EDGE('576',*,*,#5019,.T.);
#5021=EDGE_LOOP('247',(#5011,#5013,#5015,#5017,#5018,#5020));
#5022=FACE_OUTER_BOUND('247',#5021,.F.);
#5023=ADVANCED_FACE('247',(#5022),#5009,.F.);
#5024=CARTESIAN_POINT('',(6.54E0,0.E0,0.E0));
#5025=DIRECTION('',(-1.E0,0.E0,0.E0));
#5026=DIRECTION('',(0.E0,0.E0,1.E0));
#5027=AXIS2_PLACEMENT_3D('',#5024,#5025,#5026);
#5028=PLANE('102',#5027);
#5029=ORIENTED_EDGE('566',*,*,#5010,.F.);
#5031=ORIENTED_EDGE('570',*,*,#5030,.T.);
#5033=ORIENTED_EDGE('578',*,*,#5032,.T.);
#5034=EDGE_LOOP('102',(#5029,#5031,#5033));
#5035=FACE_OUTER_BOUND('102',#5034,.F.);
#5036=ADVANCED_FACE('102',(#5035),#5028,.F.);
#5037=CARTESIAN_POINT('',(3.56E0,3.8E-1,0.E0));
#5038=DIRECTION('',(0.E0,-1.E0,0.E0));
#5039=DIRECTION('',(1.E0,0.E0,0.E0));
#5040=AXIS2_PLACEMENT_3D('',#5037,#5038,#5039);
#5041=PLANE('7',#5040);
#5042=ORIENTED_EDGE('570',*,*,#5030,.F.);
#5043=ORIENTED_EDGE('576',*,*,#5019,.F.);
#5044=ORIENTED_EDGE('478',*,*,#5000,.T.);
#5045=ORIENTED_EDGE('468',*,*,#4985,.F.);
#5047=ORIENTED_EDGE('320',*,*,#5046,.T.);
#5049=ORIENTED_EDGE('317',*,*,#5048,.T.);
#5051=ORIENTED_EDGE('318',*,*,#5050,.T.);
#5053=ORIENTED_EDGE('319',*,*,#5052,.F.);
#5055=ORIENTED_EDGE('321',*,*,#5054,.T.);
#5057=ORIENTED_EDGE('413',*,*,#5056,.T.);
#5059=ORIENTED_EDGE('411',*,*,#5058,.T.);
#5061=ORIENTED_EDGE('410',*,*,#5060,.T.);
#5063=ORIENTED_EDGE('412',*,*,#5062,.F.);
#5065=ORIENTED_EDGE('414',*,*,#5064,.T.);
#5067=ORIENTED_EDGE('333',*,*,#5066,.F.);
#5069=ORIENTED_EDGE('329',*,*,#5068,.T.);
#5071=ORIENTED_EDGE('330',*,*,#5070,.T.);
#5073=ORIENTED_EDGE('331',*,*,#5072,.F.);
#5075=ORIENTED_EDGE('332',*,*,#5074,.F.);
#5077=ORIENTED_EDGE('469',*,*,#5076,.F.);
#5079=ORIENTED_EDGE('477',*,*,#5078,.T.);
#5081=ORIENTED_EDGE('577',*,*,#5080,.F.);
#5083=ORIENTED_EDGE('571',*,*,#5082,.T.);
#5085=ORIENTED_EDGE('572',*,*,#5084,.T.);
#5086=EDGE_LOOP('7',(#5042,#5043,#5044,#5045,#5047,#5049,#5051,#5053,#5055,
#5057,#5059,#5061,#5063,#5065,#5067,#5069,#5071,#5073,#5075,#5077,#5079,#5081,
#5083,#5085));
#5087=FACE_OUTER_BOUND('7',#5086,.F.);
#5089=ORIENTED_EDGE('479',*,*,#5088,.F.);
#5091=ORIENTED_EDGE('482',*,*,#5090,.F.);
#5093=ORIENTED_EDGE('481',*,*,#5092,.F.);
#5095=ORIENTED_EDGE('480',*,*,#5094,.F.);
#5096=EDGE_LOOP('7',(#5089,#5091,#5093,#5095));
#5097=FACE_BOUND('7',#5096,.F.);
#5099=ORIENTED_EDGE('483',*,*,#5098,.F.);
#5101=ORIENTED_EDGE('486',*,*,#5100,.F.);
#5103=ORIENTED_EDGE('485',*,*,#5102,.F.);
#5105=ORIENTED_EDGE('484',*,*,#5104,.F.);
#5106=EDGE_LOOP('7',(#5099,#5101,#5103,#5105));
#5107=FACE_BOUND('7',#5106,.F.);
#5109=ORIENTED_EDGE('487',*,*,#5108,.F.);
#5111=ORIENTED_EDGE('490',*,*,#5110,.F.);
#5113=ORIENTED_EDGE('489',*,*,#5112,.F.);
#5115=ORIENTED_EDGE('488',*,*,#5114,.F.);
#5116=EDGE_LOOP('7',(#5109,#5111,#5113,#5115));
#5117=FACE_BOUND('7',#5116,.F.);
#5119=ORIENTED_EDGE('491',*,*,#5118,.F.);
#5121=ORIENTED_EDGE('494',*,*,#5120,.F.);
#5123=ORIENTED_EDGE('493',*,*,#5122,.F.);
#5125=ORIENTED_EDGE('492',*,*,#5124,.F.);
#5126=EDGE_LOOP('7',(#5119,#5121,#5123,#5125));
#5127=FACE_BOUND('7',#5126,.F.);
#5129=ORIENTED_EDGE('495',*,*,#5128,.F.);
#5131=ORIENTED_EDGE('498',*,*,#5130,.F.);
#5133=ORIENTED_EDGE('497',*,*,#5132,.F.);
#5135=ORIENTED_EDGE('496',*,*,#5134,.F.);
#5136=EDGE_LOOP('7',(#5129,#5131,#5133,#5135));
#5137=FACE_BOUND('7',#5136,.F.);
#5139=ORIENTED_EDGE('499',*,*,#5138,.F.);
#5141=ORIENTED_EDGE('502',*,*,#5140,.F.);
#5143=ORIENTED_EDGE('501',*,*,#5142,.F.);
#5145=ORIENTED_EDGE('500',*,*,#5144,.F.);
#5146=EDGE_LOOP('7',(#5139,#5141,#5143,#5145));
#5147=FACE_BOUND('7',#5146,.F.);
#5149=ORIENTED_EDGE('503',*,*,#5148,.F.);
#5151=ORIENTED_EDGE('506',*,*,#5150,.F.);
#5153=ORIENTED_EDGE('505',*,*,#5152,.F.);
#5155=ORIENTED_EDGE('504',*,*,#5154,.F.);
#5156=EDGE_LOOP('7',(#5149,#5151,#5153,#5155));
#5157=FACE_BOUND('7',#5156,.F.);
#5159=ORIENTED_EDGE('507',*,*,#5158,.F.);
#5161=ORIENTED_EDGE('510',*,*,#5160,.F.);
#5163=ORIENTED_EDGE('509',*,*,#5162,.F.);
#5165=ORIENTED_EDGE('508',*,*,#5164,.F.);
#5166=EDGE_LOOP('7',(#5159,#5161,#5163,#5165));
#5167=FACE_BOUND('7',#5166,.F.);
#5169=ORIENTED_EDGE('511',*,*,#5168,.F.);
#5171=ORIENTED_EDGE('514',*,*,#5170,.F.);
#5173=ORIENTED_EDGE('513',*,*,#5172,.F.);
#5175=ORIENTED_EDGE('512',*,*,#5174,.F.);
#5176=EDGE_LOOP('7',(#5169,#5171,#5173,#5175));
#5177=FACE_BOUND('7',#5176,.F.);
#5179=ORIENTED_EDGE('515',*,*,#5178,.F.);
#5181=ORIENTED_EDGE('518',*,*,#5180,.F.);
#5183=ORIENTED_EDGE('517',*,*,#5182,.F.);
#5185=ORIENTED_EDGE('516',*,*,#5184,.F.);
#5186=EDGE_LOOP('7',(#5179,#5181,#5183,#5185));
#5187=FACE_BOUND('7',#5186,.F.);
#5189=ORIENTED_EDGE('580',*,*,#5188,.T.);
#5191=ORIENTED_EDGE('581',*,*,#5190,.T.);
#5192=EDGE_LOOP('7',(#5189,#5191));
#5193=FACE_BOUND('7',#5192,.F.);
#5194=ADVANCED_FACE('7',(#5087,#5097,#5107,#5117,#5127,#5137,#5147,#5157,#5167,
#5177,#5187,#5193),#5041,.T.);
#5195=CARTESIAN_POINT('',(3.56E0,0.E0,0.E0));
#5196=DIRECTION('',(1.E0,0.E0,0.E0));
#5197=DIRECTION('',(0.E0,1.E0,0.E0));
#5198=AXIS2_PLACEMENT_3D('',#5195,#5196,#5197);
#5199=PLANE('6',#5198);
#5201=ORIENTED_EDGE('385',*,*,#5200,.F.);
#5203=ORIENTED_EDGE('395',*,*,#5202,.T.);
#5205=ORIENTED_EDGE('323',*,*,#5204,.F.);
#5206=ORIENTED_EDGE('320',*,*,#5046,.F.);
#5207=ORIENTED_EDGE('304',*,*,#4983,.F.);
#5209=ORIENTED_EDGE('392',*,*,#5208,.T.);
#5210=EDGE_LOOP('6',(#5201,#5203,#5205,#5206,#5207,#5209));
#5211=FACE_OUTER_BOUND('6',#5210,.F.);
#5212=ADVANCED_FACE('6',(#5211),#5199,.T.);
#5213=CARTESIAN_POINT('',(2.54E0,6.770042526092E0,2.384872509548E0));
#5214=DIRECTION('',(0.E0,5.675770671723E-2,-9.983879820632E-1));
#5215=DIRECTION('',(0.E0,-9.983879820632E-1,-5.675770671723E-2));
#5216=AXIS2_PLACEMENT_3D('',#5213,#5214,#5215);
#5217=PLANE('34',#5216);
#5219=ORIENTED_EDGE('402',*,*,#5218,.F.);
#5221=ORIENTED_EDGE('407',*,*,#5220,.T.);
#5223=ORIENTED_EDGE('405',*,*,#5222,.F.);
#5225=ORIENTED_EDGE('399',*,*,#5224,.T.);
#5227=ORIENTED_EDGE('388',*,*,#5226,.F.);
#5228=ORIENTED_EDGE('385',*,*,#5200,.T.);
#5230=ORIENTED_EDGE('383',*,*,#5229,.F.);
#5231=EDGE_LOOP('34',(#5219,#5221,#5223,#5225,#5227,#5228,#5230));
#5232=FACE_OUTER_BOUND('34',#5231,.F.);
#5233=ADVANCED_FACE('34',(#5232),#5217,.F.);
#5234=CARTESIAN_POINT('',(2.54E0,9.32E0,0.E0));
#5235=DIRECTION('',(-1.E0,0.E0,0.E0));
#5236=DIRECTION('',(0.E0,-1.E0,0.E0));
#5237=AXIS2_PLACEMENT_3D('',#5234,#5235,#5236);
#5238=PLANE('4',#5237);
#5240=ORIENTED_EDGE('400',*,*,#5239,.T.);
#5242=ORIENTED_EDGE('401',*,*,#5241,.T.);
#5243=ORIENTED_EDGE('402',*,*,#5218,.T.);
#5245=ORIENTED_EDGE('390',*,*,#5244,.F.);
#5246=ORIENTED_EDGE('302',*,*,#4979,.F.);
#5248=ORIENTED_EDGE('372',*,*,#5247,.T.);
#5250=ORIENTED_EDGE('356',*,*,#5249,.T.);
#5252=ORIENTED_EDGE('357',*,*,#5251,.T.);
#5254=ORIENTED_EDGE('358',*,*,#5253,.F.);
#5256=ORIENTED_EDGE('373',*,*,#5255,.T.);
#5258=ORIENTED_EDGE('308',*,*,#5257,.T.);
#5260=ORIENTED_EDGE('391',*,*,#5259,.F.);
#5261=EDGE_LOOP('4',(#5240,#5242,#5243,#5245,#5246,#5248,#5250,#5252,#5254,
#5256,#5258,#5260));
#5262=FACE_OUTER_BOUND('4',#5261,.F.);
#5263=ADVANCED_FACE('4',(#5262),#5238,.T.);
#5264=CARTESIAN_POINT('',(2.54E0,0.E0,6.17E0));
#5265=DIRECTION('',(0.E0,5.675770671723E-2,9.983879820632E-1));
#5266=DIRECTION('',(0.E0,9.983879820632E-1,-5.675770671723E-2));
#5267=AXIS2_PLACEMENT_3D('',#5264,#5265,#5266);
#5268=PLANE('33',#5267);
#5269=ORIENTED_EDGE('400',*,*,#5239,.F.);
#5271=ORIENTED_EDGE('382',*,*,#5270,.T.);
#5273=ORIENTED_EDGE('384',*,*,#5272,.F.);
#5275=ORIENTED_EDGE('387',*,*,#5274,.T.);
#5277=ORIENTED_EDGE('398',*,*,#5276,.T.);
#5279=ORIENTED_EDGE('403',*,*,#5278,.T.);
#5281=ORIENTED_EDGE('406',*,*,#5280,.F.);
#5282=EDGE_LOOP('33',(#5269,#5271,#5273,#5275,#5277,#5279,#5281));
#5283=FACE_OUTER_BOUND('33',#5282,.F.);
#5284=ADVANCED_FACE('33',(#5283),#5268,.F.);
#5285=CARTESIAN_POINT('',(2.54E0,0.E0,0.E0));
#5286=DIRECTION('',(0.E0,-1.E0,0.E0));
#5287=DIRECTION('',(1.E0,0.E0,0.E0));
#5288=AXIS2_PLACEMENT_3D('',#5285,#5286,#5287);
#5289=PLANE('251',#5288);
#5290=ORIENTED_EDGE('382',*,*,#5270,.F.);
#5291=ORIENTED_EDGE('391',*,*,#5259,.T.);
#5293=ORIENTED_EDGE('309',*,*,#5292,.T.);
#5295=ORIENTED_EDGE('393',*,*,#5294,.F.);
#5296=EDGE_LOOP('251',(#5290,#5291,#5293,#5295));
#5297=FACE_OUTER_BOUND('251',#5296,.F.);
#5298=ADVANCED_FACE('251',(#5297),#5289,.T.);
#5299=CARTESIAN_POINT('',(0.E0,0.E0,8.89E0));
#5300=DIRECTION('',(0.E0,0.E0,1.E0));
#5301=DIRECTION('',(1.E0,0.E0,0.E0));
#5302=AXIS2_PLACEMENT_3D('',#5299,#5300,#5301);
#5303=PLANE('3',#5302);
#5305=ORIENTED_EDGE('519',*,*,#5304,.T.);
#5307=ORIENTED_EDGE('520',*,*,#5306,.T.);
#5309=ORIENTED_EDGE('564',*,*,#5308,.F.);
#5311=ORIENTED_EDGE('344',*,*,#5310,.T.);
#5313=ORIENTED_EDGE('345',*,*,#5312,.T.);
#5315=ORIENTED_EDGE('556',*,*,#5314,.T.);
#5317=ORIENTED_EDGE('408',*,*,#5316,.T.);
#5318=ORIENTED_EDGE('413',*,*,#5056,.F.);
#5320=ORIENTED_EDGE('310',*,*,#5319,.F.);
#5321=ORIENTED_EDGE('309',*,*,#5292,.F.);
#5322=ORIENTED_EDGE('308',*,*,#5257,.F.);
#5324=ORIENTED_EDGE('565',*,*,#5323,.F.);
#5325=EDGE_LOOP('3',(#5305,#5307,#5309,#5311,#5313,#5315,#5317,#5318,#5320,
#5321,#5322,#5324));
#5326=FACE_OUTER_BOUND('3',#5325,.F.);
#5327=ADVANCED_FACE('3',(#5326),#5303,.T.);
#5328=CARTESIAN_POINT('',(6.145E0,9.32E0,8.89E0));
#5329=DIRECTION('',(-8.660254037844E-1,-5.E-1,0.E0));
#5330=DIRECTION('',(5.E-1,-8.660254037844E-1,0.E0));
#5331=AXIS2_PLACEMENT_3D('',#5328,#5329,#5330);
#5332=PLANE('96',#5331);
#5333=ORIENTED_EDGE('519',*,*,#5304,.F.);
#5335=ORIENTED_EDGE('522',*,*,#5334,.T.);
#5337=ORIENTED_EDGE('524',*,*,#5336,.T.);
#5339=ORIENTED_EDGE('526',*,*,#5338,.F.);
#5340=EDGE_LOOP('96',(#5333,#5335,#5337,#5339));
#5341=FACE_OUTER_BOUND('96',#5340,.F.);
#5342=ADVANCED_FACE('96',(#5341),#5332,.F.);
#5343=CARTESIAN_POINT('',(2.245E1,9.32E0,0.E0));
#5344=DIRECTION('',(0.E0,1.E0,0.E0));
#5345=DIRECTION('',(-1.E0,0.E0,0.E0));
#5346=AXIS2_PLACEMENT_3D('',#5343,#5344,#5345);
#5347=PLANE('256',#5346);
#5349=ORIENTED_EDGE('521',*,*,#5348,.F.);
#5350=ORIENTED_EDGE('522',*,*,#5334,.F.);
#5351=ORIENTED_EDGE('565',*,*,#5323,.T.);
#5352=ORIENTED_EDGE('373',*,*,#5255,.F.);
#5354=ORIENTED_EDGE('365',*,*,#5353,.F.);
#5356=ORIENTED_EDGE('377',*,*,#5355,.T.);
#5358=ORIENTED_EDGE('351',*,*,#5357,.T.);
#5360=ORIENTED_EDGE('346',*,*,#5359,.F.);
#5361=ORIENTED_EDGE('564',*,*,#5308,.T.);
#5363=ORIENTED_EDGE('523',*,*,#5362,.T.);
#5364=EDGE_LOOP('256',(#5349,#5350,#5351,#5352,#5354,#5356,#5358,#5360,#5361,
#5363));
#5365=FACE_OUTER_BOUND('256',#5364,.F.);
#5366=ADVANCED_FACE('256',(#5365),#5347,.T.);
#5367=CARTESIAN_POINT('',(0.E0,0.E0,8.69E0));
#5368=DIRECTION('',(0.E0,0.E0,1.E0));
#5369=DIRECTION('',(1.E0,0.E0,0.E0));
#5370=AXIS2_PLACEMENT_3D('',#5367,#5368,#5369);
#5371=PLANE('95',#5370);
#5372=ORIENTED_EDGE('521',*,*,#5348,.T.);
#5374=ORIENTED_EDGE('525',*,*,#5373,.F.);
#5375=ORIENTED_EDGE('524',*,*,#5336,.F.);
#5376=EDGE_LOOP('95',(#5372,#5374,#5375));
#5377=FACE_OUTER_BOUND('95',#5376,.F.);
#5378=ADVANCED_FACE('95',(#5377),#5371,.T.);
#5379=CARTESIAN_POINT('',(7.415E0,7.120295474388E0,8.89E0));
#5380=DIRECTION('',(8.660254037844E-1,-5.E-1,0.E0));
#5381=DIRECTION('',(5.E-1,8.660254037844E-1,0.E0));
#5382=AXIS2_PLACEMENT_3D('',#5379,#5380,#5381);
#5383=PLANE('97',#5382);
#5384=ORIENTED_EDGE('520',*,*,#5306,.F.);
#5385=ORIENTED_EDGE('526',*,*,#5338,.T.);
#5386=ORIENTED_EDGE('525',*,*,#5373,.T.);
#5387=ORIENTED_EDGE('523',*,*,#5362,.F.);
#5388=EDGE_LOOP('97',(#5384,#5385,#5386,#5387));
#5389=FACE_OUTER_BOUND('97',#5388,.F.);
#5390=ADVANCED_FACE('97',(#5389),#5383,.F.);
#5391=CARTESIAN_POINT('',(2.54E0,8.32E0,2.62E0));
#5392=DIRECTION('',(0.E0,0.E0,1.E0));
#5393=DIRECTION('',(0.E0,1.E0,0.E0));
#5394=AXIS2_PLACEMENT_3D('',#5391,#5392,#5393);
#5395=PLANE('261',#5394);
#5396=ORIENTED_EDGE('358',*,*,#5253,.T.);
#5398=ORIENTED_EDGE('380',*,*,#5397,.T.);
#5400=ORIENTED_EDGE('371',*,*,#5399,.F.);
#5401=ORIENTED_EDGE('365',*,*,#5353,.T.);
#5402=EDGE_LOOP('261',(#5396,#5398,#5400,#5401));
#5403=FACE_OUTER_BOUND('261',#5402,.F.);
#5404=ADVANCED_FACE('261',(#5403),#5395,.F.);
#5405=CARTESIAN_POINT('',(2.54E0,8.32E0,1.62E0));
#5406=DIRECTION('',(0.E0,-1.E0,0.E0));
#5407=DIRECTION('',(0.E0,0.E0,1.E0));
#5408=AXIS2_PLACEMENT_3D('',#5405,#5406,#5407);
#5409=PLANE('260',#5408);
#5410=ORIENTED_EDGE('357',*,*,#5251,.F.);
#5412=ORIENTED_EDGE('378',*,*,#5411,.T.);
#5414=ORIENTED_EDGE('370',*,*,#5413,.T.);
#5415=ORIENTED_EDGE('380',*,*,#5397,.F.);
#5416=EDGE_LOOP('260',(#5410,#5412,#5414,#5415));
#5417=FACE_OUTER_BOUND('260',#5416,.F.);
#5418=ADVANCED_FACE('260',(#5417),#5409,.F.);
#5419=CARTESIAN_POINT('',(2.54E0,9.32E0,1.62E0));
#5420=DIRECTION('',(0.E0,0.E0,-1.E0));
#5421=DIRECTION('',(0.E0,-1.E0,0.E0));
#5422=AXIS2_PLACEMENT_3D('',#5419,#5420,#5421);
#5423=PLANE('259',#5422);
#5424=ORIENTED_EDGE('356',*,*,#5249,.F.);
#5426=ORIENTED_EDGE('363',*,*,#5425,.F.);
#5428=ORIENTED_EDGE('369',*,*,#5427,.T.);
#5429=ORIENTED_EDGE('378',*,*,#5411,.F.);
#5430=EDGE_LOOP('259',(#5424,#5426,#5428,#5429));
#5431=FACE_OUTER_BOUND('259',#5430,.F.);
#5432=ADVANCED_FACE('259',(#5431),#5423,.F.);
#5433=CARTESIAN_POINT('',(2.245E1,9.32E0,0.E0));
#5434=DIRECTION('',(0.E0,1.E0,0.E0));
#5435=DIRECTION('',(-1.E0,0.E0,0.E0));
#5436=AXIS2_PLACEMENT_3D('',#5433,#5434,#5435);
#5437=PLANE('11',#5436);
#5439=ORIENTED_EDGE('471',*,*,#5438,.F.);
#5441=ORIENTED_EDGE('475',*,*,#5440,.F.);
#5443=ORIENTED_EDGE('470',*,*,#5442,.F.);
#5445=ORIENTED_EDGE('374',*,*,#5444,.T.);
#5447=ORIENTED_EDGE('362',*,*,#5446,.T.);
#5449=ORIENTED_EDGE('460',*,*,#5448,.F.);
#5451=ORIENTED_EDGE('456',*,*,#5450,.F.);
#5453=ORIENTED_EDGE('463',*,*,#5452,.T.);
#5454=ORIENTED_EDGE('363',*,*,#5425,.T.);
#5455=ORIENTED_EDGE('372',*,*,#5247,.F.);
#5456=ORIENTED_EDGE('473',*,*,#4977,.F.);
#5457=ORIENTED_EDGE('476',*,*,#4997,.F.);
#5458=ORIENTED_EDGE('472',*,*,#5016,.F.);
#5460=ORIENTED_EDGE('474',*,*,#5459,.F.);
#5461=EDGE_LOOP('11',(#5439,#5441,#5443,#5445,#5447,#5449,#5451,#5453,#5454,
#5455,#5456,#5457,#5458,#5460));
#5462=FACE_OUTER_BOUND('11',#5461,.F.);
#5463=ADVANCED_FACE('11',(#5462),#5437,.T.);
#5464=CARTESIAN_POINT('',(0.E0,0.E0,0.E0));
#5465=DIRECTION('',(0.E0,0.E0,1.E0));
#5466=DIRECTION('',(1.E0,0.E0,0.E0));
#5467=AXIS2_PLACEMENT_3D('',#5464,#5465,#5466);
#5468=PLANE('248',#5467);
#5470=ORIENTED_EDGE('567',*,*,#5469,.F.);
#5471=ORIENTED_EDGE('577',*,*,#5080,.T.);
#5473=ORIENTED_EDGE('465',*,*,#5472,.T.);
#5474=ORIENTED_EDGE('471',*,*,#5438,.T.);
#5476=ORIENTED_EDGE('574',*,*,#5475,.F.);
#5478=ORIENTED_EDGE('568',*,*,#5477,.F.);
#5479=EDGE_LOOP('248',(#5470,#5471,#5473,#5474,#5476,#5478));
#5480=FACE_OUTER_BOUND('248',#5479,.F.);
#5481=ADVANCED_FACE('248',(#5480),#5468,.F.);
#5482=CARTESIAN_POINT('',(1.845E1,0.E0,0.E0));
#5483=DIRECTION('',(1.E0,0.E0,0.E0));
#5484=DIRECTION('',(0.E0,1.E0,0.E0));
#5485=AXIS2_PLACEMENT_3D('',#5482,#5483,#5484);
#5486=PLANE('104',#5485);
#5487=ORIENTED_EDGE('567',*,*,#5469,.T.);
#5489=ORIENTED_EDGE('579',*,*,#5488,.F.);
#5490=ORIENTED_EDGE('571',*,*,#5082,.F.);
#5491=EDGE_LOOP('104',(#5487,#5489,#5490));
#5492=FACE_OUTER_BOUND('104',#5491,.F.);
#5493=ADVANCED_FACE('104',(#5492),#5486,.F.);
#5494=CARTESIAN_POINT('',(6.54E0,3.8E-1,2.E0));
#5495=DIRECTION('',(0.E0,9.659258262891E-1,2.588190451025E-1));
#5496=DIRECTION('',(0.E0,2.588190451025E-1,-9.659258262891E-1));
#5497=AXIS2_PLACEMENT_3D('',#5494,#5495,#5496);
#5498=PLANE('103',#5497);
#5499=ORIENTED_EDGE('568',*,*,#5477,.T.);
#5501=ORIENTED_EDGE('573',*,*,#5500,.T.);
#5502=ORIENTED_EDGE('569',*,*,#5012,.T.);
#5503=ORIENTED_EDGE('578',*,*,#5032,.F.);
#5504=ORIENTED_EDGE('572',*,*,#5084,.F.);
#5505=ORIENTED_EDGE('579',*,*,#5488,.T.);
#5506=EDGE_LOOP('103',(#5499,#5501,#5502,#5503,#5504,#5505));
#5507=FACE_OUTER_BOUND('103',#5506,.F.);
#5508=ADVANCED_FACE('103',(#5507),#5498,.F.);
#5509=CARTESIAN_POINT('',(1.2495E1,9.32E0,0.E0));
#5510=DIRECTION('',(0.E0,1.E0,0.E0));
#5511=DIRECTION('',(1.E0,0.E0,0.E0));
#5512=AXIS2_PLACEMENT_3D('',#5509,#5510,#5511);
#5513=CYLINDRICAL_SURFACE('52',#5512,3.8E-1);
#5514=ORIENTED_EDGE('573',*,*,#5500,.F.);
#5515=ORIENTED_EDGE('574',*,*,#5475,.T.);
#5516=ORIENTED_EDGE('474',*,*,#5459,.T.);
#5517=ORIENTED_EDGE('575',*,*,#5014,.F.);
#5518=EDGE_LOOP('52',(#5514,#5515,#5516,#5517));
#5519=FACE_OUTER_BOUND('52',#5518,.F.);
#5520=ADVANCED_FACE('52',(#5519),#5513,.T.);
#5521=CARTESIAN_POINT('',(1.9075E1,9.32E0,0.E0));
#5522=DIRECTION('',(0.E0,1.E0,0.E0));
#5523=DIRECTION('',(1.E0,0.E0,0.E0));
#5524=AXIS2_PLACEMENT_3D('',#5521,#5522,#5523);
#5525=CYLINDRICAL_SURFACE('53',#5524,3.8E-1);
#5527=ORIENTED_EDGE('464',*,*,#5526,.T.);
#5528=ORIENTED_EDGE('475',*,*,#5440,.T.);
#5529=ORIENTED_EDGE('465',*,*,#5472,.F.);
#5530=ORIENTED_EDGE('477',*,*,#5078,.F.);
#5531=EDGE_LOOP('53',(#5527,#5528,#5529,#5530));
#5532=FACE_OUTER_BOUND('53',#5531,.F.);
#5533=ADVANCED_FACE('53',(#5532),#5525,.T.);
#5534=CARTESIAN_POINT('',(0.E0,0.E0,0.E0));
#5535=DIRECTION('',(0.E0,0.E0,1.E0));
#5536=DIRECTION('',(1.E0,0.E0,0.E0));
#5537=AXIS2_PLACEMENT_3D('',#5534,#5535,#5536);
#5538=PLANE('249',#5537);
#5539=ORIENTED_EDGE('464',*,*,#5526,.F.);
#5540=ORIENTED_EDGE('469',*,*,#5076,.T.);
#5542=ORIENTED_EDGE('305',*,*,#5541,.T.);
#5544=ORIENTED_EDGE('306',*,*,#5543,.T.);
#5546=ORIENTED_EDGE('307',*,*,#5545,.T.);
#5547=ORIENTED_EDGE('470',*,*,#5442,.T.);
#5548=EDGE_LOOP('249',(#5539,#5540,#5542,#5544,#5546,#5547));
#5549=FACE_OUTER_BOUND('249',#5548,.F.);
#5550=ADVANCED_FACE('249',(#5549),#5538,.F.);
#5551=CARTESIAN_POINT('',(2.143E1,3.8E-1,0.E0));
#5552=DIRECTION('',(-1.E0,0.E0,0.E0));
#5553=DIRECTION('',(0.E0,-1.E0,0.E0));
#5554=AXIS2_PLACEMENT_3D('',#5551,#5552,#5553);
#5555=PLANE('8',#5554);
#5557=ORIENTED_EDGE('533',*,*,#5556,.T.);
#5559=ORIENTED_EDGE('537',*,*,#5558,.F.);
#5560=ORIENTED_EDGE('305',*,*,#5541,.F.);
#5561=ORIENTED_EDGE('332',*,*,#5074,.T.);
#5563=ORIENTED_EDGE('337',*,*,#5562,.T.);
#5565=ORIENTED_EDGE('539',*,*,#5564,.T.);
#5566=EDGE_LOOP('8',(#5557,#5559,#5560,#5561,#5563,#5565));
#5567=FACE_OUTER_BOUND('8',#5566,.F.);
#5568=ADVANCED_FACE('8',(#5567),#5555,.T.);
#5569=CARTESIAN_POINT('',(2.245E1,0.E0,2.E0));
#5570=DIRECTION('',(0.E0,6.014133031084E-2,-9.981898719124E-1));
#5571=DIRECTION('',(0.E0,9.981898719124E-1,6.014133031084E-2));
#5572=AXIS2_PLACEMENT_3D('',#5569,#5570,#5571);
#5573=PLANE('98',#5572);
#5575=ORIENTED_EDGE('550',*,*,#5574,.T.);
#5577=ORIENTED_EDGE('547',*,*,#5576,.F.);
#5579=ORIENTED_EDGE('545',*,*,#5578,.F.);
#5581=ORIENTED_EDGE('527',*,*,#5580,.T.);
#5582=ORIENTED_EDGE('533',*,*,#5556,.F.);
#5584=ORIENTED_EDGE('535',*,*,#5583,.F.);
#5586=ORIENTED_EDGE('531',*,*,#5585,.T.);
#5587=EDGE_LOOP('98',(#5575,#5577,#5579,#5581,#5582,#5584,#5586));
#5588=FACE_OUTER_BOUND('98',#5587,.F.);
#5589=ADVANCED_FACE('98',(#5588),#5573,.F.);
#5590=CARTESIAN_POINT('',(2.123650707525E1,2.92E0,7.62E0));
#5591=DIRECTION('',(9.993908270191E-1,-3.489949670250E-2,0.E0));
#5592=DIRECTION('',(3.489949670250E-2,9.993908270191E-1,0.E0));
#5593=AXIS2_PLACEMENT_3D('',#5590,#5591,#5592);
#5594=PLANE('21',#5593);
#5596=ORIENTED_EDGE('552',*,*,#5595,.F.);
#5597=ORIENTED_EDGE('550',*,*,#5574,.F.);
#5599=ORIENTED_EDGE('542',*,*,#5598,.T.);
#5601=ORIENTED_EDGE('461',*,*,#5600,.T.);
#5603=ORIENTED_EDGE('458',*,*,#5602,.F.);
#5604=ORIENTED_EDGE('460',*,*,#5448,.T.);
#5606=ORIENTED_EDGE('366',*,*,#5605,.T.);
#5608=ORIENTED_EDGE('367',*,*,#5607,.T.);
#5610=ORIENTED_EDGE('368',*,*,#5609,.F.);
#5612=ORIENTED_EDGE('376',*,*,#5611,.T.);
#5614=ORIENTED_EDGE('339',*,*,#5613,.F.);
#5616=ORIENTED_EDGE('541',*,*,#5615,.T.);
#5618=ORIENTED_EDGE('549',*,*,#5617,.F.);
#5619=EDGE_LOOP('21',(#5596,#5597,#5599,#5601,#5603,#5604,#5606,#5608,#5610,
#5612,#5614,#5616,#5618));
#5620=FACE_OUTER_BOUND('21',#5619,.F.);
#5621=ADVANCED_FACE('21',(#5620),#5594,.F.);
#5622=CARTESIAN_POINT('',(2.245E1,6.39E0,1.098699539667E0));
#5623=DIRECTION('',(3.420201433257E-1,9.396926207859E-1,0.E0));
#5624=DIRECTION('',(0.E0,0.E0,1.E0));
#5625=AXIS2_PLACEMENT_3D('',#5622,#5623,#5624);
#5626=PLANE('101',#5625);
#5628=ORIENTED_EDGE('551',*,*,#5627,.F.);
#5629=ORIENTED_EDGE('547',*,*,#5576,.T.);
#5630=ORIENTED_EDGE('552',*,*,#5595,.T.);
#5632=ORIENTED_EDGE('548',*,*,#5631,.F.);
#5633=EDGE_LOOP('101',(#5628,#5629,#5630,#5632));
#5634=FACE_OUTER_BOUND('101',#5633,.F.);
#5635=ADVANCED_FACE('101',(#5634),#5626,.F.);
#5636=CARTESIAN_POINT('',(2.245E1,0.E0,0.E0));
#5637=DIRECTION('',(1.E0,0.E0,0.E0));
#5638=DIRECTION('',(0.E0,1.E0,0.E0));
#5639=AXIS2_PLACEMENT_3D('',#5636,#5637,#5638);
#5640=PLANE('10',#5639);
#5641=ORIENTED_EDGE('551',*,*,#5627,.T.);
#5643=ORIENTED_EDGE('546',*,*,#5642,.T.);
#5645=ORIENTED_EDGE('530',*,*,#5644,.T.);
#5647=ORIENTED_EDGE('313',*,*,#5646,.T.);
#5649=ORIENTED_EDGE('375',*,*,#5648,.F.);
#5651=ORIENTED_EDGE('361',*,*,#5650,.T.);
#5653=ORIENTED_EDGE('360',*,*,#5652,.F.);
#5655=ORIENTED_EDGE('359',*,*,#5654,.F.);
#5656=ORIENTED_EDGE('374',*,*,#5444,.F.);
#5657=ORIENTED_EDGE('307',*,*,#5545,.F.);
#5659=ORIENTED_EDGE('529',*,*,#5658,.T.);
#5660=ORIENTED_EDGE('545',*,*,#5578,.T.);
#5661=EDGE_LOOP('10',(#5641,#5643,#5645,#5647,#5649,#5651,#5653,#5655,#5656,
#5657,#5659,#5660));
#5662=FACE_OUTER_BOUND('10',#5661,.F.);
#5663=ADVANCED_FACE('10',(#5662),#5640,.T.);
#5664=CARTESIAN_POINT('',(2.245E1,6.39E0,5.785E0));
#5665=DIRECTION('',(0.E0,6.014133031084E-2,9.981898719124E-1));
#5666=DIRECTION('',(0.E0,-9.981898719124E-1,6.014133031084E-2));
#5667=AXIS2_PLACEMENT_3D('',#5664,#5665,#5666);
#5668=PLANE('99',#5667);
#5669=ORIENTED_EDGE('546',*,*,#5642,.F.);
#5670=ORIENTED_EDGE('548',*,*,#5631,.T.);
#5671=ORIENTED_EDGE('549',*,*,#5617,.T.);
#5673=ORIENTED_EDGE('532',*,*,#5672,.T.);
#5675=ORIENTED_EDGE('536',*,*,#5674,.F.);
#5677=ORIENTED_EDGE('534',*,*,#5676,.T.);
#5679=ORIENTED_EDGE('528',*,*,#5678,.F.);
#5680=EDGE_LOOP('99',(#5669,#5670,#5671,#5673,#5675,#5677,#5679));
#5681=FACE_OUTER_BOUND('99',#5680,.F.);
#5682=ADVANCED_FACE('99',(#5681),#5668,.F.);
#5683=CARTESIAN_POINT('',(2.123650707525E1,2.92E0,7.62E0));
#5684=DIRECTION('',(9.993908270191E-1,-3.489949670250E-2,0.E0));
#5685=DIRECTION('',(3.489949670250E-2,9.993908270191E-1,0.E0));
#5686=AXIS2_PLACEMENT_3D('',#5683,#5684,#5685);
#5687=PLANE('100',#5686);
#5688=ORIENTED_EDGE('531',*,*,#5585,.F.);
#5690=ORIENTED_EDGE('543',*,*,#5689,.T.);
#5691=ORIENTED_EDGE('532',*,*,#5672,.F.);
#5693=ORIENTED_EDGE('544',*,*,#5692,.F.);
#5694=EDGE_LOOP('100',(#5688,#5690,#5691,#5693));
#5695=FACE_OUTER_BOUND('100',#5694,.F.);
#5696=ADVANCED_FACE('100',(#5695),#5687,.T.);
#5697=CARTESIAN_POINT('',(3.56E0,2.41E0,0.E0));
#5698=DIRECTION('',(0.E0,-1.E0,0.E0));
#5699=DIRECTION('',(1.E0,0.E0,0.E0));
#5700=AXIS2_PLACEMENT_3D('',#5697,#5698,#5699);
#5701=PLANE('257',#5700);
#5702=ORIENTED_EDGE('535',*,*,#5583,.T.);
#5703=ORIENTED_EDGE('539',*,*,#5564,.F.);
#5705=ORIENTED_EDGE('328',*,*,#5704,.F.);
#5707=ORIENTED_EDGE('327',*,*,#5706,.F.);
#5709=ORIENTED_EDGE('326',*,*,#5708,.F.);
#5711=ORIENTED_EDGE('540',*,*,#5710,.F.);
#5712=ORIENTED_EDGE('536',*,*,#5674,.T.);
#5713=ORIENTED_EDGE('543',*,*,#5689,.F.);
#5714=EDGE_LOOP('257',(#5702,#5703,#5705,#5707,#5709,#5711,#5712,#5713));
#5715=FACE_OUTER_BOUND('257',#5714,.F.);
#5716=ADVANCED_FACE('257',(#5715),#5701,.T.);
#5717=CARTESIAN_POINT('',(1.94E1,3.8E-1,1.07E0));
#5718=DIRECTION('',(0.E0,0.E0,-1.E0));
#5719=DIRECTION('',(1.E0,0.E0,0.E0));
#5720=AXIS2_PLACEMENT_3D('',#5717,#5718,#5719);
#5721=PLANE('18',#5720);
#5722=ORIENTED_EDGE('331',*,*,#5072,.T.);
#5724=ORIENTED_EDGE('336',*,*,#5723,.T.);
#5725=ORIENTED_EDGE('328',*,*,#5704,.T.);
#5726=ORIENTED_EDGE('337',*,*,#5562,.F.);
#5727=EDGE_LOOP('18',(#5722,#5724,#5725,#5726));
#5728=FACE_OUTER_BOUND('18',#5727,.F.);
#5729=ADVANCED_FACE('18',(#5728),#5721,.F.);
#5730=CARTESIAN_POINT('',(1.94E1,3.8E-1,7.82E0));
#5731=DIRECTION('',(-1.E0,0.E0,0.E0));
#5732=DIRECTION('',(0.E0,0.E0,-1.E0));
#5733=AXIS2_PLACEMENT_3D('',#5730,#5731,#5732);
#5734=PLANE('17',#5733);
#5735=ORIENTED_EDGE('330',*,*,#5070,.F.);
#5737=ORIENTED_EDGE('335',*,*,#5736,.T.);
#5738=ORIENTED_EDGE('327',*,*,#5706,.T.);
#5739=ORIENTED_EDGE('336',*,*,#5723,.F.);
#5740=EDGE_LOOP('17',(#5735,#5737,#5738,#5739));
#5741=FACE_OUTER_BOUND('17',#5740,.F.);
#5742=ADVANCED_FACE('17',(#5741),#5734,.F.);
#5743=CARTESIAN_POINT('',(2.143E1,3.8E-1,7.82E0));
#5744=DIRECTION('',(0.E0,0.E0,1.E0));
#5745=DIRECTION('',(-1.E0,0.E0,0.E0));
#5746=AXIS2_PLACEMENT_3D('',#5743,#5744,#5745);
#5747=PLANE('16',#5746);
#5748=ORIENTED_EDGE('329',*,*,#5068,.F.);
#5750=ORIENTED_EDGE('334',*,*,#5749,.T.);
#5751=ORIENTED_EDGE('326',*,*,#5708,.T.);
#5752=ORIENTED_EDGE('335',*,*,#5736,.F.);
#5753=EDGE_LOOP('16',(#5748,#5750,#5751,#5752));
#5754=FACE_OUTER_BOUND('16',#5753,.F.);
#5755=ADVANCED_FACE('16',(#5754),#5747,.F.);
#5756=CARTESIAN_POINT('',(2.143E1,3.8E-1,0.E0));
#5757=DIRECTION('',(-1.E0,0.E0,0.E0));
#5758=DIRECTION('',(0.E0,-1.E0,0.E0));
#5759=AXIS2_PLACEMENT_3D('',#5756,#5757,#5758);
#5760=PLANE('253',#5759);
#5761=ORIENTED_EDGE('534',*,*,#5676,.F.);
#5762=ORIENTED_EDGE('540',*,*,#5710,.T.);
#5763=ORIENTED_EDGE('334',*,*,#5749,.F.);
#5764=ORIENTED_EDGE('333',*,*,#5066,.T.);
#5766=ORIENTED_EDGE('311',*,*,#5765,.T.);
#5768=ORIENTED_EDGE('538',*,*,#5767,.F.);
#5769=EDGE_LOOP('253',(#5761,#5762,#5763,#5764,#5766,#5768));
#5770=FACE_OUTER_BOUND('253',#5769,.F.);
#5771=ADVANCED_FACE('253',(#5770),#5760,.T.);
#5772=CARTESIAN_POINT('',(0.E0,0.E0,8.89E0));
#5773=DIRECTION('',(0.E0,0.E0,1.E0));
#5774=DIRECTION('',(1.E0,0.E0,0.E0));
#5775=AXIS2_PLACEMENT_3D('',#5772,#5773,#5774);
#5776=PLANE('250',#5775);
#5778=ORIENTED_EDGE('409',*,*,#5777,.F.);
#5780=ORIENTED_EDGE('415',*,*,#5779,.F.);
#5781=ORIENTED_EDGE('313',*,*,#5646,.F.);
#5783=ORIENTED_EDGE('312',*,*,#5782,.F.);
#5784=ORIENTED_EDGE('311',*,*,#5765,.F.);
#5785=ORIENTED_EDGE('414',*,*,#5064,.F.);
#5786=EDGE_LOOP('250',(#5778,#5780,#5781,#5783,#5784,#5785));
#5787=FACE_OUTER_BOUND('250',#5786,.F.);
#5788=ADVANCED_FACE('250',(#5787),#5776,.T.);
#5789=CARTESIAN_POINT('',(1.846E1,3.8E-1,8.89E0));
#5790=DIRECTION('',(1.E0,0.E0,0.E0));
#5791=DIRECTION('',(0.E0,1.E0,0.E0));
#5792=AXIS2_PLACEMENT_3D('',#5789,#5790,#5791);
#5793=PLANE('38',#5792);
#5795=ORIENTED_EDGE('441',*,*,#5794,.F.);
#5797=ORIENTED_EDGE('447',*,*,#5796,.F.);
#5798=ORIENTED_EDGE('409',*,*,#5777,.T.);
#5799=ORIENTED_EDGE('412',*,*,#5062,.T.);
#5801=ORIENTED_EDGE('449',*,*,#5800,.T.);
#5803=ORIENTED_EDGE('442',*,*,#5802,.T.);
#5804=EDGE_LOOP('38',(#5795,#5797,#5798,#5799,#5801,#5803));
#5805=FACE_OUTER_BOUND('38',#5804,.F.);
#5806=ADVANCED_FACE('38',(#5805),#5793,.F.);
#5807=CARTESIAN_POINT('',(0.E0,0.E0,8.22E0));
#5808=DIRECTION('',(0.E0,0.E0,1.E0));
#5809=DIRECTION('',(1.E0,0.E0,0.E0));
#5810=AXIS2_PLACEMENT_3D('',#5807,#5808,#5809);
#5811=PLANE('40',#5810);
#5812=ORIENTED_EDGE('441',*,*,#5794,.T.);
#5814=ORIENTED_EDGE('452',*,*,#5813,.F.);
#5816=ORIENTED_EDGE('429',*,*,#5815,.F.);
#5818=ORIENTED_EDGE('428',*,*,#5817,.F.);
#5820=ORIENTED_EDGE('427',*,*,#5819,.F.);
#5822=ORIENTED_EDGE('426',*,*,#5821,.F.);
#5824=ORIENTED_EDGE('425',*,*,#5823,.F.);
#5826=ORIENTED_EDGE('424',*,*,#5825,.F.);
#5828=ORIENTED_EDGE('423',*,*,#5827,.F.);
#5830=ORIENTED_EDGE('431',*,*,#5829,.F.);
#5832=ORIENTED_EDGE('430',*,*,#5831,.F.);
#5834=ORIENTED_EDGE('453',*,*,#5833,.F.);
#5835=EDGE_LOOP('40',(#5812,#5814,#5816,#5818,#5820,#5822,#5824,#5826,#5828,
#5830,#5832,#5834));
#5836=FACE_OUTER_BOUND('40',#5835,.F.);
#5837=ADVANCED_FACE('40',(#5836),#5811,.T.);
#5838=CARTESIAN_POINT('',(1.703E1,2.22E0,7.62E0));
#5839=DIRECTION('',(0.E0,-1.E0,0.E0));
#5840=DIRECTION('',(1.E0,0.E0,0.E0));
#5841=AXIS2_PLACEMENT_3D('',#5838,#5839,#5840);
#5842=PLANE('48',#5841);
#5843=ORIENTED_EDGE('442',*,*,#5802,.F.);
#5845=ORIENTED_EDGE('446',*,*,#5844,.T.);
#5847=ORIENTED_EDGE('455',*,*,#5846,.T.);
#5848=ORIENTED_EDGE('452',*,*,#5813,.T.);
#5849=EDGE_LOOP('48',(#5843,#5845,#5847,#5848));
#5850=FACE_OUTER_BOUND('48',#5849,.F.);
#5851=ADVANCED_FACE('48',(#5850),#5842,.T.);
#5852=CARTESIAN_POINT('',(0.E0,0.E0,7.62E0));
#5853=DIRECTION('',(0.E0,0.E0,1.E0));
#5854=DIRECTION('',(1.E0,0.E0,0.E0));
#5855=AXIS2_PLACEMENT_3D('',#5852,#5853,#5854);
#5856=PLANE('39',#5855);
#5858=ORIENTED_EDGE('443',*,*,#5857,.T.);
#5860=ORIENTED_EDGE('444',*,*,#5859,.F.);
#5862=ORIENTED_EDGE('448',*,*,#5861,.T.);
#5864=ORIENTED_EDGE('445',*,*,#5863,.T.);
#5865=ORIENTED_EDGE('446',*,*,#5844,.F.);
#5866=ORIENTED_EDGE('449',*,*,#5800,.F.);
#5867=ORIENTED_EDGE('410',*,*,#5060,.F.);
#5869=ORIENTED_EDGE('416',*,*,#5868,.F.);
#5871=ORIENTED_EDGE('553',*,*,#5870,.F.);
#5873=ORIENTED_EDGE('555',*,*,#5872,.T.);
#5875=ORIENTED_EDGE('561',*,*,#5874,.T.);
#5876=EDGE_LOOP('39',(#5858,#5860,#5862,#5864,#5865,#5866,#5867,#5869,#5871,
#5873,#5875));
#5877=FACE_OUTER_BOUND('39',#5876,.F.);
#5878=ADVANCED_FACE('39',(#5877),#5856,.T.);
#5879=CARTESIAN_POINT('',(1.415E1,2.22E0,7.62E0));
#5880=DIRECTION('',(0.E0,-1.E0,0.E0));
#5881=DIRECTION('',(1.E0,0.E0,0.E0));
#5882=AXIS2_PLACEMENT_3D('',#5879,#5880,#5881);
#5883=PLANE('44',#5882);
#5884=ORIENTED_EDGE('443',*,*,#5857,.F.);
#5886=ORIENTED_EDGE('560',*,*,#5885,.F.);
#5888=ORIENTED_EDGE('435',*,*,#5887,.T.);
#5889=ORIENTED_EDGE('426',*,*,#5821,.T.);
#5891=ORIENTED_EDGE('454',*,*,#5890,.F.);
#5892=EDGE_LOOP('44',(#5884,#5886,#5888,#5889,#5891));
#5893=FACE_OUTER_BOUND('44',#5892,.F.);
#5894=ADVANCED_FACE('44',(#5893),#5883,.T.);
#5895=CARTESIAN_POINT('',(0.E0,0.E0,7.62E0));
#5896=DIRECTION('',(0.E0,0.E0,1.E0));
#5897=DIRECTION('',(1.E0,0.E0,0.E0));
#5898=AXIS2_PLACEMENT_3D('',#5895,#5896,#5897);
#5899=PLANE('258',#5898);
#5901=ORIENTED_EDGE('563',*,*,#5900,.F.);
#5903=ORIENTED_EDGE('421',*,*,#5902,.T.);
#5905=ORIENTED_EDGE('422',*,*,#5904,.T.);
#5907=ORIENTED_EDGE('417',*,*,#5906,.T.);
#5909=ORIENTED_EDGE('418',*,*,#5908,.T.);
#5911=ORIENTED_EDGE('419',*,*,#5910,.T.);
#5912=ORIENTED_EDGE('560',*,*,#5885,.T.);
#5914=ORIENTED_EDGE('559',*,*,#5913,.F.);
#5916=ORIENTED_EDGE('440',*,*,#5915,.T.);
#5918=ORIENTED_EDGE('450',*,*,#5917,.T.);
#5920=ORIENTED_EDGE('420',*,*,#5919,.T.);
#5922=ORIENTED_EDGE('451',*,*,#5921,.T.);
#5924=ORIENTED_EDGE('584',*,*,#5923,.T.);
#5925=ORIENTED_EDGE('339',*,*,#5613,.T.);
#5926=EDGE_LOOP('258',(#5901,#5903,#5905,#5907,#5909,#5911,#5912,#5914,#5916,
#5918,#5920,#5922,#5924,#5925));
#5927=FACE_OUTER_BOUND('258',#5926,.F.);
#5928=ADVANCED_FACE('258',(#5927),#5899,.F.);
#5929=CARTESIAN_POINT('',(2.245E1,9.32E0,0.E0));
#5930=DIRECTION('',(0.E0,1.E0,0.E0));
#5931=DIRECTION('',(-1.E0,0.E0,0.E0));
#5932=AXIS2_PLACEMENT_3D('',#5929,#5930,#5931);
#5933=PLANE('255',#5932);
#5934=ORIENTED_EDGE('447',*,*,#5796,.T.);
#5935=ORIENTED_EDGE('453',*,*,#5833,.T.);
#5937=ORIENTED_EDGE('438',*,*,#5936,.F.);
#5938=ORIENTED_EDGE('563',*,*,#5900,.T.);
#5939=ORIENTED_EDGE('376',*,*,#5611,.F.);
#5941=ORIENTED_EDGE('364',*,*,#5940,.F.);
#5942=ORIENTED_EDGE('375',*,*,#5648,.T.);
#5943=ORIENTED_EDGE('415',*,*,#5779,.T.);
#5944=EDGE_LOOP('255',(#5934,#5935,#5937,#5938,#5939,#5941,#5942,#5943));
#5945=FACE_OUTER_BOUND('255',#5944,.F.);
#5946=ADVANCED_FACE('255',(#5945),#5933,.T.);
#5947=CARTESIAN_POINT('',(1.7355E1,9.32E0,7.62E0));
#5948=DIRECTION('',(-1.E0,0.E0,0.E0));
#5949=DIRECTION('',(0.E0,-1.E0,0.E0));
#5950=AXIS2_PLACEMENT_3D('',#5947,#5948,#5949);
#5951=PLANE('49',#5950);
#5952=ORIENTED_EDGE('421',*,*,#5902,.F.);
#5953=ORIENTED_EDGE('438',*,*,#5936,.T.);
#5954=ORIENTED_EDGE('430',*,*,#5831,.T.);
#5956=ORIENTED_EDGE('439',*,*,#5955,.F.);
#5957=EDGE_LOOP('49',(#5952,#5953,#5954,#5956));
#5958=FACE_OUTER_BOUND('49',#5957,.F.);
#5959=ADVANCED_FACE('49',(#5958),#5951,.T.);
#5960=CARTESIAN_POINT('',(1.7355E1,8.32E0,7.62E0));
#5961=DIRECTION('',(0.E0,1.E0,0.E0));
#5962=DIRECTION('',(-1.E0,0.E0,0.E0));
#5963=AXIS2_PLACEMENT_3D('',#5960,#5961,#5962);
#5964=PLANE('50',#5963);
#5965=ORIENTED_EDGE('422',*,*,#5904,.F.);
#5966=ORIENTED_EDGE('439',*,*,#5955,.T.);
#5967=ORIENTED_EDGE('431',*,*,#5829,.T.);
#5969=ORIENTED_EDGE('432',*,*,#5968,.F.);
#5970=EDGE_LOOP('50',(#5965,#5966,#5967,#5969));
#5971=FACE_OUTER_BOUND('50',#5970,.F.);
#5972=ADVANCED_FACE('50',(#5971),#5964,.T.);
#5973=CARTESIAN_POINT('',(1.5255E1,8.32E0,7.62E0));
#5974=DIRECTION('',(1.E0,0.E0,0.E0));
#5975=DIRECTION('',(0.E0,1.E0,0.E0));
#5976=AXIS2_PLACEMENT_3D('',#5973,#5974,#5975);
#5977=PLANE('41',#5976);
#5978=ORIENTED_EDGE('417',*,*,#5906,.F.);
#5979=ORIENTED_EDGE('432',*,*,#5968,.T.);
#5980=ORIENTED_EDGE('423',*,*,#5827,.T.);
#5982=ORIENTED_EDGE('433',*,*,#5981,.F.);
#5983=EDGE_LOOP('41',(#5978,#5979,#5980,#5982));
#5984=FACE_OUTER_BOUND('41',#5983,.F.);
#5985=ADVANCED_FACE('41',(#5984),#5977,.T.);
#5986=CARTESIAN_POINT('',(1.5255E1,9.32E0,7.62E0));
#5987=DIRECTION('',(0.E0,1.E0,0.E0));
#5988=DIRECTION('',(-1.E0,0.E0,0.E0));
#5989=AXIS2_PLACEMENT_3D('',#5986,#5987,#5988);
#5990=PLANE('42',#5989);
#5991=ORIENTED_EDGE('418',*,*,#5908,.F.);
#5992=ORIENTED_EDGE('433',*,*,#5981,.T.);
#5993=ORIENTED_EDGE('424',*,*,#5825,.T.);
#5995=ORIENTED_EDGE('434',*,*,#5994,.F.);
#5996=EDGE_LOOP('42',(#5991,#5992,#5993,#5995));
#5997=FACE_OUTER_BOUND('42',#5996,.F.);
#5998=ADVANCED_FACE('42',(#5997),#5990,.T.);
#5999=CARTESIAN_POINT('',(1.415E1,9.32E0,7.62E0));
#6000=DIRECTION('',(-1.E0,0.E0,0.E0));
#6001=DIRECTION('',(0.E0,-1.E0,0.E0));
#6002=AXIS2_PLACEMENT_3D('',#5999,#6000,#6001);
#6003=PLANE('43',#6002);
#6004=ORIENTED_EDGE('419',*,*,#5910,.F.);
#6005=ORIENTED_EDGE('434',*,*,#5994,.T.);
#6006=ORIENTED_EDGE('425',*,*,#5823,.T.);
#6007=ORIENTED_EDGE('435',*,*,#5887,.F.);
#6008=EDGE_LOOP('43',(#6004,#6005,#6006,#6007));
#6009=FACE_OUTER_BOUND('43',#6008,.F.);
#6010=ADVANCED_FACE('43',(#6009),#6003,.T.);
#6011=CARTESIAN_POINT('',(2.54E0,8.32E0,2.62E0));
#6012=DIRECTION('',(0.E0,0.E0,1.E0));
#6013=DIRECTION('',(0.E0,1.E0,0.E0));
#6014=AXIS2_PLACEMENT_3D('',#6011,#6012,#6013);
#6015=PLANE('32',#6014);
#6016=ORIENTED_EDGE('361',*,*,#5650,.F.);
#6017=ORIENTED_EDGE('364',*,*,#5940,.T.);
#6018=ORIENTED_EDGE('368',*,*,#5609,.T.);
#6020=ORIENTED_EDGE('381',*,*,#6019,.T.);
#6021=EDGE_LOOP('32',(#6016,#6017,#6018,#6020));
#6022=FACE_OUTER_BOUND('32',#6021,.F.);
#6023=ADVANCED_FACE('32',(#6022),#6015,.F.);
#6024=CARTESIAN_POINT('',(2.54E0,8.32E0,1.62E0));
#6025=DIRECTION('',(0.E0,-1.E0,0.E0));
#6026=DIRECTION('',(0.E0,0.E0,1.E0));
#6027=AXIS2_PLACEMENT_3D('',#6024,#6025,#6026);
#6028=PLANE('31',#6027);
#6029=ORIENTED_EDGE('360',*,*,#5652,.T.);
#6030=ORIENTED_EDGE('381',*,*,#6019,.F.);
#6031=ORIENTED_EDGE('367',*,*,#5607,.F.);
#6033=ORIENTED_EDGE('379',*,*,#6032,.T.);
#6034=EDGE_LOOP('31',(#6029,#6030,#6031,#6033));
#6035=FACE_OUTER_BOUND('31',#6034,.F.);
#6036=ADVANCED_FACE('31',(#6035),#6028,.F.);
#6037=CARTESIAN_POINT('',(2.54E0,9.32E0,1.62E0));
#6038=DIRECTION('',(0.E0,0.E0,-1.E0));
#6039=DIRECTION('',(0.E0,-1.E0,0.E0));
#6040=AXIS2_PLACEMENT_3D('',#6037,#6038,#6039);
#6041=PLANE('30',#6040);
#6042=ORIENTED_EDGE('359',*,*,#5654,.T.);
#6043=ORIENTED_EDGE('379',*,*,#6032,.F.);
#6044=ORIENTED_EDGE('366',*,*,#5605,.F.);
#6045=ORIENTED_EDGE('362',*,*,#5446,.F.);
#6046=EDGE_LOOP('30',(#6042,#6043,#6044,#6045));
#6047=FACE_OUTER_BOUND('30',#6046,.F.);
#6048=ADVANCED_FACE('30',(#6047),#6041,.F.);
#6049=CARTESIAN_POINT('',(1.5035E1,2.02E0,8.89E0));
#6050=DIRECTION('',(1.E0,0.E0,0.E0));
#6051=DIRECTION('',(0.E0,1.E0,0.E0));
#6052=AXIS2_PLACEMENT_3D('',#6049,#6050,#6051);
#6053=PLANE('29',#6052);
#6054=ORIENTED_EDGE('559',*,*,#5913,.T.);
#6055=ORIENTED_EDGE('561',*,*,#5874,.F.);
#6057=ORIENTED_EDGE('558',*,*,#6056,.T.);
#6059=ORIENTED_EDGE('353',*,*,#6058,.T.);
#6061=ORIENTED_EDGE('562',*,*,#6060,.F.);
#6062=EDGE_LOOP('29',(#6054,#6055,#6057,#6059,#6061));
#6063=FACE_OUTER_BOUND('29',#6062,.F.);
#6064=ADVANCED_FACE('29',(#6063),#6053,.F.);
#6065=CARTESIAN_POINT('',(1.4835E1,2.02E0,8.89E0));
#6066=DIRECTION('',(0.E0,0.E0,1.E0));
#6067=DIRECTION('',(1.E0,0.E0,0.E0));
#6068=AXIS2_PLACEMENT_3D('',#6065,#6066,#6067);
#6069=CYLINDRICAL_SURFACE('28',#6068,2.E-1);
#6070=ORIENTED_EDGE('555',*,*,#5872,.F.);
#6072=ORIENTED_EDGE('557',*,*,#6071,.T.);
#6074=ORIENTED_EDGE('343',*,*,#6073,.T.);
#6075=ORIENTED_EDGE('558',*,*,#6056,.F.);
#6076=EDGE_LOOP('28',(#6070,#6072,#6074,#6075));
#6077=FACE_OUTER_BOUND('28',#6076,.F.);
#6078=ADVANCED_FACE('28',(#6077),#6069,.F.);
#6079=CARTESIAN_POINT('',(1.0155E1,1.82E0,8.89E0));
#6080=DIRECTION('',(0.E0,-1.E0,0.E0));
#6081=DIRECTION('',(1.E0,0.E0,0.E0));
#6082=AXIS2_PLACEMENT_3D('',#6079,#6080,#6081);
#6083=PLANE('27',#6082);
#6084=ORIENTED_EDGE('553',*,*,#5870,.T.);
#6086=ORIENTED_EDGE('554',*,*,#6085,.F.);
#6087=ORIENTED_EDGE('556',*,*,#5314,.F.);
#6089=ORIENTED_EDGE('355',*,*,#6088,.T.);
#6091=ORIENTED_EDGE('342',*,*,#6090,.T.);
#6092=ORIENTED_EDGE('557',*,*,#6071,.F.);
#6093=EDGE_LOOP('27',(#6084,#6086,#6087,#6089,#6091,#6092));
#6094=FACE_OUTER_BOUND('27',#6093,.F.);
#6095=ADVANCED_FACE('27',(#6094),#6083,.F.);
#6096=CARTESIAN_POINT('',(1.415E1,9.32E0,8.89E0));
#6097=DIRECTION('',(-1.E0,0.E0,0.E0));
#6098=DIRECTION('',(0.E0,-1.E0,0.E0));
#6099=AXIS2_PLACEMENT_3D('',#6096,#6097,#6098);
#6100=PLANE('37',#6099);
#6101=ORIENTED_EDGE('408',*,*,#5316,.F.);
#6102=ORIENTED_EDGE('554',*,*,#6085,.T.);
#6103=ORIENTED_EDGE('416',*,*,#5868,.T.);
#6104=ORIENTED_EDGE('411',*,*,#5058,.F.);
#6105=EDGE_LOOP('37',(#6101,#6102,#6103,#6104));
#6106=FACE_OUTER_BOUND('37',#6105,.F.);
#6107=ADVANCED_FACE('37',(#6106),#6100,.F.);
#6108=CARTESIAN_POINT('',(1.0155E1,2.02E0,8.89E0));
#6109=DIRECTION('',(0.E0,0.E0,1.E0));
#6110=DIRECTION('',(1.E0,0.E0,0.E0));
#6111=AXIS2_PLACEMENT_3D('',#6108,#6109,#6110);
#6112=CYLINDRICAL_SURFACE('26',#6111,2.E-1);
#6113=ORIENTED_EDGE('345',*,*,#5312,.F.);
#6115=ORIENTED_EDGE('354',*,*,#6114,.T.);
#6117=ORIENTED_EDGE('341',*,*,#6116,.T.);
#6118=ORIENTED_EDGE('355',*,*,#6088,.F.);
#6119=EDGE_LOOP('26',(#6113,#6115,#6117,#6118));
#6120=FACE_OUTER_BOUND('26',#6119,.F.);
#6121=ADVANCED_FACE('26',(#6120),#6112,.F.);
#6122=CARTESIAN_POINT('',(9.955E0,9.32E0,8.89E0));
#6123=DIRECTION('',(-1.E0,0.E0,0.E0));
#6124=DIRECTION('',(0.E0,-1.E0,0.E0));
#6125=AXIS2_PLACEMENT_3D('',#6122,#6123,#6124);
#6126=PLANE('25',#6125);
#6127=ORIENTED_EDGE('344',*,*,#5310,.F.);
#6128=ORIENTED_EDGE('346',*,*,#5359,.T.);
#6130=ORIENTED_EDGE('347',*,*,#6129,.F.);
#6132=ORIENTED_EDGE('349',*,*,#6131,.T.);
#6134=ORIENTED_EDGE('352',*,*,#6133,.T.);
#6135=ORIENTED_EDGE('354',*,*,#6114,.F.);
#6136=EDGE_LOOP('25',(#6127,#6128,#6130,#6132,#6134,#6135));
#6137=FACE_OUTER_BOUND('25',#6136,.F.);
#6138=ADVANCED_FACE('25',(#6137),#6126,.F.);
#6139=CARTESIAN_POINT('',(0.E0,0.E0,7.62E0));
#6140=DIRECTION('',(0.E0,0.E0,1.E0));
#6141=DIRECTION('',(1.E0,0.E0,0.E0));
#6142=AXIS2_PLACEMENT_3D('',#6139,#6140,#6141);
#6143=PLANE('19',#6142);
#6144=ORIENTED_EDGE('347',*,*,#6129,.T.);
#6145=ORIENTED_EDGE('351',*,*,#5357,.F.);
#6147=ORIENTED_EDGE('340',*,*,#6146,.T.);
#6149=ORIENTED_EDGE('350',*,*,#6148,.T.);
#6150=EDGE_LOOP('19',(#6144,#6145,#6147,#6149));
#6151=FACE_OUTER_BOUND('19',#6150,.F.);
#6152=ADVANCED_FACE('19',(#6151),#6143,.F.);
#6153=CARTESIAN_POINT('',(3.53E0,9.32E0,7.62E0));
#6154=DIRECTION('',(-9.993908270191E-1,-3.489949670250E-2,0.E0));
#6155=DIRECTION('',(3.489949670250E-2,-9.993908270191E-1,0.E0));
#6156=AXIS2_PLACEMENT_3D('',#6153,#6154,#6155);
#6157=PLANE('22',#6156);
#6158=ORIENTED_EDGE('403',*,*,#5278,.F.);
#6160=ORIENTED_EDGE('396',*,*,#6159,.F.);
#6161=ORIENTED_EDGE('340',*,*,#6146,.F.);
#6162=ORIENTED_EDGE('377',*,*,#5355,.F.);
#6163=ORIENTED_EDGE('371',*,*,#5399,.T.);
#6164=ORIENTED_EDGE('370',*,*,#5413,.F.);
#6165=ORIENTED_EDGE('369',*,*,#5427,.F.);
#6166=ORIENTED_EDGE('463',*,*,#5452,.F.);
#6168=ORIENTED_EDGE('459',*,*,#6167,.T.);
#6170=ORIENTED_EDGE('462',*,*,#6169,.T.);
#6172=ORIENTED_EDGE('397',*,*,#6171,.F.);
#6173=ORIENTED_EDGE('405',*,*,#5222,.T.);
#6175=ORIENTED_EDGE('404',*,*,#6174,.F.);
#6176=EDGE_LOOP('22',(#6158,#6160,#6161,#6162,#6163,#6164,#6165,#6166,#6168,
#6170,#6172,#6173,#6175));
#6177=FACE_OUTER_BOUND('22',#6176,.F.);
#6178=ADVANCED_FACE('22',(#6177),#6157,.F.);
#6179=CARTESIAN_POINT('',(3.753492924747E0,2.92E0,7.62E0));
#6180=DIRECTION('',(0.E0,-1.E0,0.E0));
#6181=DIRECTION('',(1.E0,0.E0,0.E0));
#6182=AXIS2_PLACEMENT_3D('',#6179,#6180,#6181);
#6183=PLANE('23',#6182);
#6184=ORIENTED_EDGE('541',*,*,#5615,.F.);
#6185=ORIENTED_EDGE('584',*,*,#5923,.F.);
#6186=ORIENTED_EDGE('448',*,*,#5861,.F.);
#6187=ORIENTED_EDGE('440',*,*,#5915,.F.);
#6188=ORIENTED_EDGE('562',*,*,#6060,.T.);
#6190=ORIENTED_EDGE('348',*,*,#6189,.F.);
#6191=ORIENTED_EDGE('349',*,*,#6131,.F.);
#6192=ORIENTED_EDGE('350',*,*,#6148,.F.);
#6193=ORIENTED_EDGE('396',*,*,#6159,.T.);
#6195=ORIENTED_EDGE('389',*,*,#6194,.F.);
#6196=ORIENTED_EDGE('397',*,*,#6171,.T.);
#6198=ORIENTED_EDGE('338',*,*,#6197,.T.);
#6199=ORIENTED_EDGE('542',*,*,#5598,.F.);
#6200=ORIENTED_EDGE('544',*,*,#5692,.T.);
#6201=EDGE_LOOP('23',(#6184,#6185,#6186,#6187,#6188,#6190,#6191,#6192,#6193,
#6195,#6196,#6198,#6199,#6200));
#6202=FACE_OUTER_BOUND('23',#6201,.F.);
#6204=ORIENTED_EDGE('609',*,*,#6203,.T.);
#6206=ORIENTED_EDGE('612',*,*,#6205,.F.);
#6208=ORIENTED_EDGE('610',*,*,#6207,.F.);
#6210=ORIENTED_EDGE('611',*,*,#6209,.T.);
#6211=EDGE_LOOP('23',(#6204,#6206,#6208,#6210));
#6212=FACE_BOUND('23',#6211,.F.);
#6214=ORIENTED_EDGE('653',*,*,#6213,.T.);
#6216=ORIENTED_EDGE('656',*,*,#6215,.F.);
#6218=ORIENTED_EDGE('654',*,*,#6217,.F.);
#6220=ORIENTED_EDGE('655',*,*,#6219,.T.);
#6221=EDGE_LOOP('23',(#6214,#6216,#6218,#6220));
#6222=FACE_BOUND('23',#6221,.F.);
#6224=ORIENTED_EDGE('697',*,*,#6223,.T.);
#6226=ORIENTED_EDGE('700',*,*,#6225,.F.);
#6228=ORIENTED_EDGE('698',*,*,#6227,.F.);
#6230=ORIENTED_EDGE('699',*,*,#6229,.T.);
#6231=EDGE_LOOP('23',(#6224,#6226,#6228,#6230));
#6232=FACE_BOUND('23',#6231,.F.);
#6234=ORIENTED_EDGE('741',*,*,#6233,.T.);
#6236=ORIENTED_EDGE('744',*,*,#6235,.F.);
#6238=ORIENTED_EDGE('742',*,*,#6237,.F.);
#6240=ORIENTED_EDGE('743',*,*,#6239,.T.);
#6241=EDGE_LOOP('23',(#6234,#6236,#6238,#6240));
#6242=FACE_BOUND('23',#6241,.F.);
#6244=ORIENTED_EDGE('785',*,*,#6243,.T.);
#6246=ORIENTED_EDGE('788',*,*,#6245,.F.);
#6248=ORIENTED_EDGE('786',*,*,#6247,.F.);
#6250=ORIENTED_EDGE('787',*,*,#6249,.T.);
#6251=EDGE_LOOP('23',(#6244,#6246,#6248,#6250));
#6252=FACE_BOUND('23',#6251,.F.);
#6254=ORIENTED_EDGE('829',*,*,#6253,.T.);
#6256=ORIENTED_EDGE('832',*,*,#6255,.F.);
#6258=ORIENTED_EDGE('830',*,*,#6257,.F.);
#6260=ORIENTED_EDGE('831',*,*,#6259,.T.);
#6261=EDGE_LOOP('23',(#6254,#6256,#6258,#6260));
#6262=FACE_BOUND('23',#6261,.F.);
#6264=ORIENTED_EDGE('873',*,*,#6263,.T.);
#6266=ORIENTED_EDGE('876',*,*,#6265,.F.);
#6268=ORIENTED_EDGE('874',*,*,#6267,.F.);
#6270=ORIENTED_EDGE('875',*,*,#6269,.T.);
#6271=EDGE_LOOP('23',(#6264,#6266,#6268,#6270));
#6272=FACE_BOUND('23',#6271,.F.);
#6274=ORIENTED_EDGE('917',*,*,#6273,.T.);
#6276=ORIENTED_EDGE('920',*,*,#6275,.F.);
#6278=ORIENTED_EDGE('918',*,*,#6277,.F.);
#6280=ORIENTED_EDGE('919',*,*,#6279,.T.);
#6281=EDGE_LOOP('23',(#6274,#6276,#6278,#6280));
#6282=FACE_BOUND('23',#6281,.F.);
#6284=ORIENTED_EDGE('961',*,*,#6283,.T.);
#6286=ORIENTED_EDGE('964',*,*,#6285,.F.);
#6288=ORIENTED_EDGE('962',*,*,#6287,.F.);
#6290=ORIENTED_EDGE('963',*,*,#6289,.T.);
#6291=EDGE_LOOP('23',(#6284,#6286,#6288,#6290));
#6292=FACE_BOUND('23',#6291,.F.);
#6294=ORIENTED_EDGE('1005',*,*,#6293,.T.);
#6296=ORIENTED_EDGE('1008',*,*,#6295,.F.);
#6298=ORIENTED_EDGE('1006',*,*,#6297,.F.);
#6300=ORIENTED_EDGE('1007',*,*,#6299,.T.);
#6301=EDGE_LOOP('23',(#6294,#6296,#6298,#6300));
#6302=FACE_BOUND('23',#6301,.F.);
#6303=ADVANCED_FACE('23',(#6202,#6212,#6222,#6232,#6242,#6252,#6262,#6272,#6282,
#6292,#6302),#6183,.F.);
#6304=CARTESIAN_POINT('',(0.E0,0.E0,6.725E0));
#6305=DIRECTION('',(0.E0,0.E0,1.E0));
#6306=DIRECTION('',(1.E0,0.E0,0.E0));
#6307=AXIS2_PLACEMENT_3D('',#6304,#6305,#6306);
#6308=PLANE('24',#6307);
#6309=ORIENTED_EDGE('348',*,*,#6189,.T.);
#6310=ORIENTED_EDGE('353',*,*,#6058,.F.);
#6311=ORIENTED_EDGE('343',*,*,#6073,.F.);
#6312=ORIENTED_EDGE('342',*,*,#6090,.F.);
#6313=ORIENTED_EDGE('341',*,*,#6116,.F.);
#6314=ORIENTED_EDGE('352',*,*,#6133,.F.);
#6315=EDGE_LOOP('24',(#6309,#6310,#6311,#6312,#6313,#6314));
#6316=FACE_OUTER_BOUND('24',#6315,.F.);
#6317=ADVANCED_FACE('24',(#6316),#6308,.T.);
#6318=CARTESIAN_POINT('',(3.53E0,9.32E0,7.62E0));
#6319=DIRECTION('',(-9.993908270191E-1,-3.489949670250E-2,0.E0));
#6320=DIRECTION('',(3.489949670250E-2,-9.993908270191E-1,0.E0));
#6321=AXIS2_PLACEMENT_3D('',#6318,#6319,#6320);
#6322=PLANE('35',#6321);
#6324=ORIENTED_EDGE('386',*,*,#6323,.F.);
#6325=ORIENTED_EDGE('399',*,*,#5224,.F.);
#6326=ORIENTED_EDGE('389',*,*,#6194,.T.);
#6327=ORIENTED_EDGE('398',*,*,#5276,.F.);
#6328=EDGE_LOOP('35',(#6324,#6325,#6326,#6327));
#6329=FACE_OUTER_BOUND('35',#6328,.F.);
#6330=ADVANCED_FACE('35',(#6329),#6322,.T.);
#6331=CARTESIAN_POINT('',(3.56E0,2.41E0,0.E0));
#6332=DIRECTION('',(0.E0,-1.E0,0.E0));
#6333=DIRECTION('',(1.E0,0.E0,0.E0));
#6334=AXIS2_PLACEMENT_3D('',#6331,#6332,#6333);
#6335=PLANE('12',#6334);
#6336=ORIENTED_EDGE('386',*,*,#6323,.T.);
#6337=ORIENTED_EDGE('387',*,*,#5274,.F.);
#6339=ORIENTED_EDGE('394',*,*,#6338,.F.);
#6341=ORIENTED_EDGE('316',*,*,#6340,.F.);
#6343=ORIENTED_EDGE('315',*,*,#6342,.F.);
#6345=ORIENTED_EDGE('314',*,*,#6344,.F.);
#6346=ORIENTED_EDGE('395',*,*,#5202,.F.);
#6347=ORIENTED_EDGE('388',*,*,#5226,.T.);
#6348=EDGE_LOOP('12',(#6336,#6337,#6339,#6341,#6343,#6345,#6346,#6347));
#6349=FACE_OUTER_BOUND('12',#6348,.F.);
#6350=ADVANCED_FACE('12',(#6349),#6335,.T.);
#6351=CARTESIAN_POINT('',(3.56E0,0.E0,0.E0));
#6352=DIRECTION('',(1.E0,0.E0,0.E0));
#6353=DIRECTION('',(0.E0,1.E0,0.E0));
#6354=AXIS2_PLACEMENT_3D('',#6351,#6352,#6353);
#6355=PLANE('252',#6354);
#6356=ORIENTED_EDGE('384',*,*,#5272,.T.);
#6357=ORIENTED_EDGE('393',*,*,#5294,.T.);
#6358=ORIENTED_EDGE('310',*,*,#5319,.T.);
#6359=ORIENTED_EDGE('321',*,*,#5054,.F.);
#6361=ORIENTED_EDGE('322',*,*,#6360,.T.);
#6362=ORIENTED_EDGE('394',*,*,#6338,.T.);
#6363=EDGE_LOOP('252',(#6356,#6357,#6358,#6359,#6361,#6362));
#6364=FACE_OUTER_BOUND('252',#6363,.F.);
#6365=ADVANCED_FACE('252',(#6364),#6355,.T.);
#6366=CARTESIAN_POINT('',(5.59E0,3.8E-1,7.82E0));
#6367=DIRECTION('',(0.E0,0.E0,1.E0));
#6368=DIRECTION('',(-1.E0,0.E0,0.E0));
#6369=AXIS2_PLACEMENT_3D('',#6366,#6367,#6368);
#6370=PLANE('15',#6369);
#6371=ORIENTED_EDGE('319',*,*,#5052,.T.);
#6373=ORIENTED_EDGE('325',*,*,#6372,.T.);
#6374=ORIENTED_EDGE('316',*,*,#6340,.T.);
#6375=ORIENTED_EDGE('322',*,*,#6360,.F.);
#6376=EDGE_LOOP('15',(#6371,#6373,#6374,#6375));
#6377=FACE_OUTER_BOUND('15',#6376,.F.);
#6378=ADVANCED_FACE('15',(#6377),#6370,.F.);
#6379=CARTESIAN_POINT('',(5.59E0,3.8E-1,1.07E0));
#6380=DIRECTION('',(1.E0,0.E0,0.E0));
#6381=DIRECTION('',(0.E0,0.E0,1.E0));
#6382=AXIS2_PLACEMENT_3D('',#6379,#6380,#6381);
#6383=PLANE('14',#6382);
#6384=ORIENTED_EDGE('318',*,*,#5050,.F.);
#6386=ORIENTED_EDGE('324',*,*,#6385,.T.);
#6387=ORIENTED_EDGE('315',*,*,#6342,.T.);
#6388=ORIENTED_EDGE('325',*,*,#6372,.F.);
#6389=EDGE_LOOP('14',(#6384,#6386,#6387,#6388));
#6390=FACE_OUTER_BOUND('14',#6389,.F.);
#6391=ADVANCED_FACE('14',(#6390),#6383,.F.);
#6392=CARTESIAN_POINT('',(3.56E0,3.8E-1,1.07E0));
#6393=DIRECTION('',(0.E0,0.E0,-1.E0));
#6394=DIRECTION('',(1.E0,0.E0,0.E0));
#6395=AXIS2_PLACEMENT_3D('',#6392,#6393,#6394);
#6396=PLANE('13',#6395);
#6397=ORIENTED_EDGE('317',*,*,#5048,.F.);
#6398=ORIENTED_EDGE('323',*,*,#5204,.T.);
#6399=ORIENTED_EDGE('314',*,*,#6344,.T.);
#6400=ORIENTED_EDGE('324',*,*,#6385,.F.);
#6401=EDGE_LOOP('13',(#6397,#6398,#6399,#6400));
#6402=FACE_OUTER_BOUND('13',#6401,.F.);
#6403=ADVANCED_FACE('13',(#6402),#6396,.F.);
#6404=CARTESIAN_POINT('',(0.E0,0.E0,1.27E0));
#6405=DIRECTION('',(0.E0,0.E0,1.E0));
#6406=DIRECTION('',(1.E0,0.E0,0.E0));
#6407=AXIS2_PLACEMENT_3D('',#6404,#6405,#6406);
#6408=PLANE('20',#6407);
#6410=ORIENTED_EDGE('457',*,*,#6409,.T.);
#6411=ORIENTED_EDGE('461',*,*,#5600,.F.);
#6412=ORIENTED_EDGE('338',*,*,#6197,.F.);
#6413=ORIENTED_EDGE('462',*,*,#6169,.F.);
#6414=EDGE_LOOP('20',(#6410,#6411,#6412,#6413));
#6415=FACE_OUTER_BOUND('20',#6414,.F.);
#6416=ADVANCED_FACE('20',(#6415),#6408,.T.);
#6417=CARTESIAN_POINT('',(3.53E0,9.32E0,7.2E-1));
#6418=DIRECTION('',(0.E0,-7.071067811865E-1,-7.071067811865E-1));
#6419=DIRECTION('',(1.E0,0.E0,0.E0));
#6420=AXIS2_PLACEMENT_3D('',#6417,#6418,#6419);
#6421=PLANE('51',#6420);
#6422=ORIENTED_EDGE('456',*,*,#5450,.T.);
#6423=ORIENTED_EDGE('458',*,*,#5602,.T.);
#6424=ORIENTED_EDGE('457',*,*,#6409,.F.);
#6425=ORIENTED_EDGE('459',*,*,#6167,.F.);
#6426=EDGE_LOOP('51',(#6422,#6423,#6424,#6425));
#6427=FACE_OUTER_BOUND('51',#6426,.F.);
#6428=ADVANCED_FACE('51',(#6427),#6421,.F.);
#6429=CARTESIAN_POINT('',(7.105E0,-3.05E0,6.025E0));
#6430=DIRECTION('',(0.E0,0.E0,1.E0));
#6431=DIRECTION('',(1.E0,0.E0,0.E0));
#6432=AXIS2_PLACEMENT_3D('',#6429,#6430,#6431);
#6433=PLANE('262',#6432);
#6434=ORIENTED_EDGE('609',*,*,#6203,.F.);
#6436=ORIENTED_EDGE('622',*,*,#6435,.T.);
#6438=ORIENTED_EDGE('605',*,*,#6437,.T.);
#6440=ORIENTED_EDGE('624',*,*,#6439,.F.);
#6441=EDGE_LOOP('262',(#6434,#6436,#6438,#6440));
#6442=FACE_OUTER_BOUND('262',#6441,.F.);
#6443=ADVANCED_FACE('262',(#6442),#6433,.T.);
#6444=CARTESIAN_POINT('',(7.105E0,2.935E0,5.715E0));
#6445=DIRECTION('',(1.E0,0.E0,0.E0));
#6446=DIRECTION('',(0.E0,1.E0,0.E0));
#6447=AXIS2_PLACEMENT_3D('',#6444,#6445,#6446);
#6448=PLANE('264',#6447);
#6449=ORIENTED_EDGE('611',*,*,#6209,.F.);
#6451=ORIENTED_EDGE('626',*,*,#6450,.T.);
#6453=ORIENTED_EDGE('597',*,*,#6452,.T.);
#6454=ORIENTED_EDGE('622',*,*,#6435,.F.);
#6455=EDGE_LOOP('264',(#6449,#6451,#6453,#6454));
#6456=FACE_OUTER_BOUND('264',#6455,.F.);
#6457=ADVANCED_FACE('264',(#6456),#6448,.F.);
#6458=CARTESIAN_POINT('',(7.105E0,-3.05E0,5.405E0));
#6459=DIRECTION('',(0.E0,0.E0,1.E0));
#6460=DIRECTION('',(1.E0,0.E0,0.E0));
#6461=AXIS2_PLACEMENT_3D('',#6458,#6459,#6460);
#6462=PLANE('263',#6461);
#6463=ORIENTED_EDGE('610',*,*,#6207,.T.);
#6465=ORIENTED_EDGE('628',*,*,#6464,.T.);
#6467=ORIENTED_EDGE('607',*,*,#6466,.F.);
#6468=ORIENTED_EDGE('626',*,*,#6450,.F.);
#6469=EDGE_LOOP('263',(#6463,#6465,#6467,#6468));
#6470=FACE_OUTER_BOUND('263',#6469,.F.);
#6471=ADVANCED_FACE('263',(#6470),#6462,.F.);
#6472=CARTESIAN_POINT('',(7.725E0,2.935E0,5.715E0));
#6473=DIRECTION('',(1.E0,0.E0,0.E0));
#6474=DIRECTION('',(0.E0,1.E0,0.E0));
#6475=AXIS2_PLACEMENT_3D('',#6472,#6473,#6474);
#6476=PLANE('265',#6475);
#6477=ORIENTED_EDGE('612',*,*,#6205,.T.);
#6478=ORIENTED_EDGE('624',*,*,#6439,.T.);
#6480=ORIENTED_EDGE('599',*,*,#6479,.F.);
#6481=ORIENTED_EDGE('628',*,*,#6464,.F.);
#6482=EDGE_LOOP('265',(#6477,#6478,#6480,#6481));
#6483=FACE_OUTER_BOUND('265',#6482,.F.);
#6484=ADVANCED_FACE('265',(#6483),#6476,.T.);
#6485=CARTESIAN_POINT('',(7.725E0,8.356852659994E0,5.405E0));
#6486=DIRECTION('',(-9.500488208354E-1,-3.121013265419E-1,0.E0));
#6487=DIRECTION('',(-3.121013265419E-1,9.500488208354E-1,0.E0));
#6488=AXIS2_PLACEMENT_3D('',#6485,#6486,#6487);
#6489=PLANE('118',#6488);
#6491=ORIENTED_EDGE('586',*,*,#6490,.F.);
#6492=ORIENTED_EDGE('599',*,*,#6479,.T.);
#6494=ORIENTED_EDGE('590',*,*,#6493,.F.);
#6496=ORIENTED_EDGE('588',*,*,#6495,.F.);
#6497=EDGE_LOOP('118',(#6491,#6492,#6494,#6496));
#6498=FACE_OUTER_BOUND('118',#6497,.F.);
#6499=ADVANCED_FACE('118',(#6498),#6489,.F.);
#6500=CARTESIAN_POINT('',(7.105E0,8.356852659994E0,5.405E0));
#6501=DIRECTION('',(0.E0,-3.420201433257E-1,9.396926207859E-1));
#6502=DIRECTION('',(0.E0,9.396926207859E-1,3.420201433257E-1));
#6503=AXIS2_PLACEMENT_3D('',#6500,#6501,#6502);
#6504=PLANE('107',#6503);
#6506=ORIENTED_EDGE('585',*,*,#6505,.F.);
#6507=ORIENTED_EDGE('607',*,*,#6466,.T.);
#6508=ORIENTED_EDGE('586',*,*,#6490,.T.);
#6510=ORIENTED_EDGE('601',*,*,#6509,.F.);
#6511=EDGE_LOOP('107',(#6506,#6507,#6508,#6510));
#6512=FACE_OUTER_BOUND('107',#6511,.F.);
#6513=ADVANCED_FACE('107',(#6512),#6504,.F.);
#6514=CARTESIAN_POINT('',(7.29E0,8.92E0,5.405E0));
#6515=DIRECTION('',(9.500488208354E-1,-3.121013265419E-1,0.E0));
#6516=DIRECTION('',(-3.121013265419E-1,-9.500488208354E-1,0.E0));
#6517=AXIS2_PLACEMENT_3D('',#6514,#6515,#6516);
#6518=PLANE('117',#6517);
#6519=ORIENTED_EDGE('585',*,*,#6505,.T.);
#6521=ORIENTED_EDGE('587',*,*,#6520,.F.);
#6523=ORIENTED_EDGE('589',*,*,#6522,.T.);
#6524=ORIENTED_EDGE('597',*,*,#6452,.F.);
#6525=EDGE_LOOP('117',(#6519,#6521,#6523,#6524));
#6526=FACE_OUTER_BOUND('117',#6525,.F.);
#6527=ADVANCED_FACE('117',(#6526),#6518,.F.);
#6528=CARTESIAN_POINT('',(7.105E0,8.77E0,5.715E0));
#6529=DIRECTION('',(-1.E0,0.E0,0.E0));
#6530=DIRECTION('',(0.E0,0.E0,1.E0));
#6531=AXIS2_PLACEMENT_3D('',#6528,#6529,#6530);
#6532=CYLINDRICAL_SURFACE('108',#6531,1.5E-1);
#6533=ORIENTED_EDGE('587',*,*,#6520,.T.);
#6534=ORIENTED_EDGE('601',*,*,#6509,.T.);
#6535=ORIENTED_EDGE('588',*,*,#6495,.T.);
#6537=ORIENTED_EDGE('602',*,*,#6536,.F.);
#6538=EDGE_LOOP('108',(#6533,#6534,#6535,#6537));
#6539=FACE_OUTER_BOUND('108',#6538,.F.);
#6540=ADVANCED_FACE('108',(#6539),#6532,.T.);
#6541=CARTESIAN_POINT('',(7.105E0,8.821303021499E0,5.855953893118E0));
#6542=DIRECTION('',(0.E0,-3.420201433257E-1,-9.396926207859E-1));
#6543=DIRECTION('',(0.E0,-9.396926207859E-1,3.420201433257E-1));
#6544=AXIS2_PLACEMENT_3D('',#6541,#6542,#6543);
#6545=PLANE('109',#6544);
#6546=ORIENTED_EDGE('589',*,*,#6522,.F.);
#6547=ORIENTED_EDGE('602',*,*,#6536,.T.);
#6548=ORIENTED_EDGE('590',*,*,#6493,.T.);
#6549=ORIENTED_EDGE('605',*,*,#6437,.F.);
#6550=EDGE_LOOP('109',(#6546,#6547,#6548,#6549));
#6551=FACE_OUTER_BOUND('109',#6550,.F.);
#6552=ADVANCED_FACE('109',(#6551),#6545,.F.);
#6553=CARTESIAN_POINT('',(9.645E0,-3.05E0,6.025E0));
#6554=DIRECTION('',(0.E0,0.E0,1.E0));
#6555=DIRECTION('',(1.E0,0.E0,0.E0));
#6556=AXIS2_PLACEMENT_3D('',#6553,#6554,#6555);
#6557=PLANE('266',#6556);
#6558=ORIENTED_EDGE('653',*,*,#6213,.F.);
#6560=ORIENTED_EDGE('666',*,*,#6559,.T.);
#6562=ORIENTED_EDGE('649',*,*,#6561,.T.);
#6564=ORIENTED_EDGE('668',*,*,#6563,.F.);
#6565=EDGE_LOOP('266',(#6558,#6560,#6562,#6564));
#6566=FACE_OUTER_BOUND('266',#6565,.F.);
#6567=ADVANCED_FACE('266',(#6566),#6557,.T.);
#6568=CARTESIAN_POINT('',(9.645E0,2.935E0,5.715E0));
#6569=DIRECTION('',(1.E0,0.E0,0.E0));
#6570=DIRECTION('',(0.E0,1.E0,0.E0));
#6571=AXIS2_PLACEMENT_3D('',#6568,#6569,#6570);
#6572=PLANE('268',#6571);
#6573=ORIENTED_EDGE('655',*,*,#6219,.F.);
#6575=ORIENTED_EDGE('670',*,*,#6574,.T.);
#6577=ORIENTED_EDGE('641',*,*,#6576,.T.);
#6578=ORIENTED_EDGE('666',*,*,#6559,.F.);
#6579=EDGE_LOOP('268',(#6573,#6575,#6577,#6578));
#6580=FACE_OUTER_BOUND('268',#6579,.F.);
#6581=ADVANCED_FACE('268',(#6580),#6572,.F.);
#6582=CARTESIAN_POINT('',(9.645E0,-3.05E0,5.405E0));
#6583=DIRECTION('',(0.E0,0.E0,1.E0));
#6584=DIRECTION('',(1.E0,0.E0,0.E0));
#6585=AXIS2_PLACEMENT_3D('',#6582,#6583,#6584);
#6586=PLANE('267',#6585);
#6587=ORIENTED_EDGE('654',*,*,#6217,.T.);
#6589=ORIENTED_EDGE('672',*,*,#6588,.T.);
#6591=ORIENTED_EDGE('651',*,*,#6590,.F.);
#6592=ORIENTED_EDGE('670',*,*,#6574,.F.);
#6593=EDGE_LOOP('267',(#6587,#6589,#6591,#6592));
#6594=FACE_OUTER_BOUND('267',#6593,.F.);
#6595=ADVANCED_FACE('267',(#6594),#6586,.F.);
#6596=CARTESIAN_POINT('',(1.0265E1,2.935E0,5.715E0));
#6597=DIRECTION('',(1.E0,0.E0,0.E0));
#6598=DIRECTION('',(0.E0,1.E0,0.E0));
#6599=AXIS2_PLACEMENT_3D('',#6596,#6597,#6598);
#6600=PLANE('269',#6599);
#6601=ORIENTED_EDGE('656',*,*,#6215,.T.);
#6602=ORIENTED_EDGE('668',*,*,#6563,.T.);
#6604=ORIENTED_EDGE('643',*,*,#6603,.F.);
#6605=ORIENTED_EDGE('672',*,*,#6588,.F.);
#6606=EDGE_LOOP('269',(#6601,#6602,#6604,#6605));
#6607=FACE_OUTER_BOUND('269',#6606,.F.);
#6608=ADVANCED_FACE('269',(#6607),#6600,.T.);
#6609=CARTESIAN_POINT('',(1.0265E1,8.356852659994E0,5.405E0));
#6610=DIRECTION('',(-9.500488208354E-1,-3.121013265419E-1,0.E0));
#6611=DIRECTION('',(-3.121013265419E-1,9.500488208354E-1,0.E0));
#6612=AXIS2_PLACEMENT_3D('',#6609,#6610,#6611);
#6613=PLANE('132',#6612);
#6615=ORIENTED_EDGE('630',*,*,#6614,.F.);
#6616=ORIENTED_EDGE('643',*,*,#6603,.T.);
#6618=ORIENTED_EDGE('634',*,*,#6617,.F.);
#6620=ORIENTED_EDGE('632',*,*,#6619,.F.);
#6621=EDGE_LOOP('132',(#6615,#6616,#6618,#6620));
#6622=FACE_OUTER_BOUND('132',#6621,.F.);
#6623=ADVANCED_FACE('132',(#6622),#6613,.F.);
#6624=CARTESIAN_POINT('',(9.645E0,8.356852659994E0,5.405E0));
#6625=DIRECTION('',(0.E0,-3.420201433257E-1,9.396926207859E-1));
#6626=DIRECTION('',(0.E0,9.396926207859E-1,3.420201433257E-1));
#6627=AXIS2_PLACEMENT_3D('',#6624,#6625,#6626);
#6628=PLANE('121',#6627);
#6630=ORIENTED_EDGE('629',*,*,#6629,.F.);
#6631=ORIENTED_EDGE('651',*,*,#6590,.T.);
#6632=ORIENTED_EDGE('630',*,*,#6614,.T.);
#6634=ORIENTED_EDGE('645',*,*,#6633,.F.);
#6635=EDGE_LOOP('121',(#6630,#6631,#6632,#6634));
#6636=FACE_OUTER_BOUND('121',#6635,.F.);
#6637=ADVANCED_FACE('121',(#6636),#6628,.F.);
#6638=CARTESIAN_POINT('',(9.83E0,8.92E0,5.405E0));
#6639=DIRECTION('',(9.500488208354E-1,-3.121013265419E-1,0.E0));
#6640=DIRECTION('',(-3.121013265419E-1,-9.500488208354E-1,0.E0));
#6641=AXIS2_PLACEMENT_3D('',#6638,#6639,#6640);
#6642=PLANE('131',#6641);
#6643=ORIENTED_EDGE('629',*,*,#6629,.T.);
#6645=ORIENTED_EDGE('631',*,*,#6644,.F.);
#6647=ORIENTED_EDGE('633',*,*,#6646,.T.);
#6648=ORIENTED_EDGE('641',*,*,#6576,.F.);
#6649=EDGE_LOOP('131',(#6643,#6645,#6647,#6648));
#6650=FACE_OUTER_BOUND('131',#6649,.F.);
#6651=ADVANCED_FACE('131',(#6650),#6642,.F.);
#6652=CARTESIAN_POINT('',(9.645E0,8.77E0,5.715E0));
#6653=DIRECTION('',(-1.E0,0.E0,0.E0));
#6654=DIRECTION('',(0.E0,0.E0,1.E0));
#6655=AXIS2_PLACEMENT_3D('',#6652,#6653,#6654);
#6656=CYLINDRICAL_SURFACE('122',#6655,1.5E-1);
#6657=ORIENTED_EDGE('631',*,*,#6644,.T.);
#6658=ORIENTED_EDGE('645',*,*,#6633,.T.);
#6659=ORIENTED_EDGE('632',*,*,#6619,.T.);
#6661=ORIENTED_EDGE('646',*,*,#6660,.F.);
#6662=EDGE_LOOP('122',(#6657,#6658,#6659,#6661));
#6663=FACE_OUTER_BOUND('122',#6662,.F.);
#6664=ADVANCED_FACE('122',(#6663),#6656,.T.);
#6665=CARTESIAN_POINT('',(9.645E0,8.821303021499E0,5.855953893118E0));
#6666=DIRECTION('',(0.E0,-3.420201433257E-1,-9.396926207859E-1));
#6667=DIRECTION('',(0.E0,-9.396926207859E-1,3.420201433257E-1));
#6668=AXIS2_PLACEMENT_3D('',#6665,#6666,#6667);
#6669=PLANE('123',#6668);
#6670=ORIENTED_EDGE('633',*,*,#6646,.F.);
#6671=ORIENTED_EDGE('646',*,*,#6660,.T.);
#6672=ORIENTED_EDGE('634',*,*,#6617,.T.);
#6673=ORIENTED_EDGE('649',*,*,#6561,.F.);
#6674=EDGE_LOOP('123',(#6670,#6671,#6672,#6673));
#6675=FACE_OUTER_BOUND('123',#6674,.F.);
#6676=ADVANCED_FACE('123',(#6675),#6669,.F.);
#6677=CARTESIAN_POINT('',(1.2185E1,-3.05E0,6.025E0));
#6678=DIRECTION('',(0.E0,0.E0,1.E0));
#6679=DIRECTION('',(1.E0,0.E0,0.E0));
#6680=AXIS2_PLACEMENT_3D('',#6677,#6678,#6679);
#6681=PLANE('270',#6680);
#6682=ORIENTED_EDGE('697',*,*,#6223,.F.);
#6684=ORIENTED_EDGE('710',*,*,#6683,.T.);
#6686=ORIENTED_EDGE('693',*,*,#6685,.T.);
#6688=ORIENTED_EDGE('712',*,*,#6687,.F.);
#6689=EDGE_LOOP('270',(#6682,#6684,#6686,#6688));
#6690=FACE_OUTER_BOUND('270',#6689,.F.);
#6691=ADVANCED_FACE('270',(#6690),#6681,.T.);
#6692=CARTESIAN_POINT('',(1.2185E1,2.935E0,5.715E0));
#6693=DIRECTION('',(1.E0,0.E0,0.E0));
#6694=DIRECTION('',(0.E0,1.E0,0.E0));
#6695=AXIS2_PLACEMENT_3D('',#6692,#6693,#6694);
#6696=PLANE('272',#6695);
#6697=ORIENTED_EDGE('699',*,*,#6229,.F.);
#6699=ORIENTED_EDGE('714',*,*,#6698,.T.);
#6701=ORIENTED_EDGE('685',*,*,#6700,.T.);
#6702=ORIENTED_EDGE('710',*,*,#6683,.F.);
#6703=EDGE_LOOP('272',(#6697,#6699,#6701,#6702));
#6704=FACE_OUTER_BOUND('272',#6703,.F.);
#6705=ADVANCED_FACE('272',(#6704),#6696,.F.);
#6706=CARTESIAN_POINT('',(1.2185E1,-3.05E0,5.405E0));
#6707=DIRECTION('',(0.E0,0.E0,1.E0));
#6708=DIRECTION('',(1.E0,0.E0,0.E0));
#6709=AXIS2_PLACEMENT_3D('',#6706,#6707,#6708);
#6710=PLANE('271',#6709);
#6711=ORIENTED_EDGE('698',*,*,#6227,.T.);
#6713=ORIENTED_EDGE('716',*,*,#6712,.T.);
#6715=ORIENTED_EDGE('695',*,*,#6714,.F.);
#6716=ORIENTED_EDGE('714',*,*,#6698,.F.);
#6717=EDGE_LOOP('271',(#6711,#6713,#6715,#6716));
#6718=FACE_OUTER_BOUND('271',#6717,.F.);
#6719=ADVANCED_FACE('271',(#6718),#6710,.F.);
#6720=CARTESIAN_POINT('',(1.2805E1,2.935E0,5.715E0));
#6721=DIRECTION('',(1.E0,0.E0,0.E0));
#6722=DIRECTION('',(0.E0,1.E0,0.E0));
#6723=AXIS2_PLACEMENT_3D('',#6720,#6721,#6722);
#6724=PLANE('273',#6723);
#6725=ORIENTED_EDGE('700',*,*,#6225,.T.);
#6726=ORIENTED_EDGE('712',*,*,#6687,.T.);
#6728=ORIENTED_EDGE('687',*,*,#6727,.F.);
#6729=ORIENTED_EDGE('716',*,*,#6712,.F.);
#6730=EDGE_LOOP('273',(#6725,#6726,#6728,#6729));
#6731=FACE_OUTER_BOUND('273',#6730,.F.);
#6732=ADVANCED_FACE('273',(#6731),#6724,.T.);
#6733=CARTESIAN_POINT('',(1.2805E1,8.356852659994E0,5.405E0));
#6734=DIRECTION('',(-9.500488208354E-1,-3.121013265419E-1,0.E0));
#6735=DIRECTION('',(-3.121013265419E-1,9.500488208354E-1,0.E0));
#6736=AXIS2_PLACEMENT_3D('',#6733,#6734,#6735);
#6737=PLANE('146',#6736);
#6739=ORIENTED_EDGE('674',*,*,#6738,.F.);
#6740=ORIENTED_EDGE('687',*,*,#6727,.T.);
#6742=ORIENTED_EDGE('678',*,*,#6741,.F.);
#6744=ORIENTED_EDGE('676',*,*,#6743,.F.);
#6745=EDGE_LOOP('146',(#6739,#6740,#6742,#6744));
#6746=FACE_OUTER_BOUND('146',#6745,.F.);
#6747=ADVANCED_FACE('146',(#6746),#6737,.F.);
#6748=CARTESIAN_POINT('',(1.2185E1,8.356852659994E0,5.405E0));
#6749=DIRECTION('',(0.E0,-3.420201433257E-1,9.396926207859E-1));
#6750=DIRECTION('',(0.E0,9.396926207859E-1,3.420201433257E-1));
#6751=AXIS2_PLACEMENT_3D('',#6748,#6749,#6750);
#6752=PLANE('135',#6751);
#6754=ORIENTED_EDGE('673',*,*,#6753,.F.);
#6755=ORIENTED_EDGE('695',*,*,#6714,.T.);
#6756=ORIENTED_EDGE('674',*,*,#6738,.T.);
#6758=ORIENTED_EDGE('689',*,*,#6757,.F.);
#6759=EDGE_LOOP('135',(#6754,#6755,#6756,#6758));
#6760=FACE_OUTER_BOUND('135',#6759,.F.);
#6761=ADVANCED_FACE('135',(#6760),#6752,.F.);
#6762=CARTESIAN_POINT('',(1.237E1,8.92E0,5.405E0));
#6763=DIRECTION('',(9.500488208354E-1,-3.121013265419E-1,0.E0));
#6764=DIRECTION('',(-3.121013265419E-1,-9.500488208354E-1,0.E0));
#6765=AXIS2_PLACEMENT_3D('',#6762,#6763,#6764);
#6766=PLANE('145',#6765);
#6767=ORIENTED_EDGE('673',*,*,#6753,.T.);
#6769=ORIENTED_EDGE('675',*,*,#6768,.F.);
#6771=ORIENTED_EDGE('677',*,*,#6770,.T.);
#6772=ORIENTED_EDGE('685',*,*,#6700,.F.);
#6773=EDGE_LOOP('145',(#6767,#6769,#6771,#6772));
#6774=FACE_OUTER_BOUND('145',#6773,.F.);
#6775=ADVANCED_FACE('145',(#6774),#6766,.F.);
#6776=CARTESIAN_POINT('',(1.2185E1,8.77E0,5.715E0));
#6777=DIRECTION('',(-1.E0,0.E0,0.E0));
#6778=DIRECTION('',(0.E0,0.E0,1.E0));
#6779=AXIS2_PLACEMENT_3D('',#6776,#6777,#6778);
#6780=CYLINDRICAL_SURFACE('136',#6779,1.5E-1);
#6781=ORIENTED_EDGE('675',*,*,#6768,.T.);
#6782=ORIENTED_EDGE('689',*,*,#6757,.T.);
#6783=ORIENTED_EDGE('676',*,*,#6743,.T.);
#6785=ORIENTED_EDGE('690',*,*,#6784,.F.);
#6786=EDGE_LOOP('136',(#6781,#6782,#6783,#6785));
#6787=FACE_OUTER_BOUND('136',#6786,.F.);
#6788=ADVANCED_FACE('136',(#6787),#6780,.T.);
#6789=CARTESIAN_POINT('',(1.2185E1,8.821303021499E0,5.855953893118E0));
#6790=DIRECTION('',(0.E0,-3.420201433257E-1,-9.396926207859E-1));
#6791=DIRECTION('',(0.E0,-9.396926207859E-1,3.420201433257E-1));
#6792=AXIS2_PLACEMENT_3D('',#6789,#6790,#6791);
#6793=PLANE('137',#6792);
#6794=ORIENTED_EDGE('677',*,*,#6770,.F.);
#6795=ORIENTED_EDGE('690',*,*,#6784,.T.);
#6796=ORIENTED_EDGE('678',*,*,#6741,.T.);
#6797=ORIENTED_EDGE('693',*,*,#6685,.F.);
#6798=EDGE_LOOP('137',(#6794,#6795,#6796,#6797));
#6799=FACE_OUTER_BOUND('137',#6798,.F.);
#6800=ADVANCED_FACE('137',(#6799),#6793,.F.);
#6801=CARTESIAN_POINT('',(1.4725E1,-3.05E0,6.025E0));
#6802=DIRECTION('',(0.E0,0.E0,1.E0));
#6803=DIRECTION('',(1.E0,0.E0,0.E0));
#6804=AXIS2_PLACEMENT_3D('',#6801,#6802,#6803);
#6805=PLANE('274',#6804);
#6806=ORIENTED_EDGE('741',*,*,#6233,.F.);
#6808=ORIENTED_EDGE('754',*,*,#6807,.T.);
#6810=ORIENTED_EDGE('737',*,*,#6809,.T.);
#6812=ORIENTED_EDGE('756',*,*,#6811,.F.);
#6813=EDGE_LOOP('274',(#6806,#6808,#6810,#6812));
#6814=FACE_OUTER_BOUND('274',#6813,.F.);
#6815=ADVANCED_FACE('274',(#6814),#6805,.T.);
#6816=CARTESIAN_POINT('',(1.4725E1,2.935E0,5.715E0));
#6817=DIRECTION('',(1.E0,0.E0,0.E0));
#6818=DIRECTION('',(0.E0,1.E0,0.E0));
#6819=AXIS2_PLACEMENT_3D('',#6816,#6817,#6818);
#6820=PLANE('276',#6819);
#6821=ORIENTED_EDGE('743',*,*,#6239,.F.);
#6823=ORIENTED_EDGE('758',*,*,#6822,.T.);
#6825=ORIENTED_EDGE('729',*,*,#6824,.T.);
#6826=ORIENTED_EDGE('754',*,*,#6807,.F.);
#6827=EDGE_LOOP('276',(#6821,#6823,#6825,#6826));
#6828=FACE_OUTER_BOUND('276',#6827,.F.);
#6829=ADVANCED_FACE('276',(#6828),#6820,.F.);
#6830=CARTESIAN_POINT('',(1.4725E1,-3.05E0,5.405E0));
#6831=DIRECTION('',(0.E0,0.E0,1.E0));
#6832=DIRECTION('',(1.E0,0.E0,0.E0));
#6833=AXIS2_PLACEMENT_3D('',#6830,#6831,#6832);
#6834=PLANE('275',#6833);
#6835=ORIENTED_EDGE('742',*,*,#6237,.T.);
#6837=ORIENTED_EDGE('760',*,*,#6836,.T.);
#6839=ORIENTED_EDGE('739',*,*,#6838,.F.);
#6840=ORIENTED_EDGE('758',*,*,#6822,.F.);
#6841=EDGE_LOOP('275',(#6835,#6837,#6839,#6840));
#6842=FACE_OUTER_BOUND('275',#6841,.F.);
#6843=ADVANCED_FACE('275',(#6842),#6834,.F.);
#6844=CARTESIAN_POINT('',(1.5345E1,2.935E0,5.715E0));
#6845=DIRECTION('',(1.E0,0.E0,0.E0));
#6846=DIRECTION('',(0.E0,1.E0,0.E0));
#6847=AXIS2_PLACEMENT_3D('',#6844,#6845,#6846);
#6848=PLANE('277',#6847);
#6849=ORIENTED_EDGE('744',*,*,#6235,.T.);
#6850=ORIENTED_EDGE('756',*,*,#6811,.T.);
#6852=ORIENTED_EDGE('731',*,*,#6851,.F.);
#6853=ORIENTED_EDGE('760',*,*,#6836,.F.);
#6854=EDGE_LOOP('277',(#6849,#6850,#6852,#6853));
#6855=FACE_OUTER_BOUND('277',#6854,.F.);
#6856=ADVANCED_FACE('277',(#6855),#6848,.T.);
#6857=CARTESIAN_POINT('',(1.5345E1,8.356852659994E0,5.405E0));
#6858=DIRECTION('',(-9.500488208354E-1,-3.121013265419E-1,0.E0));
#6859=DIRECTION('',(-3.121013265419E-1,9.500488208354E-1,0.E0));
#6860=AXIS2_PLACEMENT_3D('',#6857,#6858,#6859);
#6861=PLANE('160',#6860);
#6863=ORIENTED_EDGE('718',*,*,#6862,.F.);
#6864=ORIENTED_EDGE('731',*,*,#6851,.T.);
#6866=ORIENTED_EDGE('722',*,*,#6865,.F.);
#6868=ORIENTED_EDGE('720',*,*,#6867,.F.);
#6869=EDGE_LOOP('160',(#6863,#6864,#6866,#6868));
#6870=FACE_OUTER_BOUND('160',#6869,.F.);
#6871=ADVANCED_FACE('160',(#6870),#6861,.F.);
#6872=CARTESIAN_POINT('',(1.4725E1,8.356852659994E0,5.405E0));
#6873=DIRECTION('',(0.E0,-3.420201433257E-1,9.396926207859E-1));
#6874=DIRECTION('',(0.E0,9.396926207859E-1,3.420201433257E-1));
#6875=AXIS2_PLACEMENT_3D('',#6872,#6873,#6874);
#6876=PLANE('149',#6875);
#6878=ORIENTED_EDGE('717',*,*,#6877,.F.);
#6879=ORIENTED_EDGE('739',*,*,#6838,.T.);
#6880=ORIENTED_EDGE('718',*,*,#6862,.T.);
#6882=ORIENTED_EDGE('733',*,*,#6881,.F.);
#6883=EDGE_LOOP('149',(#6878,#6879,#6880,#6882));
#6884=FACE_OUTER_BOUND('149',#6883,.F.);
#6885=ADVANCED_FACE('149',(#6884),#6876,.F.);
#6886=CARTESIAN_POINT('',(1.491E1,8.92E0,5.405E0));
#6887=DIRECTION('',(9.500488208354E-1,-3.121013265419E-1,0.E0));
#6888=DIRECTION('',(-3.121013265419E-1,-9.500488208354E-1,0.E0));
#6889=AXIS2_PLACEMENT_3D('',#6886,#6887,#6888);
#6890=PLANE('159',#6889);
#6891=ORIENTED_EDGE('717',*,*,#6877,.T.);
#6893=ORIENTED_EDGE('719',*,*,#6892,.F.);
#6895=ORIENTED_EDGE('721',*,*,#6894,.T.);
#6896=ORIENTED_EDGE('729',*,*,#6824,.F.);
#6897=EDGE_LOOP('159',(#6891,#6893,#6895,#6896));
#6898=FACE_OUTER_BOUND('159',#6897,.F.);
#6899=ADVANCED_FACE('159',(#6898),#6890,.F.);
#6900=CARTESIAN_POINT('',(1.4725E1,8.77E0,5.715E0));
#6901=DIRECTION('',(-1.E0,0.E0,0.E0));
#6902=DIRECTION('',(0.E0,0.E0,1.E0));
#6903=AXIS2_PLACEMENT_3D('',#6900,#6901,#6902);
#6904=CYLINDRICAL_SURFACE('150',#6903,1.5E-1);
#6905=ORIENTED_EDGE('719',*,*,#6892,.T.);
#6906=ORIENTED_EDGE('733',*,*,#6881,.T.);
#6907=ORIENTED_EDGE('720',*,*,#6867,.T.);
#6909=ORIENTED_EDGE('734',*,*,#6908,.F.);
#6910=EDGE_LOOP('150',(#6905,#6906,#6907,#6909));
#6911=FACE_OUTER_BOUND('150',#6910,.F.);
#6912=ADVANCED_FACE('150',(#6911),#6904,.T.);
#6913=CARTESIAN_POINT('',(1.4725E1,8.821303021499E0,5.855953893118E0));
#6914=DIRECTION('',(0.E0,-3.420201433257E-1,-9.396926207859E-1));
#6915=DIRECTION('',(0.E0,-9.396926207859E-1,3.420201433257E-1));
#6916=AXIS2_PLACEMENT_3D('',#6913,#6914,#6915);
#6917=PLANE('151',#6916);
#6918=ORIENTED_EDGE('721',*,*,#6894,.F.);
#6919=ORIENTED_EDGE('734',*,*,#6908,.T.);
#6920=ORIENTED_EDGE('722',*,*,#6865,.T.);
#6921=ORIENTED_EDGE('737',*,*,#6809,.F.);
#6922=EDGE_LOOP('151',(#6918,#6919,#6920,#6921));
#6923=FACE_OUTER_BOUND('151',#6922,.F.);
#6924=ADVANCED_FACE('151',(#6923),#6917,.F.);
#6925=CARTESIAN_POINT('',(1.7265E1,-3.05E0,6.025E0));
#6926=DIRECTION('',(0.E0,0.E0,1.E0));
#6927=DIRECTION('',(1.E0,0.E0,0.E0));
#6928=AXIS2_PLACEMENT_3D('',#6925,#6926,#6927);
#6929=PLANE('278',#6928);
#6930=ORIENTED_EDGE('785',*,*,#6243,.F.);
#6932=ORIENTED_EDGE('798',*,*,#6931,.T.);
#6934=ORIENTED_EDGE('781',*,*,#6933,.T.);
#6936=ORIENTED_EDGE('800',*,*,#6935,.F.);
#6937=EDGE_LOOP('278',(#6930,#6932,#6934,#6936));
#6938=FACE_OUTER_BOUND('278',#6937,.F.);
#6939=ADVANCED_FACE('278',(#6938),#6929,.T.);
#6940=CARTESIAN_POINT('',(1.7265E1,2.935E0,5.715E0));
#6941=DIRECTION('',(1.E0,0.E0,0.E0));
#6942=DIRECTION('',(0.E0,1.E0,0.E0));
#6943=AXIS2_PLACEMENT_3D('',#6940,#6941,#6942);
#6944=PLANE('280',#6943);
#6945=ORIENTED_EDGE('787',*,*,#6249,.F.);
#6947=ORIENTED_EDGE('802',*,*,#6946,.T.);
#6949=ORIENTED_EDGE('773',*,*,#6948,.T.);
#6950=ORIENTED_EDGE('798',*,*,#6931,.F.);
#6951=EDGE_LOOP('280',(#6945,#6947,#6949,#6950));
#6952=FACE_OUTER_BOUND('280',#6951,.F.);
#6953=ADVANCED_FACE('280',(#6952),#6944,.F.);
#6954=CARTESIAN_POINT('',(1.7265E1,-3.05E0,5.405E0));
#6955=DIRECTION('',(0.E0,0.E0,1.E0));
#6956=DIRECTION('',(1.E0,0.E0,0.E0));
#6957=AXIS2_PLACEMENT_3D('',#6954,#6955,#6956);
#6958=PLANE('279',#6957);
#6959=ORIENTED_EDGE('786',*,*,#6247,.T.);
#6961=ORIENTED_EDGE('804',*,*,#6960,.T.);
#6963=ORIENTED_EDGE('783',*,*,#6962,.F.);
#6964=ORIENTED_EDGE('802',*,*,#6946,.F.);
#6965=EDGE_LOOP('279',(#6959,#6961,#6963,#6964));
#6966=FACE_OUTER_BOUND('279',#6965,.F.);
#6967=ADVANCED_FACE('279',(#6966),#6958,.F.);
#6968=CARTESIAN_POINT('',(1.7885E1,2.935E0,5.715E0));
#6969=DIRECTION('',(1.E0,0.E0,0.E0));
#6970=DIRECTION('',(0.E0,1.E0,0.E0));
#6971=AXIS2_PLACEMENT_3D('',#6968,#6969,#6970);
#6972=PLANE('281',#6971);
#6973=ORIENTED_EDGE('788',*,*,#6245,.T.);
#6974=ORIENTED_EDGE('800',*,*,#6935,.T.);
#6976=ORIENTED_EDGE('775',*,*,#6975,.F.);
#6977=ORIENTED_EDGE('804',*,*,#6960,.F.);
#6978=EDGE_LOOP('281',(#6973,#6974,#6976,#6977));
#6979=FACE_OUTER_BOUND('281',#6978,.F.);
#6980=ADVANCED_FACE('281',(#6979),#6972,.T.);
#6981=CARTESIAN_POINT('',(1.7885E1,8.356852659994E0,5.405E0));
#6982=DIRECTION('',(-9.500488208354E-1,-3.121013265419E-1,0.E0));
#6983=DIRECTION('',(-3.121013265419E-1,9.500488208354E-1,0.E0));
#6984=AXIS2_PLACEMENT_3D('',#6981,#6982,#6983);
#6985=PLANE('174',#6984);
#6987=ORIENTED_EDGE('762',*,*,#6986,.F.);
#6988=ORIENTED_EDGE('775',*,*,#6975,.T.);
#6990=ORIENTED_EDGE('766',*,*,#6989,.F.);
#6992=ORIENTED_EDGE('764',*,*,#6991,.F.);
#6993=EDGE_LOOP('174',(#6987,#6988,#6990,#6992));
#6994=FACE_OUTER_BOUND('174',#6993,.F.);
#6995=ADVANCED_FACE('174',(#6994),#6985,.F.);
#6996=CARTESIAN_POINT('',(1.7265E1,8.356852659994E0,5.405E0));
#6997=DIRECTION('',(0.E0,-3.420201433257E-1,9.396926207859E-1));
#6998=DIRECTION('',(0.E0,9.396926207859E-1,3.420201433257E-1));
#6999=AXIS2_PLACEMENT_3D('',#6996,#6997,#6998);
#7000=PLANE('163',#6999);
#7002=ORIENTED_EDGE('761',*,*,#7001,.F.);
#7003=ORIENTED_EDGE('783',*,*,#6962,.T.);
#7004=ORIENTED_EDGE('762',*,*,#6986,.T.);
#7006=ORIENTED_EDGE('777',*,*,#7005,.F.);
#7007=EDGE_LOOP('163',(#7002,#7003,#7004,#7006));
#7008=FACE_OUTER_BOUND('163',#7007,.F.);
#7009=ADVANCED_FACE('163',(#7008),#7000,.F.);
#7010=CARTESIAN_POINT('',(1.745E1,8.92E0,5.405E0));
#7011=DIRECTION('',(9.500488208354E-1,-3.121013265419E-1,0.E0));
#7012=DIRECTION('',(-3.121013265419E-1,-9.500488208354E-1,0.E0));
#7013=AXIS2_PLACEMENT_3D('',#7010,#7011,#7012);
#7014=PLANE('173',#7013);
#7015=ORIENTED_EDGE('761',*,*,#7001,.T.);
#7017=ORIENTED_EDGE('763',*,*,#7016,.F.);
#7019=ORIENTED_EDGE('765',*,*,#7018,.T.);
#7020=ORIENTED_EDGE('773',*,*,#6948,.F.);
#7021=EDGE_LOOP('173',(#7015,#7017,#7019,#7020));
#7022=FACE_OUTER_BOUND('173',#7021,.F.);
#7023=ADVANCED_FACE('173',(#7022),#7014,.F.);
#7024=CARTESIAN_POINT('',(1.7265E1,8.77E0,5.715E0));
#7025=DIRECTION('',(-1.E0,0.E0,0.E0));
#7026=DIRECTION('',(0.E0,0.E0,1.E0));
#7027=AXIS2_PLACEMENT_3D('',#7024,#7025,#7026);
#7028=CYLINDRICAL_SURFACE('164',#7027,1.5E-1);
#7029=ORIENTED_EDGE('763',*,*,#7016,.T.);
#7030=ORIENTED_EDGE('777',*,*,#7005,.T.);
#7031=ORIENTED_EDGE('764',*,*,#6991,.T.);
#7033=ORIENTED_EDGE('778',*,*,#7032,.F.);
#7034=EDGE_LOOP('164',(#7029,#7030,#7031,#7033));
#7035=FACE_OUTER_BOUND('164',#7034,.F.);
#7036=ADVANCED_FACE('164',(#7035),#7028,.T.);
#7037=CARTESIAN_POINT('',(1.7265E1,8.821303021499E0,5.855953893118E0));
#7038=DIRECTION('',(0.E0,-3.420201433257E-1,-9.396926207859E-1));
#7039=DIRECTION('',(0.E0,-9.396926207859E-1,3.420201433257E-1));
#7040=AXIS2_PLACEMENT_3D('',#7037,#7038,#7039);
#7041=PLANE('165',#7040);
#7042=ORIENTED_EDGE('765',*,*,#7018,.F.);
#7043=ORIENTED_EDGE('778',*,*,#7032,.T.);
#7044=ORIENTED_EDGE('766',*,*,#6989,.T.);
#7045=ORIENTED_EDGE('781',*,*,#6933,.F.);
#7046=EDGE_LOOP('165',(#7042,#7043,#7044,#7045));
#7047=FACE_OUTER_BOUND('165',#7046,.F.);
#7048=ADVANCED_FACE('165',(#7047),#7041,.F.);
#7049=CARTESIAN_POINT('',(7.725E0,-3.05E0,3.485E0));
#7050=DIRECTION('',(1.E0,0.E0,0.E0));
#7051=DIRECTION('',(0.E0,0.E0,-1.E0));
#7052=AXIS2_PLACEMENT_3D('',#7049,#7050,#7051);
#7053=PLANE('282',#7052);
#7054=ORIENTED_EDGE('829',*,*,#6253,.F.);
#7056=ORIENTED_EDGE('842',*,*,#7055,.T.);
#7058=ORIENTED_EDGE('825',*,*,#7057,.T.);
#7060=ORIENTED_EDGE('844',*,*,#7059,.F.);
#7061=EDGE_LOOP('282',(#7054,#7056,#7058,#7060));
#7062=FACE_OUTER_BOUND('282',#7061,.F.);
#7063=ADVANCED_FACE('282',(#7062),#7053,.T.);
#7064=CARTESIAN_POINT('',(7.415E0,2.935E0,3.485E0));
#7065=DIRECTION('',(0.E0,0.E0,-1.E0));
#7066=DIRECTION('',(0.E0,1.E0,0.E0));
#7067=AXIS2_PLACEMENT_3D('',#7064,#7065,#7066);
#7068=PLANE('284',#7067);
#7069=ORIENTED_EDGE('831',*,*,#6259,.F.);
#7071=ORIENTED_EDGE('846',*,*,#7070,.T.);
#7073=ORIENTED_EDGE('817',*,*,#7072,.T.);
#7074=ORIENTED_EDGE('842',*,*,#7055,.F.);
#7075=EDGE_LOOP('284',(#7069,#7071,#7073,#7074));
#7076=FACE_OUTER_BOUND('284',#7075,.F.);
#7077=ADVANCED_FACE('284',(#7076),#7068,.F.);
#7078=CARTESIAN_POINT('',(7.105E0,-3.05E0,3.485E0));
#7079=DIRECTION('',(1.E0,0.E0,0.E0));
#7080=DIRECTION('',(0.E0,0.E0,-1.E0));
#7081=AXIS2_PLACEMENT_3D('',#7078,#7079,#7080);
#7082=PLANE('283',#7081);
#7083=ORIENTED_EDGE('830',*,*,#6257,.T.);
#7085=ORIENTED_EDGE('848',*,*,#7084,.T.);
#7087=ORIENTED_EDGE('827',*,*,#7086,.F.);
#7088=ORIENTED_EDGE('846',*,*,#7070,.F.);
#7089=EDGE_LOOP('283',(#7083,#7085,#7087,#7088));
#7090=FACE_OUTER_BOUND('283',#7089,.F.);
#7091=ADVANCED_FACE('283',(#7090),#7082,.F.);
#7092=CARTESIAN_POINT('',(7.415E0,2.935E0,2.865E0));
#7093=DIRECTION('',(0.E0,0.E0,-1.E0));
#7094=DIRECTION('',(0.E0,1.E0,0.E0));
#7095=AXIS2_PLACEMENT_3D('',#7092,#7093,#7094);
#7096=PLANE('285',#7095);
#7097=ORIENTED_EDGE('832',*,*,#6255,.T.);
#7098=ORIENTED_EDGE('844',*,*,#7059,.T.);
#7100=ORIENTED_EDGE('819',*,*,#7099,.F.);
#7101=ORIENTED_EDGE('848',*,*,#7084,.F.);
#7102=EDGE_LOOP('285',(#7097,#7098,#7100,#7101));
#7103=FACE_OUTER_BOUND('285',#7102,.F.);
#7104=ADVANCED_FACE('285',(#7103),#7096,.T.);
#7105=CARTESIAN_POINT('',(7.105E0,8.356852659994E0,2.865E0));
#7106=DIRECTION('',(0.E0,-3.121013265419E-1,9.500488208354E-1));
#7107=DIRECTION('',(0.E0,9.500488208354E-1,3.121013265419E-1));
#7108=AXIS2_PLACEMENT_3D('',#7105,#7106,#7107);
#7109=PLANE('188',#7108);
#7111=ORIENTED_EDGE('806',*,*,#7110,.F.);
#7112=ORIENTED_EDGE('819',*,*,#7099,.T.);
#7114=ORIENTED_EDGE('810',*,*,#7113,.F.);
#7116=ORIENTED_EDGE('808',*,*,#7115,.F.);
#7117=EDGE_LOOP('188',(#7111,#7112,#7114,#7116));
#7118=FACE_OUTER_BOUND('188',#7117,.F.);
#7119=ADVANCED_FACE('188',(#7118),#7109,.F.);
#7120=CARTESIAN_POINT('',(7.105E0,8.356852659994E0,3.485E0));
#7121=DIRECTION('',(9.396926207859E-1,-3.420201433257E-1,0.E0));
#7122=DIRECTION('',(3.420201433257E-1,9.396926207859E-1,0.E0));
#7123=AXIS2_PLACEMENT_3D('',#7120,#7121,#7122);
#7124=PLANE('177',#7123);
#7126=ORIENTED_EDGE('805',*,*,#7125,.F.);
#7127=ORIENTED_EDGE('827',*,*,#7086,.T.);
#7128=ORIENTED_EDGE('806',*,*,#7110,.T.);
#7130=ORIENTED_EDGE('821',*,*,#7129,.F.);
#7131=EDGE_LOOP('177',(#7126,#7127,#7128,#7130));
#7132=FACE_OUTER_BOUND('177',#7131,.F.);
#7133=ADVANCED_FACE('177',(#7132),#7124,.F.);
#7134=CARTESIAN_POINT('',(7.105E0,8.92E0,3.3E0));
#7135=DIRECTION('',(0.E0,-3.121013265419E-1,-9.500488208354E-1));
#7136=DIRECTION('',(0.E0,-9.500488208354E-1,3.121013265419E-1));
#7137=AXIS2_PLACEMENT_3D('',#7134,#7135,#7136);
#7138=PLANE('187',#7137);
#7139=ORIENTED_EDGE('805',*,*,#7125,.T.);
#7141=ORIENTED_EDGE('807',*,*,#7140,.F.);
#7143=ORIENTED_EDGE('809',*,*,#7142,.T.);
#7144=ORIENTED_EDGE('817',*,*,#7072,.F.);
#7145=EDGE_LOOP('187',(#7139,#7141,#7143,#7144));
#7146=FACE_OUTER_BOUND('187',#7145,.F.);
#7147=ADVANCED_FACE('187',(#7146),#7138,.F.);
#7148=CARTESIAN_POINT('',(7.415E0,8.77E0,3.485E0));
#7149=DIRECTION('',(0.E0,0.E0,1.E0));
#7150=DIRECTION('',(1.E0,0.E0,0.E0));
#7151=AXIS2_PLACEMENT_3D('',#7148,#7149,#7150);
#7152=CYLINDRICAL_SURFACE('178',#7151,1.5E-1);
#7153=ORIENTED_EDGE('807',*,*,#7140,.T.);
#7154=ORIENTED_EDGE('821',*,*,#7129,.T.);
#7155=ORIENTED_EDGE('808',*,*,#7115,.T.);
#7157=ORIENTED_EDGE('822',*,*,#7156,.F.);
#7158=EDGE_LOOP('178',(#7153,#7154,#7155,#7157));
#7159=FACE_OUTER_BOUND('178',#7158,.F.);
#7160=ADVANCED_FACE('178',(#7159),#7152,.T.);
#7161=CARTESIAN_POINT('',(7.555953893118E0,8.821303021499E0,3.485E0));
#7162=DIRECTION('',(-9.396926207859E-1,-3.420201433257E-1,0.E0));
#7163=DIRECTION('',(3.420201433257E-1,-9.396926207859E-1,0.E0));
#7164=AXIS2_PLACEMENT_3D('',#7161,#7162,#7163);
#7165=PLANE('179',#7164);
#7166=ORIENTED_EDGE('809',*,*,#7142,.F.);
#7167=ORIENTED_EDGE('822',*,*,#7156,.T.);
#7168=ORIENTED_EDGE('810',*,*,#7113,.T.);
#7169=ORIENTED_EDGE('825',*,*,#7057,.F.);
#7170=EDGE_LOOP('179',(#7166,#7167,#7168,#7169));
#7171=FACE_OUTER_BOUND('179',#7170,.F.);
#7172=ADVANCED_FACE('179',(#7171),#7165,.F.);
#7173=CARTESIAN_POINT('',(1.0265E1,-3.05E0,3.485E0));
#7174=DIRECTION('',(1.E0,0.E0,0.E0));
#7175=DIRECTION('',(0.E0,0.E0,-1.E0));
#7176=AXIS2_PLACEMENT_3D('',#7173,#7174,#7175);
#7177=PLANE('286',#7176);
#7178=ORIENTED_EDGE('873',*,*,#6263,.F.);
#7180=ORIENTED_EDGE('886',*,*,#7179,.T.);
#7182=ORIENTED_EDGE('869',*,*,#7181,.T.);
#7184=ORIENTED_EDGE('888',*,*,#7183,.F.);
#7185=EDGE_LOOP('286',(#7178,#7180,#7182,#7184));
#7186=FACE_OUTER_BOUND('286',#7185,.F.);
#7187=ADVANCED_FACE('286',(#7186),#7177,.T.);
#7188=CARTESIAN_POINT('',(9.955E0,2.935E0,3.485E0));
#7189=DIRECTION('',(0.E0,0.E0,-1.E0));
#7190=DIRECTION('',(0.E0,1.E0,0.E0));
#7191=AXIS2_PLACEMENT_3D('',#7188,#7189,#7190);
#7192=PLANE('288',#7191);
#7193=ORIENTED_EDGE('875',*,*,#6269,.F.);
#7195=ORIENTED_EDGE('890',*,*,#7194,.T.);
#7197=ORIENTED_EDGE('861',*,*,#7196,.T.);
#7198=ORIENTED_EDGE('886',*,*,#7179,.F.);
#7199=EDGE_LOOP('288',(#7193,#7195,#7197,#7198));
#7200=FACE_OUTER_BOUND('288',#7199,.F.);
#7201=ADVANCED_FACE('288',(#7200),#7192,.F.);
#7202=CARTESIAN_POINT('',(9.645E0,-3.05E0,3.485E0));
#7203=DIRECTION('',(1.E0,0.E0,0.E0));
#7204=DIRECTION('',(0.E0,0.E0,-1.E0));
#7205=AXIS2_PLACEMENT_3D('',#7202,#7203,#7204);
#7206=PLANE('287',#7205);
#7207=ORIENTED_EDGE('874',*,*,#6267,.T.);
#7209=ORIENTED_EDGE('892',*,*,#7208,.T.);
#7211=ORIENTED_EDGE('871',*,*,#7210,.F.);
#7212=ORIENTED_EDGE('890',*,*,#7194,.F.);
#7213=EDGE_LOOP('287',(#7207,#7209,#7211,#7212));
#7214=FACE_OUTER_BOUND('287',#7213,.F.);
#7215=ADVANCED_FACE('287',(#7214),#7206,.F.);
#7216=CARTESIAN_POINT('',(9.955E0,2.935E0,2.865E0));
#7217=DIRECTION('',(0.E0,0.E0,-1.E0));
#7218=DIRECTION('',(0.E0,1.E0,0.E0));
#7219=AXIS2_PLACEMENT_3D('',#7216,#7217,#7218);
#7220=PLANE('289',#7219);
#7221=ORIENTED_EDGE('876',*,*,#6265,.T.);
#7222=ORIENTED_EDGE('888',*,*,#7183,.T.);
#7224=ORIENTED_EDGE('863',*,*,#7223,.F.);
#7225=ORIENTED_EDGE('892',*,*,#7208,.F.);
#7226=EDGE_LOOP('289',(#7221,#7222,#7224,#7225));
#7227=FACE_OUTER_BOUND('289',#7226,.F.);
#7228=ADVANCED_FACE('289',(#7227),#7220,.T.);
#7229=CARTESIAN_POINT('',(9.645E0,8.356852659994E0,2.865E0));
#7230=DIRECTION('',(0.E0,-3.121013265419E-1,9.500488208354E-1));
#7231=DIRECTION('',(0.E0,9.500488208354E-1,3.121013265419E-1));
#7232=AXIS2_PLACEMENT_3D('',#7229,#7230,#7231);
#7233=PLANE('202',#7232);
#7235=ORIENTED_EDGE('850',*,*,#7234,.F.);
#7236=ORIENTED_EDGE('863',*,*,#7223,.T.);
#7238=ORIENTED_EDGE('854',*,*,#7237,.F.);
#7240=ORIENTED_EDGE('852',*,*,#7239,.F.);
#7241=EDGE_LOOP('202',(#7235,#7236,#7238,#7240));
#7242=FACE_OUTER_BOUND('202',#7241,.F.);
#7243=ADVANCED_FACE('202',(#7242),#7233,.F.);
#7244=CARTESIAN_POINT('',(9.645E0,8.356852659994E0,3.485E0));
#7245=DIRECTION('',(9.396926207859E-1,-3.420201433257E-1,0.E0));
#7246=DIRECTION('',(3.420201433257E-1,9.396926207859E-1,0.E0));
#7247=AXIS2_PLACEMENT_3D('',#7244,#7245,#7246);
#7248=PLANE('191',#7247);
#7250=ORIENTED_EDGE('849',*,*,#7249,.F.);
#7251=ORIENTED_EDGE('871',*,*,#7210,.T.);
#7252=ORIENTED_EDGE('850',*,*,#7234,.T.);
#7254=ORIENTED_EDGE('865',*,*,#7253,.F.);
#7255=EDGE_LOOP('191',(#7250,#7251,#7252,#7254));
#7256=FACE_OUTER_BOUND('191',#7255,.F.);
#7257=ADVANCED_FACE('191',(#7256),#7248,.F.);
#7258=CARTESIAN_POINT('',(9.645E0,8.92E0,3.3E0));
#7259=DIRECTION('',(0.E0,-3.121013265419E-1,-9.500488208354E-1));
#7260=DIRECTION('',(0.E0,-9.500488208354E-1,3.121013265419E-1));
#7261=AXIS2_PLACEMENT_3D('',#7258,#7259,#7260);
#7262=PLANE('201',#7261);
#7263=ORIENTED_EDGE('849',*,*,#7249,.T.);
#7265=ORIENTED_EDGE('851',*,*,#7264,.F.);
#7267=ORIENTED_EDGE('853',*,*,#7266,.T.);
#7268=ORIENTED_EDGE('861',*,*,#7196,.F.);
#7269=EDGE_LOOP('201',(#7263,#7265,#7267,#7268));
#7270=FACE_OUTER_BOUND('201',#7269,.F.);
#7271=ADVANCED_FACE('201',(#7270),#7262,.F.);
#7272=CARTESIAN_POINT('',(9.955E0,8.77E0,3.485E0));
#7273=DIRECTION('',(0.E0,0.E0,1.E0));
#7274=DIRECTION('',(1.E0,0.E0,0.E0));
#7275=AXIS2_PLACEMENT_3D('',#7272,#7273,#7274);
#7276=CYLINDRICAL_SURFACE('192',#7275,1.5E-1);
#7277=ORIENTED_EDGE('851',*,*,#7264,.T.);
#7278=ORIENTED_EDGE('865',*,*,#7253,.T.);
#7279=ORIENTED_EDGE('852',*,*,#7239,.T.);
#7281=ORIENTED_EDGE('866',*,*,#7280,.F.);
#7282=EDGE_LOOP('192',(#7277,#7278,#7279,#7281));
#7283=FACE_OUTER_BOUND('192',#7282,.F.);
#7284=ADVANCED_FACE('192',(#7283),#7276,.T.);
#7285=CARTESIAN_POINT('',(1.009595389312E1,8.821303021499E0,3.485E0));
#7286=DIRECTION('',(-9.396926207859E-1,-3.420201433257E-1,0.E0));
#7287=DIRECTION('',(3.420201433257E-1,-9.396926207859E-1,0.E0));
#7288=AXIS2_PLACEMENT_3D('',#7285,#7286,#7287);
#7289=PLANE('193',#7288);
#7290=ORIENTED_EDGE('853',*,*,#7266,.F.);
#7291=ORIENTED_EDGE('866',*,*,#7280,.T.);
#7292=ORIENTED_EDGE('854',*,*,#7237,.T.);
#7293=ORIENTED_EDGE('869',*,*,#7181,.F.);
#7294=EDGE_LOOP('193',(#7290,#7291,#7292,#7293));
#7295=FACE_OUTER_BOUND('193',#7294,.F.);
#7296=ADVANCED_FACE('193',(#7295),#7289,.F.);
#7297=CARTESIAN_POINT('',(1.2805E1,-3.05E0,3.485E0));
#7298=DIRECTION('',(1.E0,0.E0,0.E0));
#7299=DIRECTION('',(0.E0,0.E0,-1.E0));
#7300=AXIS2_PLACEMENT_3D('',#7297,#7298,#7299);
#7301=PLANE('290',#7300);
#7302=ORIENTED_EDGE('917',*,*,#6273,.F.);
#7304=ORIENTED_EDGE('930',*,*,#7303,.T.);
#7306=ORIENTED_EDGE('913',*,*,#7305,.T.);
#7308=ORIENTED_EDGE('932',*,*,#7307,.F.);
#7309=EDGE_LOOP('290',(#7302,#7304,#7306,#7308));
#7310=FACE_OUTER_BOUND('290',#7309,.F.);
#7311=ADVANCED_FACE('290',(#7310),#7301,.T.);
#7312=CARTESIAN_POINT('',(1.2495E1,2.935E0,3.485E0));
#7313=DIRECTION('',(0.E0,0.E0,-1.E0));
#7314=DIRECTION('',(0.E0,1.E0,0.E0));
#7315=AXIS2_PLACEMENT_3D('',#7312,#7313,#7314);
#7316=PLANE('292',#7315);
#7317=ORIENTED_EDGE('919',*,*,#6279,.F.);
#7319=ORIENTED_EDGE('934',*,*,#7318,.T.);
#7321=ORIENTED_EDGE('905',*,*,#7320,.T.);
#7322=ORIENTED_EDGE('930',*,*,#7303,.F.);
#7323=EDGE_LOOP('292',(#7317,#7319,#7321,#7322));
#7324=FACE_OUTER_BOUND('292',#7323,.F.);
#7325=ADVANCED_FACE('292',(#7324),#7316,.F.);
#7326=CARTESIAN_POINT('',(1.2185E1,-3.05E0,3.485E0));
#7327=DIRECTION('',(1.E0,0.E0,0.E0));
#7328=DIRECTION('',(0.E0,0.E0,-1.E0));
#7329=AXIS2_PLACEMENT_3D('',#7326,#7327,#7328);
#7330=PLANE('291',#7329);
#7331=ORIENTED_EDGE('918',*,*,#6277,.T.);
#7333=ORIENTED_EDGE('936',*,*,#7332,.T.);
#7335=ORIENTED_EDGE('915',*,*,#7334,.F.);
#7336=ORIENTED_EDGE('934',*,*,#7318,.F.);
#7337=EDGE_LOOP('291',(#7331,#7333,#7335,#7336));
#7338=FACE_OUTER_BOUND('291',#7337,.F.);
#7339=ADVANCED_FACE('291',(#7338),#7330,.F.);
#7340=CARTESIAN_POINT('',(1.2495E1,2.935E0,2.865E0));
#7341=DIRECTION('',(0.E0,0.E0,-1.E0));
#7342=DIRECTION('',(0.E0,1.E0,0.E0));
#7343=AXIS2_PLACEMENT_3D('',#7340,#7341,#7342);
#7344=PLANE('293',#7343);
#7345=ORIENTED_EDGE('920',*,*,#6275,.T.);
#7346=ORIENTED_EDGE('932',*,*,#7307,.T.);
#7348=ORIENTED_EDGE('907',*,*,#7347,.F.);
#7349=ORIENTED_EDGE('936',*,*,#7332,.F.);
#7350=EDGE_LOOP('293',(#7345,#7346,#7348,#7349));
#7351=FACE_OUTER_BOUND('293',#7350,.F.);
#7352=ADVANCED_FACE('293',(#7351),#7344,.T.);
#7353=CARTESIAN_POINT('',(1.2185E1,8.356852659994E0,2.865E0));
#7354=DIRECTION('',(0.E0,-3.121013265419E-1,9.500488208354E-1));
#7355=DIRECTION('',(0.E0,9.500488208354E-1,3.121013265419E-1));
#7356=AXIS2_PLACEMENT_3D('',#7353,#7354,#7355);
#7357=PLANE('216',#7356);
#7359=ORIENTED_EDGE('894',*,*,#7358,.F.);
#7360=ORIENTED_EDGE('907',*,*,#7347,.T.);
#7362=ORIENTED_EDGE('898',*,*,#7361,.F.);
#7364=ORIENTED_EDGE('896',*,*,#7363,.F.);
#7365=EDGE_LOOP('216',(#7359,#7360,#7362,#7364));
#7366=FACE_OUTER_BOUND('216',#7365,.F.);
#7367=ADVANCED_FACE('216',(#7366),#7357,.F.);
#7368=CARTESIAN_POINT('',(1.2185E1,8.356852659994E0,3.485E0));
#7369=DIRECTION('',(9.396926207859E-1,-3.420201433257E-1,0.E0));
#7370=DIRECTION('',(3.420201433257E-1,9.396926207859E-1,0.E0));
#7371=AXIS2_PLACEMENT_3D('',#7368,#7369,#7370);
#7372=PLANE('205',#7371);
#7374=ORIENTED_EDGE('893',*,*,#7373,.F.);
#7375=ORIENTED_EDGE('915',*,*,#7334,.T.);
#7376=ORIENTED_EDGE('894',*,*,#7358,.T.);
#7378=ORIENTED_EDGE('909',*,*,#7377,.F.);
#7379=EDGE_LOOP('205',(#7374,#7375,#7376,#7378));
#7380=FACE_OUTER_BOUND('205',#7379,.F.);
#7381=ADVANCED_FACE('205',(#7380),#7372,.F.);
#7382=CARTESIAN_POINT('',(1.2185E1,8.92E0,3.3E0));
#7383=DIRECTION('',(0.E0,-3.121013265419E-1,-9.500488208354E-1));
#7384=DIRECTION('',(0.E0,-9.500488208354E-1,3.121013265419E-1));
#7385=AXIS2_PLACEMENT_3D('',#7382,#7383,#7384);
#7386=PLANE('215',#7385);
#7387=ORIENTED_EDGE('893',*,*,#7373,.T.);
#7389=ORIENTED_EDGE('895',*,*,#7388,.F.);
#7391=ORIENTED_EDGE('897',*,*,#7390,.T.);
#7392=ORIENTED_EDGE('905',*,*,#7320,.F.);
#7393=EDGE_LOOP('215',(#7387,#7389,#7391,#7392));
#7394=FACE_OUTER_BOUND('215',#7393,.F.);
#7395=ADVANCED_FACE('215',(#7394),#7386,.F.);
#7396=CARTESIAN_POINT('',(1.2495E1,8.77E0,3.485E0));
#7397=DIRECTION('',(0.E0,0.E0,1.E0));
#7398=DIRECTION('',(1.E0,0.E0,0.E0));
#7399=AXIS2_PLACEMENT_3D('',#7396,#7397,#7398);
#7400=CYLINDRICAL_SURFACE('206',#7399,1.5E-1);
#7401=ORIENTED_EDGE('895',*,*,#7388,.T.);
#7402=ORIENTED_EDGE('909',*,*,#7377,.T.);
#7403=ORIENTED_EDGE('896',*,*,#7363,.T.);
#7405=ORIENTED_EDGE('910',*,*,#7404,.F.);
#7406=EDGE_LOOP('206',(#7401,#7402,#7403,#7405));
#7407=FACE_OUTER_BOUND('206',#7406,.F.);
#7408=ADVANCED_FACE('206',(#7407),#7400,.T.);
#7409=CARTESIAN_POINT('',(1.263595389312E1,8.821303021499E0,3.485E0));
#7410=DIRECTION('',(-9.396926207859E-1,-3.420201433257E-1,0.E0));
#7411=DIRECTION('',(3.420201433257E-1,-9.396926207859E-1,0.E0));
#7412=AXIS2_PLACEMENT_3D('',#7409,#7410,#7411);
#7413=PLANE('207',#7412);
#7414=ORIENTED_EDGE('897',*,*,#7390,.F.);
#7415=ORIENTED_EDGE('910',*,*,#7404,.T.);
#7416=ORIENTED_EDGE('898',*,*,#7361,.T.);
#7417=ORIENTED_EDGE('913',*,*,#7305,.F.);
#7418=EDGE_LOOP('207',(#7414,#7415,#7416,#7417));
#7419=FACE_OUTER_BOUND('207',#7418,.F.);
#7420=ADVANCED_FACE('207',(#7419),#7413,.F.);
#7421=CARTESIAN_POINT('',(1.5345E1,-3.05E0,3.485E0));
#7422=DIRECTION('',(1.E0,0.E0,0.E0));
#7423=DIRECTION('',(0.E0,0.E0,-1.E0));
#7424=AXIS2_PLACEMENT_3D('',#7421,#7422,#7423);
#7425=PLANE('294',#7424);
#7426=ORIENTED_EDGE('961',*,*,#6283,.F.);
#7428=ORIENTED_EDGE('974',*,*,#7427,.T.);
#7430=ORIENTED_EDGE('957',*,*,#7429,.T.);
#7432=ORIENTED_EDGE('976',*,*,#7431,.F.);
#7433=EDGE_LOOP('294',(#7426,#7428,#7430,#7432));
#7434=FACE_OUTER_BOUND('294',#7433,.F.);
#7435=ADVANCED_FACE('294',(#7434),#7425,.T.);
#7436=CARTESIAN_POINT('',(1.5035E1,2.935E0,3.485E0));
#7437=DIRECTION('',(0.E0,0.E0,-1.E0));
#7438=DIRECTION('',(0.E0,1.E0,0.E0));
#7439=AXIS2_PLACEMENT_3D('',#7436,#7437,#7438);
#7440=PLANE('296',#7439);
#7441=ORIENTED_EDGE('963',*,*,#6289,.F.);
#7443=ORIENTED_EDGE('978',*,*,#7442,.T.);
#7445=ORIENTED_EDGE('949',*,*,#7444,.T.);
#7446=ORIENTED_EDGE('974',*,*,#7427,.F.);
#7447=EDGE_LOOP('296',(#7441,#7443,#7445,#7446));
#7448=FACE_OUTER_BOUND('296',#7447,.F.);
#7449=ADVANCED_FACE('296',(#7448),#7440,.F.);
#7450=CARTESIAN_POINT('',(1.4725E1,-3.05E0,3.485E0));
#7451=DIRECTION('',(1.E0,0.E0,0.E0));
#7452=DIRECTION('',(0.E0,0.E0,-1.E0));
#7453=AXIS2_PLACEMENT_3D('',#7450,#7451,#7452);
#7454=PLANE('295',#7453);
#7455=ORIENTED_EDGE('962',*,*,#6287,.T.);
#7457=ORIENTED_EDGE('980',*,*,#7456,.T.);
#7459=ORIENTED_EDGE('959',*,*,#7458,.F.);
#7460=ORIENTED_EDGE('978',*,*,#7442,.F.);
#7461=EDGE_LOOP('295',(#7455,#7457,#7459,#7460));
#7462=FACE_OUTER_BOUND('295',#7461,.F.);
#7463=ADVANCED_FACE('295',(#7462),#7454,.F.);
#7464=CARTESIAN_POINT('',(1.5035E1,2.935E0,2.865E0));
#7465=DIRECTION('',(0.E0,0.E0,-1.E0));
#7466=DIRECTION('',(0.E0,1.E0,0.E0));
#7467=AXIS2_PLACEMENT_3D('',#7464,#7465,#7466);
#7468=PLANE('297',#7467);
#7469=ORIENTED_EDGE('964',*,*,#6285,.T.);
#7470=ORIENTED_EDGE('976',*,*,#7431,.T.);
#7472=ORIENTED_EDGE('951',*,*,#7471,.F.);
#7473=ORIENTED_EDGE('980',*,*,#7456,.F.);
#7474=EDGE_LOOP('297',(#7469,#7470,#7472,#7473));
#7475=FACE_OUTER_BOUND('297',#7474,.F.);
#7476=ADVANCED_FACE('297',(#7475),#7468,.T.);
#7477=CARTESIAN_POINT('',(1.4725E1,8.356852659994E0,2.865E0));
#7478=DIRECTION('',(0.E0,-3.121013265419E-1,9.500488208354E-1));
#7479=DIRECTION('',(0.E0,9.500488208354E-1,3.121013265419E-1));
#7480=AXIS2_PLACEMENT_3D('',#7477,#7478,#7479);
#7481=PLANE('230',#7480);
#7483=ORIENTED_EDGE('938',*,*,#7482,.F.);
#7484=ORIENTED_EDGE('951',*,*,#7471,.T.);
#7486=ORIENTED_EDGE('942',*,*,#7485,.F.);
#7488=ORIENTED_EDGE('940',*,*,#7487,.F.);
#7489=EDGE_LOOP('230',(#7483,#7484,#7486,#7488));
#7490=FACE_OUTER_BOUND('230',#7489,.F.);
#7491=ADVANCED_FACE('230',(#7490),#7481,.F.);
#7492=CARTESIAN_POINT('',(1.4725E1,8.356852659994E0,3.485E0));
#7493=DIRECTION('',(9.396926207859E-1,-3.420201433257E-1,0.E0));
#7494=DIRECTION('',(3.420201433257E-1,9.396926207859E-1,0.E0));
#7495=AXIS2_PLACEMENT_3D('',#7492,#7493,#7494);
#7496=PLANE('219',#7495);
#7498=ORIENTED_EDGE('937',*,*,#7497,.F.);
#7499=ORIENTED_EDGE('959',*,*,#7458,.T.);
#7500=ORIENTED_EDGE('938',*,*,#7482,.T.);
#7502=ORIENTED_EDGE('953',*,*,#7501,.F.);
#7503=EDGE_LOOP('219',(#7498,#7499,#7500,#7502));
#7504=FACE_OUTER_BOUND('219',#7503,.F.);
#7505=ADVANCED_FACE('219',(#7504),#7496,.F.);
#7506=CARTESIAN_POINT('',(1.4725E1,8.92E0,3.3E0));
#7507=DIRECTION('',(0.E0,-3.121013265419E-1,-9.500488208354E-1));
#7508=DIRECTION('',(0.E0,-9.500488208354E-1,3.121013265419E-1));
#7509=AXIS2_PLACEMENT_3D('',#7506,#7507,#7508);
#7510=PLANE('229',#7509);
#7511=ORIENTED_EDGE('937',*,*,#7497,.T.);
#7513=ORIENTED_EDGE('939',*,*,#7512,.F.);
#7515=ORIENTED_EDGE('941',*,*,#7514,.T.);
#7516=ORIENTED_EDGE('949',*,*,#7444,.F.);
#7517=EDGE_LOOP('229',(#7511,#7513,#7515,#7516));
#7518=FACE_OUTER_BOUND('229',#7517,.F.);
#7519=ADVANCED_FACE('229',(#7518),#7510,.F.);
#7520=CARTESIAN_POINT('',(1.5035E1,8.77E0,3.485E0));
#7521=DIRECTION('',(0.E0,0.E0,1.E0));
#7522=DIRECTION('',(1.E0,0.E0,0.E0));
#7523=AXIS2_PLACEMENT_3D('',#7520,#7521,#7522);
#7524=CYLINDRICAL_SURFACE('220',#7523,1.5E-1);
#7525=ORIENTED_EDGE('939',*,*,#7512,.T.);
#7526=ORIENTED_EDGE('953',*,*,#7501,.T.);
#7527=ORIENTED_EDGE('940',*,*,#7487,.T.);
#7529=ORIENTED_EDGE('954',*,*,#7528,.F.);
#7530=EDGE_LOOP('220',(#7525,#7526,#7527,#7529));
#7531=FACE_OUTER_BOUND('220',#7530,.F.);
#7532=ADVANCED_FACE('220',(#7531),#7524,.T.);
#7533=CARTESIAN_POINT('',(1.517595389312E1,8.821303021499E0,3.485E0));
#7534=DIRECTION('',(-9.396926207859E-1,-3.420201433257E-1,0.E0));
#7535=DIRECTION('',(3.420201433257E-1,-9.396926207859E-1,0.E0));
#7536=AXIS2_PLACEMENT_3D('',#7533,#7534,#7535);
#7537=PLANE('221',#7536);
#7538=ORIENTED_EDGE('941',*,*,#7514,.F.);
#7539=ORIENTED_EDGE('954',*,*,#7528,.T.);
#7540=ORIENTED_EDGE('942',*,*,#7485,.T.);
#7541=ORIENTED_EDGE('957',*,*,#7429,.F.);
#7542=EDGE_LOOP('221',(#7538,#7539,#7540,#7541));
#7543=FACE_OUTER_BOUND('221',#7542,.F.);
#7544=ADVANCED_FACE('221',(#7543),#7537,.F.);
#7545=CARTESIAN_POINT('',(1.7885E1,-3.05E0,3.485E0));
#7546=DIRECTION('',(1.E0,0.E0,0.E0));
#7547=DIRECTION('',(0.E0,0.E0,-1.E0));
#7548=AXIS2_PLACEMENT_3D('',#7545,#7546,#7547);
#7549=PLANE('298',#7548);
#7550=ORIENTED_EDGE('1005',*,*,#6293,.F.);
#7552=ORIENTED_EDGE('1018',*,*,#7551,.T.);
#7554=ORIENTED_EDGE('1001',*,*,#7553,.T.);
#7556=ORIENTED_EDGE('1020',*,*,#7555,.F.);
#7557=EDGE_LOOP('298',(#7550,#7552,#7554,#7556));
#7558=FACE_OUTER_BOUND('298',#7557,.F.);
#7559=ADVANCED_FACE('298',(#7558),#7549,.T.);
#7560=CARTESIAN_POINT('',(1.7575E1,2.935E0,3.485E0));
#7561=DIRECTION('',(0.E0,0.E0,-1.E0));
#7562=DIRECTION('',(0.E0,1.E0,0.E0));
#7563=AXIS2_PLACEMENT_3D('',#7560,#7561,#7562);
#7564=PLANE('300',#7563);
#7565=ORIENTED_EDGE('1007',*,*,#6299,.F.);
#7567=ORIENTED_EDGE('1022',*,*,#7566,.T.);
#7569=ORIENTED_EDGE('993',*,*,#7568,.T.);
#7570=ORIENTED_EDGE('1018',*,*,#7551,.F.);
#7571=EDGE_LOOP('300',(#7565,#7567,#7569,#7570));
#7572=FACE_OUTER_BOUND('300',#7571,.F.);
#7573=ADVANCED_FACE('300',(#7572),#7564,.F.);
#7574=CARTESIAN_POINT('',(1.7265E1,-3.05E0,3.485E0));
#7575=DIRECTION('',(1.E0,0.E0,0.E0));
#7576=DIRECTION('',(0.E0,0.E0,-1.E0));
#7577=AXIS2_PLACEMENT_3D('',#7574,#7575,#7576);
#7578=PLANE('299',#7577);
#7579=ORIENTED_EDGE('1006',*,*,#6297,.T.);
#7581=ORIENTED_EDGE('1024',*,*,#7580,.T.);
#7583=ORIENTED_EDGE('1003',*,*,#7582,.F.);
#7584=ORIENTED_EDGE('1022',*,*,#7566,.F.);
#7585=EDGE_LOOP('299',(#7579,#7581,#7583,#7584));
#7586=FACE_OUTER_BOUND('299',#7585,.F.);
#7587=ADVANCED_FACE('299',(#7586),#7578,.F.);
#7588=CARTESIAN_POINT('',(1.7575E1,2.935E0,2.865E0));
#7589=DIRECTION('',(0.E0,0.E0,-1.E0));
#7590=DIRECTION('',(0.E0,1.E0,0.E0));
#7591=AXIS2_PLACEMENT_3D('',#7588,#7589,#7590);
#7592=PLANE('301',#7591);
#7593=ORIENTED_EDGE('1008',*,*,#6295,.T.);
#7594=ORIENTED_EDGE('1020',*,*,#7555,.T.);
#7596=ORIENTED_EDGE('995',*,*,#7595,.F.);
#7597=ORIENTED_EDGE('1024',*,*,#7580,.F.);
#7598=EDGE_LOOP('301',(#7593,#7594,#7596,#7597));
#7599=FACE_OUTER_BOUND('301',#7598,.F.);
#7600=ADVANCED_FACE('301',(#7599),#7592,.T.);
#7601=CARTESIAN_POINT('',(1.7265E1,8.356852659994E0,2.865E0));
#7602=DIRECTION('',(0.E0,-3.121013265419E-1,9.500488208354E-1));
#7603=DIRECTION('',(0.E0,9.500488208354E-1,3.121013265419E-1));
#7604=AXIS2_PLACEMENT_3D('',#7601,#7602,#7603);
#7605=PLANE('244',#7604);
#7607=ORIENTED_EDGE('982',*,*,#7606,.F.);
#7608=ORIENTED_EDGE('995',*,*,#7595,.T.);
#7610=ORIENTED_EDGE('986',*,*,#7609,.F.);
#7612=ORIENTED_EDGE('984',*,*,#7611,.F.);
#7613=EDGE_LOOP('244',(#7607,#7608,#7610,#7612));
#7614=FACE_OUTER_BOUND('244',#7613,.F.);
#7615=ADVANCED_FACE('244',(#7614),#7605,.F.);
#7616=CARTESIAN_POINT('',(1.7265E1,8.356852659994E0,3.485E0));
#7617=DIRECTION('',(9.396926207859E-1,-3.420201433257E-1,0.E0));
#7618=DIRECTION('',(3.420201433257E-1,9.396926207859E-1,0.E0));
#7619=AXIS2_PLACEMENT_3D('',#7616,#7617,#7618);
#7620=PLANE('233',#7619);
#7622=ORIENTED_EDGE('981',*,*,#7621,.F.);
#7623=ORIENTED_EDGE('1003',*,*,#7582,.T.);
#7624=ORIENTED_EDGE('982',*,*,#7606,.T.);
#7626=ORIENTED_EDGE('997',*,*,#7625,.F.);
#7627=EDGE_LOOP('233',(#7622,#7623,#7624,#7626));
#7628=FACE_OUTER_BOUND('233',#7627,.F.);
#7629=ADVANCED_FACE('233',(#7628),#7620,.F.);
#7630=CARTESIAN_POINT('',(1.7265E1,8.92E0,3.3E0));
#7631=DIRECTION('',(0.E0,-3.121013265419E-1,-9.500488208354E-1));
#7632=DIRECTION('',(0.E0,-9.500488208354E-1,3.121013265419E-1));
#7633=AXIS2_PLACEMENT_3D('',#7630,#7631,#7632);
#7634=PLANE('243',#7633);
#7635=ORIENTED_EDGE('981',*,*,#7621,.T.);
#7637=ORIENTED_EDGE('983',*,*,#7636,.F.);
#7639=ORIENTED_EDGE('985',*,*,#7638,.T.);
#7640=ORIENTED_EDGE('993',*,*,#7568,.F.);
#7641=EDGE_LOOP('243',(#7635,#7637,#7639,#7640));
#7642=FACE_OUTER_BOUND('243',#7641,.F.);
#7643=ADVANCED_FACE('243',(#7642),#7634,.F.);
#7644=CARTESIAN_POINT('',(1.7575E1,8.77E0,3.485E0));
#7645=DIRECTION('',(0.E0,0.E0,1.E0));
#7646=DIRECTION('',(1.E0,0.E0,0.E0));
#7647=AXIS2_PLACEMENT_3D('',#7644,#7645,#7646);
#7648=CYLINDRICAL_SURFACE('234',#7647,1.5E-1);
#7649=ORIENTED_EDGE('983',*,*,#7636,.T.);
#7650=ORIENTED_EDGE('997',*,*,#7625,.T.);
#7651=ORIENTED_EDGE('984',*,*,#7611,.T.);
#7653=ORIENTED_EDGE('998',*,*,#7652,.F.);
#7654=EDGE_LOOP('234',(#7649,#7650,#7651,#7653));
#7655=FACE_OUTER_BOUND('234',#7654,.F.);
#7656=ADVANCED_FACE('234',(#7655),#7648,.T.);
#7657=CARTESIAN_POINT('',(1.771595389312E1,8.821303021499E0,3.485E0));
#7658=DIRECTION('',(-9.396926207859E-1,-3.420201433257E-1,0.E0));
#7659=DIRECTION('',(3.420201433257E-1,-9.396926207859E-1,0.E0));
#7660=AXIS2_PLACEMENT_3D('',#7657,#7658,#7659);
#7661=PLANE('235',#7660);
#7662=ORIENTED_EDGE('985',*,*,#7638,.F.);
#7663=ORIENTED_EDGE('998',*,*,#7652,.T.);
#7664=ORIENTED_EDGE('986',*,*,#7609,.T.);
#7665=ORIENTED_EDGE('1001',*,*,#7553,.F.);
#7666=EDGE_LOOP('235',(#7662,#7663,#7664,#7665));
#7667=FACE_OUTER_BOUND('235',#7666,.F.);
#7668=ADVANCED_FACE('235',(#7667),#7661,.F.);
#7669=CARTESIAN_POINT('',(2.54E0,6.770042526092E0,7.069682536796E0));
#7670=DIRECTION('',(-3.420201433257E-1,9.396926207859E-1,0.E0));
#7671=DIRECTION('',(0.E0,0.E0,-1.E0));
#7672=AXIS2_PLACEMENT_3D('',#7669,#7670,#7671);
#7673=PLANE('36',#7672);
#7674=ORIENTED_EDGE('401',*,*,#5241,.F.);
#7675=ORIENTED_EDGE('406',*,*,#5280,.T.);
#7676=ORIENTED_EDGE('404',*,*,#6174,.T.);
#7677=ORIENTED_EDGE('407',*,*,#5220,.F.);
#7678=EDGE_LOOP('36',(#7674,#7675,#7676,#7677));
#7679=FACE_OUTER_BOUND('36',#7678,.F.);
#7680=ADVANCED_FACE('36',(#7679),#7673,.F.);
#7681=CARTESIAN_POINT('',(1.558E1,2.22E0,7.62E0));
#7682=DIRECTION('',(1.E0,0.E0,0.E0));
#7683=DIRECTION('',(0.E0,1.E0,0.E0));
#7684=AXIS2_PLACEMENT_3D('',#7681,#7682,#7683);
#7685=PLANE('45',#7684);
#7686=ORIENTED_EDGE('444',*,*,#5859,.T.);
#7687=ORIENTED_EDGE('454',*,*,#5890,.T.);
#7688=ORIENTED_EDGE('427',*,*,#5819,.T.);
#7690=ORIENTED_EDGE('436',*,*,#7689,.F.);
#7691=ORIENTED_EDGE('450',*,*,#5917,.F.);
#7692=EDGE_LOOP('45',(#7686,#7687,#7688,#7690,#7691));
#7693=FACE_OUTER_BOUND('45',#7692,.F.);
#7694=ADVANCED_FACE('45',(#7693),#7685,.T.);
#7695=CARTESIAN_POINT('',(1.6305E1,4.595E0,7.62E0));
#7696=DIRECTION('',(0.E0,0.E0,1.E0));
#7697=DIRECTION('',(1.E0,0.E0,0.E0));
#7698=AXIS2_PLACEMENT_3D('',#7695,#7696,#7697);
#7699=CYLINDRICAL_SURFACE('46',#7698,7.25E-1);
#7700=ORIENTED_EDGE('420',*,*,#5919,.F.);
#7701=ORIENTED_EDGE('436',*,*,#7689,.T.);
#7702=ORIENTED_EDGE('428',*,*,#5817,.T.);
#7704=ORIENTED_EDGE('437',*,*,#7703,.F.);
#7705=EDGE_LOOP('46',(#7700,#7701,#7702,#7704));
#7706=FACE_OUTER_BOUND('46',#7705,.F.);
#7707=ADVANCED_FACE('46',(#7706),#7699,.F.);
#7708=CARTESIAN_POINT('',(1.703E1,4.595E0,7.62E0));
#7709=DIRECTION('',(-1.E0,0.E0,0.E0));
#7710=DIRECTION('',(0.E0,-1.E0,0.E0));
#7711=AXIS2_PLACEMENT_3D('',#7708,#7709,#7710);
#7712=PLANE('47',#7711);
#7713=ORIENTED_EDGE('445',*,*,#5863,.F.);
#7714=ORIENTED_EDGE('451',*,*,#5921,.F.);
#7715=ORIENTED_EDGE('437',*,*,#7703,.T.);
#7716=ORIENTED_EDGE('429',*,*,#5815,.T.);
#7717=ORIENTED_EDGE('455',*,*,#5846,.F.);
#7718=EDGE_LOOP('47',(#7713,#7714,#7715,#7716,#7717));
#7719=FACE_OUTER_BOUND('47',#7718,.F.);
#7720=ADVANCED_FACE('47',(#7719),#7712,.T.);
#7721=CARTESIAN_POINT('',(2.143E1,0.E0,0.E0));
#7722=DIRECTION('',(0.E0,-1.E0,0.E0));
#7723=DIRECTION('',(1.E0,0.E0,0.E0));
#7724=AXIS2_PLACEMENT_3D('',#7721,#7722,#7723);
#7725=PLANE('254',#7724);
#7726=ORIENTED_EDGE('528',*,*,#5678,.T.);
#7727=ORIENTED_EDGE('538',*,*,#5767,.T.);
#7728=ORIENTED_EDGE('312',*,*,#5782,.T.);
#7729=ORIENTED_EDGE('530',*,*,#5644,.F.);
#7730=EDGE_LOOP('254',(#7726,#7727,#7728,#7729));
#7731=FACE_OUTER_BOUND('254',#7730,.F.);
#7732=ADVANCED_FACE('254',(#7731),#7725,.T.);
#7733=CARTESIAN_POINT('',(2.143E1,0.E0,0.E0));
#7734=DIRECTION('',(0.E0,-1.E0,0.E0));
#7735=DIRECTION('',(1.E0,0.E0,0.E0));
#7736=AXIS2_PLACEMENT_3D('',#7733,#7734,#7735);
#7737=PLANE('9',#7736);
#7738=ORIENTED_EDGE('527',*,*,#5580,.F.);
#7739=ORIENTED_EDGE('529',*,*,#5658,.F.);
#7740=ORIENTED_EDGE('306',*,*,#5543,.F.);
#7741=ORIENTED_EDGE('537',*,*,#5558,.T.);
#7742=EDGE_LOOP('9',(#7738,#7739,#7740,#7741));
#7743=FACE_OUTER_BOUND('9',#7742,.F.);
#7744=ADVANCED_FACE('9',(#7743),#7737,.T.);
#7745=CARTESIAN_POINT('',(2.54E0,0.E0,0.E0));
#7746=DIRECTION('',(0.E0,-1.E0,0.E0));
#7747=DIRECTION('',(1.E0,0.E0,0.E0));
#7748=AXIS2_PLACEMENT_3D('',#7745,#7746,#7747);
#7749=PLANE('5',#7748);
#7750=ORIENTED_EDGE('383',*,*,#5229,.T.);
#7751=ORIENTED_EDGE('392',*,*,#5208,.F.);
#7752=ORIENTED_EDGE('303',*,*,#4981,.F.);
#7753=ORIENTED_EDGE('390',*,*,#5244,.T.);
#7754=EDGE_LOOP('5',(#7750,#7751,#7752,#7753));
#7755=FACE_OUTER_BOUND('5',#7754,.F.);
#7756=ADVANCED_FACE('5',(#7755),#7749,.T.);
#7757=CARTESIAN_POINT('',(6.805E0,6.8E-1,5.093725569229E0));
#7758=DIRECTION('',(0.E0,0.E0,1.E0));
#7759=DIRECTION('',(0.E0,-1.E0,0.E0));
#7760=AXIS2_PLACEMENT_3D('',#7757,#7758,#7759);
#7761=CYLINDRICAL_SURFACE('55',#7760,3.E-1);
#7763=ORIENTED_EDGE('613',*,*,#7762,.F.);
#7765=ORIENTED_EDGE('617',*,*,#7764,.F.);
#7766=ORIENTED_EDGE('479',*,*,#5088,.T.);
#7768=ORIENTED_EDGE('618',*,*,#7767,.T.);
#7769=EDGE_LOOP('55',(#7763,#7765,#7766,#7768));
#7770=FACE_OUTER_BOUND('55',#7769,.F.);
#7771=ADVANCED_FACE('55',(#7770),#7761,.T.);
#7772=CARTESIAN_POINT('',(7.105E0,2.935E0,5.715E0));
#7773=DIRECTION('',(1.E0,0.E0,0.E0));
#7774=DIRECTION('',(0.E0,1.E0,0.E0));
#7775=AXIS2_PLACEMENT_3D('',#7772,#7773,#7774);
#7776=PLANE('115',#7775);
#7777=ORIENTED_EDGE('613',*,*,#7762,.T.);
#7779=ORIENTED_EDGE('621',*,*,#7778,.F.);
#7781=ORIENTED_EDGE('598',*,*,#7780,.F.);
#7783=ORIENTED_EDGE('625',*,*,#7782,.T.);
#7784=EDGE_LOOP('115',(#7777,#7779,#7781,#7783));
#7785=FACE_OUTER_BOUND('115',#7784,.F.);
#7786=ADVANCED_FACE('115',(#7785),#7776,.F.);
#7787=CARTESIAN_POINT('',(7.105E0,-3.05E0,6.025E0));
#7788=DIRECTION('',(0.E0,0.E0,1.E0));
#7789=DIRECTION('',(1.E0,0.E0,0.E0));
#7790=AXIS2_PLACEMENT_3D('',#7787,#7788,#7789);
#7791=PLANE('113',#7790);
#7793=ORIENTED_EDGE('614',*,*,#7792,.T.);
#7795=ORIENTED_EDGE('623',*,*,#7794,.F.);
#7797=ORIENTED_EDGE('606',*,*,#7796,.F.);
#7798=ORIENTED_EDGE('621',*,*,#7778,.T.);
#7799=EDGE_LOOP('113',(#7793,#7795,#7797,#7798));
#7800=FACE_OUTER_BOUND('113',#7799,.F.);
#7801=ADVANCED_FACE('113',(#7800),#7791,.T.);
#7802=CARTESIAN_POINT('',(6.793725569229E0,6.8E-1,6.325E0));
#7803=DIRECTION('',(1.E0,0.E0,0.E0));
#7804=DIRECTION('',(0.E0,-1.E0,0.E0));
#7805=AXIS2_PLACEMENT_3D('',#7802,#7803,#7804);
#7806=CYLINDRICAL_SURFACE('56',#7805,3.E-1);
#7807=ORIENTED_EDGE('614',*,*,#7792,.F.);
#7808=ORIENTED_EDGE('618',*,*,#7767,.F.);
#7809=ORIENTED_EDGE('480',*,*,#5094,.T.);
#7811=ORIENTED_EDGE('619',*,*,#7810,.T.);
#7812=EDGE_LOOP('56',(#7807,#7808,#7809,#7811));
#7813=FACE_OUTER_BOUND('56',#7812,.F.);
#7814=ADVANCED_FACE('56',(#7813),#7806,.T.);
#7815=CARTESIAN_POINT('',(8.025E0,6.8E-1,6.336274430771E0));
#7816=DIRECTION('',(0.E0,0.E0,-1.E0));
#7817=DIRECTION('',(0.E0,-1.E0,0.E0));
#7818=AXIS2_PLACEMENT_3D('',#7815,#7816,#7817);
#7819=CYLINDRICAL_SURFACE('57',#7818,3.E-1);
#7821=ORIENTED_EDGE('615',*,*,#7820,.F.);
#7822=ORIENTED_EDGE('619',*,*,#7810,.F.);
#7823=ORIENTED_EDGE('481',*,*,#5092,.T.);
#7825=ORIENTED_EDGE('620',*,*,#7824,.T.);
#7826=EDGE_LOOP('57',(#7821,#7822,#7823,#7825));
#7827=FACE_OUTER_BOUND('57',#7826,.F.);
#7828=ADVANCED_FACE('57',(#7827),#7819,.T.);
#7829=CARTESIAN_POINT('',(7.725E0,2.935E0,5.715E0));
#7830=DIRECTION('',(1.E0,0.E0,0.E0));
#7831=DIRECTION('',(0.E0,1.E0,0.E0));
#7832=AXIS2_PLACEMENT_3D('',#7829,#7830,#7831);
#7833=PLANE('116',#7832);
#7834=ORIENTED_EDGE('615',*,*,#7820,.T.);
#7836=ORIENTED_EDGE('627',*,*,#7835,.F.);
#7838=ORIENTED_EDGE('600',*,*,#7837,.T.);
#7839=ORIENTED_EDGE('623',*,*,#7794,.T.);
#7840=EDGE_LOOP('116',(#7834,#7836,#7838,#7839));
#7841=FACE_OUTER_BOUND('116',#7840,.F.);
#7842=ADVANCED_FACE('116',(#7841),#7833,.T.);
#7843=CARTESIAN_POINT('',(7.105E0,-3.05E0,5.405E0));
#7844=DIRECTION('',(0.E0,0.E0,1.E0));
#7845=DIRECTION('',(1.E0,0.E0,0.E0));
#7846=AXIS2_PLACEMENT_3D('',#7843,#7844,#7845);
#7847=PLANE('114',#7846);
#7849=ORIENTED_EDGE('616',*,*,#7848,.T.);
#7850=ORIENTED_EDGE('625',*,*,#7782,.F.);
#7852=ORIENTED_EDGE('608',*,*,#7851,.T.);
#7853=ORIENTED_EDGE('627',*,*,#7835,.T.);
#7854=EDGE_LOOP('114',(#7849,#7850,#7852,#7853));
#7855=FACE_OUTER_BOUND('114',#7854,.F.);
#7856=ADVANCED_FACE('114',(#7855),#7847,.F.);
#7857=CARTESIAN_POINT('',(8.036274430771E0,6.8E-1,5.105E0));
#7858=DIRECTION('',(-1.E0,0.E0,0.E0));
#7859=DIRECTION('',(0.E0,-1.E0,0.E0));
#7860=AXIS2_PLACEMENT_3D('',#7857,#7858,#7859);
#7861=CYLINDRICAL_SURFACE('58',#7860,3.E-1);
#7862=ORIENTED_EDGE('616',*,*,#7848,.F.);
#7863=ORIENTED_EDGE('620',*,*,#7824,.F.);
#7864=ORIENTED_EDGE('482',*,*,#5090,.T.);
#7865=ORIENTED_EDGE('617',*,*,#7764,.T.);
#7866=EDGE_LOOP('58',(#7862,#7863,#7864,#7865));
#7867=FACE_OUTER_BOUND('58',#7866,.F.);
#7868=ADVANCED_FACE('58',(#7867),#7861,.T.);
#7869=CARTESIAN_POINT('',(7.105E0,-2.951303021499E0,5.574046106882E0));
#7870=DIRECTION('',(0.E0,3.420201433257E-1,9.396926207859E-1));
#7871=DIRECTION('',(0.E0,9.396926207859E-1,-3.420201433257E-1));
#7872=AXIS2_PLACEMENT_3D('',#7869,#7870,#7871);
#7873=PLANE('112',#7872);
#7875=ORIENTED_EDGE('595',*,*,#7874,.T.);
#7876=ORIENTED_EDGE('608',*,*,#7851,.F.);
#7878=ORIENTED_EDGE('596',*,*,#7877,.F.);
#7880=ORIENTED_EDGE('604',*,*,#7879,.T.);
#7881=EDGE_LOOP('112',(#7875,#7876,#7878,#7880));
#7882=FACE_OUTER_BOUND('112',#7881,.F.);
#7883=ADVANCED_FACE('112',(#7882),#7873,.F.);
#7884=CARTESIAN_POINT('',(7.54E0,-3.05E0,5.405E0));
#7885=DIRECTION('',(-9.500488208354E-1,3.121013265419E-1,0.E0));
#7886=DIRECTION('',(3.121013265419E-1,9.500488208354E-1,0.E0));
#7887=AXIS2_PLACEMENT_3D('',#7884,#7885,#7886);
#7888=PLANE('119',#7887);
#7890=ORIENTED_EDGE('591',*,*,#7889,.F.);
#7891=ORIENTED_EDGE('600',*,*,#7837,.F.);
#7892=ORIENTED_EDGE('595',*,*,#7874,.F.);
#7894=ORIENTED_EDGE('593',*,*,#7893,.F.);
#7895=EDGE_LOOP('119',(#7890,#7891,#7892,#7894));
#7896=FACE_OUTER_BOUND('119',#7895,.F.);
#7897=ADVANCED_FACE('119',(#7896),#7888,.F.);
#7898=CARTESIAN_POINT('',(7.105E0,-2.486852659994E0,6.025E0));
#7899=DIRECTION('',(0.E0,3.420201433257E-1,-9.396926207859E-1));
#7900=DIRECTION('',(0.E0,-9.396926207859E-1,-3.420201433257E-1));
#7901=AXIS2_PLACEMENT_3D('',#7898,#7899,#7900);
#7902=PLANE('110',#7901);
#7903=ORIENTED_EDGE('591',*,*,#7889,.T.);
#7905=ORIENTED_EDGE('603',*,*,#7904,.F.);
#7907=ORIENTED_EDGE('592',*,*,#7906,.F.);
#7908=ORIENTED_EDGE('606',*,*,#7796,.T.);
#7909=EDGE_LOOP('110',(#7903,#7905,#7907,#7908));
#7910=FACE_OUTER_BOUND('110',#7909,.F.);
#7911=ADVANCED_FACE('110',(#7910),#7902,.F.);
#7912=CARTESIAN_POINT('',(7.105E0,-2.9E0,5.715E0));
#7913=DIRECTION('',(-1.E0,0.E0,0.E0));
#7914=DIRECTION('',(0.E0,0.E0,1.E0));
#7915=AXIS2_PLACEMENT_3D('',#7912,#7913,#7914);
#7916=CYLINDRICAL_SURFACE('111',#7915,1.5E-1);
#7917=ORIENTED_EDGE('593',*,*,#7893,.T.);
#7918=ORIENTED_EDGE('604',*,*,#7879,.F.);
#7920=ORIENTED_EDGE('594',*,*,#7919,.T.);
#7921=ORIENTED_EDGE('603',*,*,#7904,.T.);
#7922=EDGE_LOOP('111',(#7917,#7918,#7920,#7921));
#7923=FACE_OUTER_BOUND('111',#7922,.F.);
#7924=ADVANCED_FACE('111',(#7923),#7916,.T.);
#7925=CARTESIAN_POINT('',(7.105E0,-2.486852659994E0,5.405E0));
#7926=DIRECTION('',(9.500488208354E-1,3.121013265419E-1,0.E0));
#7927=DIRECTION('',(3.121013265419E-1,-9.500488208354E-1,0.E0));
#7928=AXIS2_PLACEMENT_3D('',#7925,#7926,#7927);
#7929=PLANE('120',#7928);
#7930=ORIENTED_EDGE('592',*,*,#7906,.T.);
#7931=ORIENTED_EDGE('594',*,*,#7919,.F.);
#7932=ORIENTED_EDGE('596',*,*,#7877,.T.);
#7933=ORIENTED_EDGE('598',*,*,#7780,.T.);
#7934=EDGE_LOOP('120',(#7930,#7931,#7932,#7933));
#7935=FACE_OUTER_BOUND('120',#7934,.F.);
#7936=ADVANCED_FACE('120',(#7935),#7929,.F.);
#7937=CARTESIAN_POINT('',(6.805E0,6.8E-1,2.553725569229E0));
#7938=DIRECTION('',(0.E0,0.E0,1.E0));
#7939=DIRECTION('',(0.E0,-1.E0,0.E0));
#7940=AXIS2_PLACEMENT_3D('',#7937,#7938,#7939);
#7941=CYLINDRICAL_SURFACE('59',#7940,3.E-1);
#7943=ORIENTED_EDGE('833',*,*,#7942,.F.);
#7945=ORIENTED_EDGE('837',*,*,#7944,.F.);
#7946=ORIENTED_EDGE('483',*,*,#5098,.T.);
#7948=ORIENTED_EDGE('838',*,*,#7947,.T.);
#7949=EDGE_LOOP('59',(#7943,#7945,#7946,#7948));
#7950=FACE_OUTER_BOUND('59',#7949,.F.);
#7951=ADVANCED_FACE('59',(#7950),#7941,.T.);
#7952=CARTESIAN_POINT('',(7.105E0,-3.05E0,3.485E0));
#7953=DIRECTION('',(1.E0,0.E0,0.E0));
#7954=DIRECTION('',(0.E0,0.E0,-1.E0));
#7955=AXIS2_PLACEMENT_3D('',#7952,#7953,#7954);
#7956=PLANE('184',#7955);
#7957=ORIENTED_EDGE('833',*,*,#7942,.T.);
#7959=ORIENTED_EDGE('845',*,*,#7958,.F.);
#7961=ORIENTED_EDGE('828',*,*,#7960,.T.);
#7963=ORIENTED_EDGE('847',*,*,#7962,.T.);
#7964=EDGE_LOOP('184',(#7957,#7959,#7961,#7963));
#7965=FACE_OUTER_BOUND('184',#7964,.F.);
#7966=ADVANCED_FACE('184',(#7965),#7956,.F.);
#7967=CARTESIAN_POINT('',(7.415E0,2.935E0,3.485E0));
#7968=DIRECTION('',(0.E0,0.E0,-1.E0));
#7969=DIRECTION('',(0.E0,1.E0,0.E0));
#7970=AXIS2_PLACEMENT_3D('',#7967,#7968,#7969);
#7971=PLANE('185',#7970);
#7973=ORIENTED_EDGE('834',*,*,#7972,.T.);
#7975=ORIENTED_EDGE('841',*,*,#7974,.F.);
#7977=ORIENTED_EDGE('818',*,*,#7976,.F.);
#7978=ORIENTED_EDGE('845',*,*,#7958,.T.);
#7979=EDGE_LOOP('185',(#7973,#7975,#7977,#7978));
#7980=FACE_OUTER_BOUND('185',#7979,.F.);
#7981=ADVANCED_FACE('185',(#7980),#7971,.F.);
#7982=CARTESIAN_POINT('',(6.793725569229E0,6.8E-1,3.785E0));
#7983=DIRECTION('',(1.E0,0.E0,0.E0));
#7984=DIRECTION('',(0.E0,-1.E0,0.E0));
#7985=AXIS2_PLACEMENT_3D('',#7982,#7983,#7984);
#7986=CYLINDRICAL_SURFACE('60',#7985,3.E-1);
#7987=ORIENTED_EDGE('834',*,*,#7972,.F.);
#7988=ORIENTED_EDGE('838',*,*,#7947,.F.);
#7989=ORIENTED_EDGE('484',*,*,#5104,.T.);
#7991=ORIENTED_EDGE('839',*,*,#7990,.T.);
#7992=EDGE_LOOP('60',(#7987,#7988,#7989,#7991));
#7993=FACE_OUTER_BOUND('60',#7992,.F.);
#7994=ADVANCED_FACE('60',(#7993),#7986,.T.);
#7995=CARTESIAN_POINT('',(8.025E0,6.8E-1,3.796274430771E0));
#7996=DIRECTION('',(0.E0,0.E0,-1.E0));
#7997=DIRECTION('',(0.E0,-1.E0,0.E0));
#7998=AXIS2_PLACEMENT_3D('',#7995,#7996,#7997);
#7999=CYLINDRICAL_SURFACE('61',#7998,3.E-1);
#8001=ORIENTED_EDGE('835',*,*,#8000,.F.);
#8002=ORIENTED_EDGE('839',*,*,#7990,.F.);
#8003=ORIENTED_EDGE('485',*,*,#5102,.T.);
#8005=ORIENTED_EDGE('840',*,*,#8004,.T.);
#8006=EDGE_LOOP('61',(#8001,#8002,#8003,#8005));
#8007=FACE_OUTER_BOUND('61',#8006,.F.);
#8008=ADVANCED_FACE('61',(#8007),#7999,.T.);
#8009=CARTESIAN_POINT('',(7.725E0,-3.05E0,3.485E0));
#8010=DIRECTION('',(1.E0,0.E0,0.E0));
#8011=DIRECTION('',(0.E0,0.E0,-1.E0));
#8012=AXIS2_PLACEMENT_3D('',#8009,#8010,#8011);
#8013=PLANE('183',#8012);
#8014=ORIENTED_EDGE('835',*,*,#8000,.T.);
#8016=ORIENTED_EDGE('843',*,*,#8015,.F.);
#8018=ORIENTED_EDGE('826',*,*,#8017,.F.);
#8019=ORIENTED_EDGE('841',*,*,#7974,.T.);
#8020=EDGE_LOOP('183',(#8014,#8016,#8018,#8019));
#8021=FACE_OUTER_BOUND('183',#8020,.F.);
#8022=ADVANCED_FACE('183',(#8021),#8013,.T.);
#8023=CARTESIAN_POINT('',(7.415E0,2.935E0,2.865E0));
#8024=DIRECTION('',(0.E0,0.E0,-1.E0));
#8025=DIRECTION('',(0.E0,1.E0,0.E0));
#8026=AXIS2_PLACEMENT_3D('',#8023,#8024,#8025);
#8027=PLANE('186',#8026);
#8029=ORIENTED_EDGE('836',*,*,#8028,.T.);
#8030=ORIENTED_EDGE('847',*,*,#7962,.F.);
#8032=ORIENTED_EDGE('820',*,*,#8031,.T.);
#8033=ORIENTED_EDGE('843',*,*,#8015,.T.);
#8034=EDGE_LOOP('186',(#8029,#8030,#8032,#8033));
#8035=FACE_OUTER_BOUND('186',#8034,.F.);
#8036=ADVANCED_FACE('186',(#8035),#8027,.T.);
#8037=CARTESIAN_POINT('',(8.036274430771E0,6.8E-1,2.565E0));
#8038=DIRECTION('',(-1.E0,0.E0,0.E0));
#8039=DIRECTION('',(0.E0,-1.E0,0.E0));
#8040=AXIS2_PLACEMENT_3D('',#8037,#8038,#8039);
#8041=CYLINDRICAL_SURFACE('62',#8040,3.E-1);
#8042=ORIENTED_EDGE('836',*,*,#8028,.F.);
#8043=ORIENTED_EDGE('840',*,*,#8004,.F.);
#8044=ORIENTED_EDGE('486',*,*,#5100,.T.);
#8045=ORIENTED_EDGE('837',*,*,#7944,.T.);
#8046=EDGE_LOOP('62',(#8042,#8043,#8044,#8045));
#8047=FACE_OUTER_BOUND('62',#8046,.F.);
#8048=ADVANCED_FACE('62',(#8047),#8041,.T.);
#8049=CARTESIAN_POINT('',(7.105E0,-3.05E0,3.05E0));
#8050=DIRECTION('',(0.E0,3.121013265419E-1,9.500488208354E-1));
#8051=DIRECTION('',(0.E0,9.500488208354E-1,-3.121013265419E-1));
#8052=AXIS2_PLACEMENT_3D('',#8049,#8050,#8051);
#8053=PLANE('189',#8052);
#8055=ORIENTED_EDGE('811',*,*,#8054,.F.);
#8056=ORIENTED_EDGE('820',*,*,#8031,.F.);
#8058=ORIENTED_EDGE('815',*,*,#8057,.F.);
#8060=ORIENTED_EDGE('813',*,*,#8059,.F.);
#8061=EDGE_LOOP('189',(#8055,#8056,#8058,#8060));
#8062=FACE_OUTER_BOUND('189',#8061,.F.);
#8063=ADVANCED_FACE('189',(#8062),#8053,.F.);
#8064=CARTESIAN_POINT('',(7.725E0,-2.486852659994E0,3.485E0));
#8065=DIRECTION('',(-9.396926207859E-1,3.420201433257E-1,0.E0));
#8066=DIRECTION('',(-3.420201433257E-1,-9.396926207859E-1,0.E0));
#8067=AXIS2_PLACEMENT_3D('',#8064,#8065,#8066);
#8068=PLANE('180',#8067);
#8069=ORIENTED_EDGE('811',*,*,#8054,.T.);
#8071=ORIENTED_EDGE('823',*,*,#8070,.F.);
#8073=ORIENTED_EDGE('812',*,*,#8072,.F.);
#8074=ORIENTED_EDGE('826',*,*,#8017,.T.);
#8075=EDGE_LOOP('180',(#8069,#8071,#8073,#8074));
#8076=FACE_OUTER_BOUND('180',#8075,.F.);
#8077=ADVANCED_FACE('180',(#8076),#8068,.F.);
#8078=CARTESIAN_POINT('',(7.415E0,-2.9E0,3.485E0));
#8079=DIRECTION('',(0.E0,0.E0,1.E0));
#8080=DIRECTION('',(1.E0,0.E0,0.E0));
#8081=AXIS2_PLACEMENT_3D('',#8078,#8079,#8080);
#8082=CYLINDRICAL_SURFACE('181',#8081,1.5E-1);
#8083=ORIENTED_EDGE('813',*,*,#8059,.T.);
#8085=ORIENTED_EDGE('824',*,*,#8084,.F.);
#8087=ORIENTED_EDGE('814',*,*,#8086,.T.);
#8088=ORIENTED_EDGE('823',*,*,#8070,.T.);
#8089=EDGE_LOOP('181',(#8083,#8085,#8087,#8088));
#8090=FACE_OUTER_BOUND('181',#8089,.F.);
#8091=ADVANCED_FACE('181',(#8090),#8082,.T.);
#8092=CARTESIAN_POINT('',(7.274046106882E0,-2.951303021499E0,3.485E0));
#8093=DIRECTION('',(9.396926207859E-1,3.420201433257E-1,0.E0));
#8094=DIRECTION('',(-3.420201433257E-1,9.396926207859E-1,0.E0));
#8095=AXIS2_PLACEMENT_3D('',#8092,#8093,#8094);
#8096=PLANE('182',#8095);
#8097=ORIENTED_EDGE('815',*,*,#8057,.T.);
#8098=ORIENTED_EDGE('828',*,*,#7960,.F.);
#8100=ORIENTED_EDGE('816',*,*,#8099,.F.);
#8101=ORIENTED_EDGE('824',*,*,#8084,.T.);
#8102=EDGE_LOOP('182',(#8097,#8098,#8100,#8101));
#8103=FACE_OUTER_BOUND('182',#8102,.F.);
#8104=ADVANCED_FACE('182',(#8103),#8096,.F.);
#8105=CARTESIAN_POINT('',(7.105E0,-2.486852659994E0,3.485E0));
#8106=DIRECTION('',(0.E0,3.121013265419E-1,-9.500488208354E-1));
#8107=DIRECTION('',(0.E0,-9.500488208354E-1,-3.121013265419E-1));
#8108=AXIS2_PLACEMENT_3D('',#8105,#8106,#8107);
#8109=PLANE('190',#8108);
#8110=ORIENTED_EDGE('812',*,*,#8072,.T.);
#8111=ORIENTED_EDGE('814',*,*,#8086,.F.);
#8112=ORIENTED_EDGE('816',*,*,#8099,.T.);
#8113=ORIENTED_EDGE('818',*,*,#7976,.T.);
#8114=EDGE_LOOP('190',(#8110,#8111,#8112,#8113));
#8115=FACE_OUTER_BOUND('190',#8114,.F.);
#8116=ADVANCED_FACE('190',(#8115),#8109,.F.);
#8117=CARTESIAN_POINT('',(9.345E0,6.8E-1,5.093725569229E0));
#8118=DIRECTION('',(0.E0,0.E0,1.E0));
#8119=DIRECTION('',(0.E0,-1.E0,0.E0));
#8120=AXIS2_PLACEMENT_3D('',#8117,#8118,#8119);
#8121=CYLINDRICAL_SURFACE('63',#8120,3.E-1);
#8123=ORIENTED_EDGE('657',*,*,#8122,.F.);
#8125=ORIENTED_EDGE('661',*,*,#8124,.F.);
#8126=ORIENTED_EDGE('487',*,*,#5108,.T.);
#8128=ORIENTED_EDGE('662',*,*,#8127,.T.);
#8129=EDGE_LOOP('63',(#8123,#8125,#8126,#8128));
#8130=FACE_OUTER_BOUND('63',#8129,.F.);
#8131=ADVANCED_FACE('63',(#8130),#8121,.T.);
#8132=CARTESIAN_POINT('',(9.645E0,2.935E0,5.715E0));
#8133=DIRECTION('',(1.E0,0.E0,0.E0));
#8134=DIRECTION('',(0.E0,1.E0,0.E0));
#8135=AXIS2_PLACEMENT_3D('',#8132,#8133,#8134);
#8136=PLANE('129',#8135);
#8137=ORIENTED_EDGE('657',*,*,#8122,.T.);
#8139=ORIENTED_EDGE('665',*,*,#8138,.F.);
#8141=ORIENTED_EDGE('642',*,*,#8140,.F.);
#8143=ORIENTED_EDGE('669',*,*,#8142,.T.);
#8144=EDGE_LOOP('129',(#8137,#8139,#8141,#8143));
#8145=FACE_OUTER_BOUND('129',#8144,.F.);
#8146=ADVANCED_FACE('129',(#8145),#8136,.F.);
#8147=CARTESIAN_POINT('',(9.645E0,-3.05E0,6.025E0));
#8148=DIRECTION('',(0.E0,0.E0,1.E0));
#8149=DIRECTION('',(1.E0,0.E0,0.E0));
#8150=AXIS2_PLACEMENT_3D('',#8147,#8148,#8149);
#8151=PLANE('127',#8150);
#8153=ORIENTED_EDGE('658',*,*,#8152,.T.);
#8155=ORIENTED_EDGE('667',*,*,#8154,.F.);
#8157=ORIENTED_EDGE('650',*,*,#8156,.F.);
#8158=ORIENTED_EDGE('665',*,*,#8138,.T.);
#8159=EDGE_LOOP('127',(#8153,#8155,#8157,#8158));
#8160=FACE_OUTER_BOUND('127',#8159,.F.);
#8161=ADVANCED_FACE('127',(#8160),#8151,.T.);
#8162=CARTESIAN_POINT('',(9.333725569229E0,6.8E-1,6.325E0));
#8163=DIRECTION('',(1.E0,0.E0,0.E0));
#8164=DIRECTION('',(0.E0,-1.E0,0.E0));
#8165=AXIS2_PLACEMENT_3D('',#8162,#8163,#8164);
#8166=CYLINDRICAL_SURFACE('64',#8165,3.E-1);
#8167=ORIENTED_EDGE('658',*,*,#8152,.F.);
#8168=ORIENTED_EDGE('662',*,*,#8127,.F.);
#8169=ORIENTED_EDGE('488',*,*,#5114,.T.);
#8171=ORIENTED_EDGE('663',*,*,#8170,.T.);
#8172=EDGE_LOOP('64',(#8167,#8168,#8169,#8171));
#8173=FACE_OUTER_BOUND('64',#8172,.F.);
#8174=ADVANCED_FACE('64',(#8173),#8166,.T.);
#8175=CARTESIAN_POINT('',(1.0565E1,6.8E-1,6.336274430771E0));
#8176=DIRECTION('',(0.E0,0.E0,-1.E0));
#8177=DIRECTION('',(0.E0,-1.E0,0.E0));
#8178=AXIS2_PLACEMENT_3D('',#8175,#8176,#8177);
#8179=CYLINDRICAL_SURFACE('65',#8178,3.E-1);
#8181=ORIENTED_EDGE('659',*,*,#8180,.F.);
#8182=ORIENTED_EDGE('663',*,*,#8170,.F.);
#8183=ORIENTED_EDGE('489',*,*,#5112,.T.);
#8185=ORIENTED_EDGE('664',*,*,#8184,.T.);
#8186=EDGE_LOOP('65',(#8181,#8182,#8183,#8185));
#8187=FACE_OUTER_BOUND('65',#8186,.F.);
#8188=ADVANCED_FACE('65',(#8187),#8179,.T.);
#8189=CARTESIAN_POINT('',(1.0265E1,2.935E0,5.715E0));
#8190=DIRECTION('',(1.E0,0.E0,0.E0));
#8191=DIRECTION('',(0.E0,1.E0,0.E0));
#8192=AXIS2_PLACEMENT_3D('',#8189,#8190,#8191);
#8193=PLANE('130',#8192);
#8194=ORIENTED_EDGE('659',*,*,#8180,.T.);
#8196=ORIENTED_EDGE('671',*,*,#8195,.F.);
#8198=ORIENTED_EDGE('644',*,*,#8197,.T.);
#8199=ORIENTED_EDGE('667',*,*,#8154,.T.);
#8200=EDGE_LOOP('130',(#8194,#8196,#8198,#8199));
#8201=FACE_OUTER_BOUND('130',#8200,.F.);
#8202=ADVANCED_FACE('130',(#8201),#8193,.T.);
#8203=CARTESIAN_POINT('',(9.645E0,-3.05E0,5.405E0));
#8204=DIRECTION('',(0.E0,0.E0,1.E0));
#8205=DIRECTION('',(1.E0,0.E0,0.E0));
#8206=AXIS2_PLACEMENT_3D('',#8203,#8204,#8205);
#8207=PLANE('128',#8206);
#8209=ORIENTED_EDGE('660',*,*,#8208,.T.);
#8210=ORIENTED_EDGE('669',*,*,#8142,.F.);
#8212=ORIENTED_EDGE('652',*,*,#8211,.T.);
#8213=ORIENTED_EDGE('671',*,*,#8195,.T.);
#8214=EDGE_LOOP('128',(#8209,#8210,#8212,#8213));
#8215=FACE_OUTER_BOUND('128',#8214,.F.);
#8216=ADVANCED_FACE('128',(#8215),#8207,.F.);
#8217=CARTESIAN_POINT('',(1.057627443077E1,6.8E-1,5.105E0));
#8218=DIRECTION('',(-1.E0,0.E0,0.E0));
#8219=DIRECTION('',(0.E0,-1.E0,0.E0));
#8220=AXIS2_PLACEMENT_3D('',#8217,#8218,#8219);
#8221=CYLINDRICAL_SURFACE('66',#8220,3.E-1);
#8222=ORIENTED_EDGE('660',*,*,#8208,.F.);
#8223=ORIENTED_EDGE('664',*,*,#8184,.F.);
#8224=ORIENTED_EDGE('490',*,*,#5110,.T.);
#8225=ORIENTED_EDGE('661',*,*,#8124,.T.);
#8226=EDGE_LOOP('66',(#8222,#8223,#8224,#8225));
#8227=FACE_OUTER_BOUND('66',#8226,.F.);
#8228=ADVANCED_FACE('66',(#8227),#8221,.T.);
#8229=CARTESIAN_POINT('',(9.645E0,-2.951303021499E0,5.574046106882E0));
#8230=DIRECTION('',(0.E0,3.420201433257E-1,9.396926207859E-1));
#8231=DIRECTION('',(0.E0,9.396926207859E-1,-3.420201433257E-1));
#8232=AXIS2_PLACEMENT_3D('',#8229,#8230,#8231);
#8233=PLANE('126',#8232);
#8235=ORIENTED_EDGE('639',*,*,#8234,.T.);
#8236=ORIENTED_EDGE('652',*,*,#8211,.F.);
#8238=ORIENTED_EDGE('640',*,*,#8237,.F.);
#8240=ORIENTED_EDGE('648',*,*,#8239,.T.);
#8241=EDGE_LOOP('126',(#8235,#8236,#8238,#8240));
#8242=FACE_OUTER_BOUND('126',#8241,.F.);
#8243=ADVANCED_FACE('126',(#8242),#8233,.F.);
#8244=CARTESIAN_POINT('',(1.008E1,-3.05E0,5.405E0));
#8245=DIRECTION('',(-9.500488208354E-1,3.121013265419E-1,0.E0));
#8246=DIRECTION('',(3.121013265419E-1,9.500488208354E-1,0.E0));
#8247=AXIS2_PLACEMENT_3D('',#8244,#8245,#8246);
#8248=PLANE('133',#8247);
#8250=ORIENTED_EDGE('635',*,*,#8249,.F.);
#8251=ORIENTED_EDGE('644',*,*,#8197,.F.);
#8252=ORIENTED_EDGE('639',*,*,#8234,.F.);
#8254=ORIENTED_EDGE('637',*,*,#8253,.F.);
#8255=EDGE_LOOP('133',(#8250,#8251,#8252,#8254));
#8256=FACE_OUTER_BOUND('133',#8255,.F.);
#8257=ADVANCED_FACE('133',(#8256),#8248,.F.);
#8258=CARTESIAN_POINT('',(9.645E0,-2.486852659994E0,6.025E0));
#8259=DIRECTION('',(0.E0,3.420201433257E-1,-9.396926207859E-1));
#8260=DIRECTION('',(0.E0,-9.396926207859E-1,-3.420201433257E-1));
#8261=AXIS2_PLACEMENT_3D('',#8258,#8259,#8260);
#8262=PLANE('124',#8261);
#8263=ORIENTED_EDGE('635',*,*,#8249,.T.);
#8265=ORIENTED_EDGE('647',*,*,#8264,.F.);
#8267=ORIENTED_EDGE('636',*,*,#8266,.F.);
#8268=ORIENTED_EDGE('650',*,*,#8156,.T.);
#8269=EDGE_LOOP('124',(#8263,#8265,#8267,#8268));
#8270=FACE_OUTER_BOUND('124',#8269,.F.);
#8271=ADVANCED_FACE('124',(#8270),#8262,.F.);
#8272=CARTESIAN_POINT('',(9.645E0,-2.9E0,5.715E0));
#8273=DIRECTION('',(-1.E0,0.E0,0.E0));
#8274=DIRECTION('',(0.E0,0.E0,1.E0));
#8275=AXIS2_PLACEMENT_3D('',#8272,#8273,#8274);
#8276=CYLINDRICAL_SURFACE('125',#8275,1.5E-1);
#8277=ORIENTED_EDGE('637',*,*,#8253,.T.);
#8278=ORIENTED_EDGE('648',*,*,#8239,.F.);
#8280=ORIENTED_EDGE('638',*,*,#8279,.T.);
#8281=ORIENTED_EDGE('647',*,*,#8264,.T.);
#8282=EDGE_LOOP('125',(#8277,#8278,#8280,#8281));
#8283=FACE_OUTER_BOUND('125',#8282,.F.);
#8284=ADVANCED_FACE('125',(#8283),#8276,.T.);
#8285=CARTESIAN_POINT('',(9.645E0,-2.486852659994E0,5.405E0));
#8286=DIRECTION('',(9.500488208354E-1,3.121013265419E-1,0.E0));
#8287=DIRECTION('',(3.121013265419E-1,-9.500488208354E-1,0.E0));
#8288=AXIS2_PLACEMENT_3D('',#8285,#8286,#8287);
#8289=PLANE('134',#8288);
#8290=ORIENTED_EDGE('636',*,*,#8266,.T.);
#8291=ORIENTED_EDGE('638',*,*,#8279,.F.);
#8292=ORIENTED_EDGE('640',*,*,#8237,.T.);
#8293=ORIENTED_EDGE('642',*,*,#8140,.T.);
#8294=EDGE_LOOP('134',(#8290,#8291,#8292,#8293));
#8295=FACE_OUTER_BOUND('134',#8294,.F.);
#8296=ADVANCED_FACE('134',(#8295),#8289,.F.);
#8297=CARTESIAN_POINT('',(9.345E0,6.8E-1,2.553725569229E0));
#8298=DIRECTION('',(0.E0,0.E0,1.E0));
#8299=DIRECTION('',(0.E0,-1.E0,0.E0));
#8300=AXIS2_PLACEMENT_3D('',#8297,#8298,#8299);
#8301=CYLINDRICAL_SURFACE('67',#8300,3.E-1);
#8303=ORIENTED_EDGE('877',*,*,#8302,.F.);
#8305=ORIENTED_EDGE('881',*,*,#8304,.F.);
#8306=ORIENTED_EDGE('491',*,*,#5118,.T.);
#8308=ORIENTED_EDGE('882',*,*,#8307,.T.);
#8309=EDGE_LOOP('67',(#8303,#8305,#8306,#8308));
#8310=FACE_OUTER_BOUND('67',#8309,.F.);
#8311=ADVANCED_FACE('67',(#8310),#8301,.T.);
#8312=CARTESIAN_POINT('',(9.645E0,-3.05E0,3.485E0));
#8313=DIRECTION('',(1.E0,0.E0,0.E0));
#8314=DIRECTION('',(0.E0,0.E0,-1.E0));
#8315=AXIS2_PLACEMENT_3D('',#8312,#8313,#8314);
#8316=PLANE('198',#8315);
#8317=ORIENTED_EDGE('877',*,*,#8302,.T.);
#8319=ORIENTED_EDGE('889',*,*,#8318,.F.);
#8321=ORIENTED_EDGE('872',*,*,#8320,.T.);
#8323=ORIENTED_EDGE('891',*,*,#8322,.T.);
#8324=EDGE_LOOP('198',(#8317,#8319,#8321,#8323));
#8325=FACE_OUTER_BOUND('198',#8324,.F.);
#8326=ADVANCED_FACE('198',(#8325),#8316,.F.);
#8327=CARTESIAN_POINT('',(9.955E0,2.935E0,3.485E0));
#8328=DIRECTION('',(0.E0,0.E0,-1.E0));
#8329=DIRECTION('',(0.E0,1.E0,0.E0));
#8330=AXIS2_PLACEMENT_3D('',#8327,#8328,#8329);
#8331=PLANE('199',#8330);
#8333=ORIENTED_EDGE('878',*,*,#8332,.T.);
#8335=ORIENTED_EDGE('885',*,*,#8334,.F.);
#8337=ORIENTED_EDGE('862',*,*,#8336,.F.);
#8338=ORIENTED_EDGE('889',*,*,#8318,.T.);
#8339=EDGE_LOOP('199',(#8333,#8335,#8337,#8338));
#8340=FACE_OUTER_BOUND('199',#8339,.F.);
#8341=ADVANCED_FACE('199',(#8340),#8331,.F.);
#8342=CARTESIAN_POINT('',(9.333725569229E0,6.8E-1,3.785E0));
#8343=DIRECTION('',(1.E0,0.E0,0.E0));
#8344=DIRECTION('',(0.E0,-1.E0,0.E0));
#8345=AXIS2_PLACEMENT_3D('',#8342,#8343,#8344);
#8346=CYLINDRICAL_SURFACE('68',#8345,3.E-1);
#8347=ORIENTED_EDGE('878',*,*,#8332,.F.);
#8348=ORIENTED_EDGE('882',*,*,#8307,.F.);
#8349=ORIENTED_EDGE('492',*,*,#5124,.T.);
#8351=ORIENTED_EDGE('883',*,*,#8350,.T.);
#8352=EDGE_LOOP('68',(#8347,#8348,#8349,#8351));
#8353=FACE_OUTER_BOUND('68',#8352,.F.);
#8354=ADVANCED_FACE('68',(#8353),#8346,.T.);
#8355=CARTESIAN_POINT('',(1.0565E1,6.8E-1,3.796274430771E0));
#8356=DIRECTION('',(0.E0,0.E0,-1.E0));
#8357=DIRECTION('',(0.E0,-1.E0,0.E0));
#8358=AXIS2_PLACEMENT_3D('',#8355,#8356,#8357);
#8359=CYLINDRICAL_SURFACE('69',#8358,3.E-1);
#8361=ORIENTED_EDGE('879',*,*,#8360,.F.);
#8362=ORIENTED_EDGE('883',*,*,#8350,.F.);
#8363=ORIENTED_EDGE('493',*,*,#5122,.T.);
#8365=ORIENTED_EDGE('884',*,*,#8364,.T.);
#8366=EDGE_LOOP('69',(#8361,#8362,#8363,#8365));
#8367=FACE_OUTER_BOUND('69',#8366,.F.);
#8368=ADVANCED_FACE('69',(#8367),#8359,.T.);
#8369=CARTESIAN_POINT('',(1.0265E1,-3.05E0,3.485E0));
#8370=DIRECTION('',(1.E0,0.E0,0.E0));
#8371=DIRECTION('',(0.E0,0.E0,-1.E0));
#8372=AXIS2_PLACEMENT_3D('',#8369,#8370,#8371);
#8373=PLANE('197',#8372);
#8374=ORIENTED_EDGE('879',*,*,#8360,.T.);
#8376=ORIENTED_EDGE('887',*,*,#8375,.F.);
#8378=ORIENTED_EDGE('870',*,*,#8377,.F.);
#8379=ORIENTED_EDGE('885',*,*,#8334,.T.);
#8380=EDGE_LOOP('197',(#8374,#8376,#8378,#8379));
#8381=FACE_OUTER_BOUND('197',#8380,.F.);
#8382=ADVANCED_FACE('197',(#8381),#8373,.T.);
#8383=CARTESIAN_POINT('',(9.955E0,2.935E0,2.865E0));
#8384=DIRECTION('',(0.E0,0.E0,-1.E0));
#8385=DIRECTION('',(0.E0,1.E0,0.E0));
#8386=AXIS2_PLACEMENT_3D('',#8383,#8384,#8385);
#8387=PLANE('200',#8386);
#8389=ORIENTED_EDGE('880',*,*,#8388,.T.);
#8390=ORIENTED_EDGE('891',*,*,#8322,.F.);
#8392=ORIENTED_EDGE('864',*,*,#8391,.T.);
#8393=ORIENTED_EDGE('887',*,*,#8375,.T.);
#8394=EDGE_LOOP('200',(#8389,#8390,#8392,#8393));
#8395=FACE_OUTER_BOUND('200',#8394,.F.);
#8396=ADVANCED_FACE('200',(#8395),#8387,.T.);
#8397=CARTESIAN_POINT('',(1.057627443077E1,6.8E-1,2.565E0));
#8398=DIRECTION('',(-1.E0,0.E0,0.E0));
#8399=DIRECTION('',(0.E0,-1.E0,0.E0));
#8400=AXIS2_PLACEMENT_3D('',#8397,#8398,#8399);
#8401=CYLINDRICAL_SURFACE('70',#8400,3.E-1);
#8402=ORIENTED_EDGE('880',*,*,#8388,.F.);
#8403=ORIENTED_EDGE('884',*,*,#8364,.F.);
#8404=ORIENTED_EDGE('494',*,*,#5120,.T.);
#8405=ORIENTED_EDGE('881',*,*,#8304,.T.);
#8406=EDGE_LOOP('70',(#8402,#8403,#8404,#8405));
#8407=FACE_OUTER_BOUND('70',#8406,.F.);
#8408=ADVANCED_FACE('70',(#8407),#8401,.T.);
#8409=CARTESIAN_POINT('',(9.645E0,-3.05E0,3.05E0));
#8410=DIRECTION('',(0.E0,3.121013265419E-1,9.500488208354E-1));
#8411=DIRECTION('',(0.E0,9.500488208354E-1,-3.121013265419E-1));
#8412=AXIS2_PLACEMENT_3D('',#8409,#8410,#8411);
#8413=PLANE('203',#8412);
#8415=ORIENTED_EDGE('855',*,*,#8414,.F.);
#8416=ORIENTED_EDGE('864',*,*,#8391,.F.);
#8418=ORIENTED_EDGE('859',*,*,#8417,.F.);
#8420=ORIENTED_EDGE('857',*,*,#8419,.F.);
#8421=EDGE_LOOP('203',(#8415,#8416,#8418,#8420));
#8422=FACE_OUTER_BOUND('203',#8421,.F.);
#8423=ADVANCED_FACE('203',(#8422),#8413,.F.);
#8424=CARTESIAN_POINT('',(1.0265E1,-2.486852659994E0,3.485E0));
#8425=DIRECTION('',(-9.396926207859E-1,3.420201433257E-1,0.E0));
#8426=DIRECTION('',(-3.420201433257E-1,-9.396926207859E-1,0.E0));
#8427=AXIS2_PLACEMENT_3D('',#8424,#8425,#8426);
#8428=PLANE('194',#8427);
#8429=ORIENTED_EDGE('855',*,*,#8414,.T.);
#8431=ORIENTED_EDGE('867',*,*,#8430,.F.);
#8433=ORIENTED_EDGE('856',*,*,#8432,.F.);
#8434=ORIENTED_EDGE('870',*,*,#8377,.T.);
#8435=EDGE_LOOP('194',(#8429,#8431,#8433,#8434));
#8436=FACE_OUTER_BOUND('194',#8435,.F.);
#8437=ADVANCED_FACE('194',(#8436),#8428,.F.);
#8438=CARTESIAN_POINT('',(9.955E0,-2.9E0,3.485E0));
#8439=DIRECTION('',(0.E0,0.E0,1.E0));
#8440=DIRECTION('',(1.E0,0.E0,0.E0));
#8441=AXIS2_PLACEMENT_3D('',#8438,#8439,#8440);
#8442=CYLINDRICAL_SURFACE('195',#8441,1.5E-1);
#8443=ORIENTED_EDGE('857',*,*,#8419,.T.);
#8445=ORIENTED_EDGE('868',*,*,#8444,.F.);
#8447=ORIENTED_EDGE('858',*,*,#8446,.T.);
#8448=ORIENTED_EDGE('867',*,*,#8430,.T.);
#8449=EDGE_LOOP('195',(#8443,#8445,#8447,#8448));
#8450=FACE_OUTER_BOUND('195',#8449,.F.);
#8451=ADVANCED_FACE('195',(#8450),#8442,.T.);
#8452=CARTESIAN_POINT('',(9.814046106882E0,-2.951303021499E0,3.485E0));
#8453=DIRECTION('',(9.396926207859E-1,3.420201433257E-1,0.E0));
#8454=DIRECTION('',(-3.420201433257E-1,9.396926207859E-1,0.E0));
#8455=AXIS2_PLACEMENT_3D('',#8452,#8453,#8454);
#8456=PLANE('196',#8455);
#8457=ORIENTED_EDGE('859',*,*,#8417,.T.);
#8458=ORIENTED_EDGE('872',*,*,#8320,.F.);
#8460=ORIENTED_EDGE('860',*,*,#8459,.F.);
#8461=ORIENTED_EDGE('868',*,*,#8444,.T.);
#8462=EDGE_LOOP('196',(#8457,#8458,#8460,#8461));
#8463=FACE_OUTER_BOUND('196',#8462,.F.);
#8464=ADVANCED_FACE('196',(#8463),#8456,.F.);
#8465=CARTESIAN_POINT('',(9.645E0,-2.486852659994E0,3.485E0));
#8466=DIRECTION('',(0.E0,3.121013265419E-1,-9.500488208354E-1));
#8467=DIRECTION('',(0.E0,-9.500488208354E-1,-3.121013265419E-1));
#8468=AXIS2_PLACEMENT_3D('',#8465,#8466,#8467);
#8469=PLANE('204',#8468);
#8470=ORIENTED_EDGE('856',*,*,#8432,.T.);
#8471=ORIENTED_EDGE('858',*,*,#8446,.F.);
#8472=ORIENTED_EDGE('860',*,*,#8459,.T.);
#8473=ORIENTED_EDGE('862',*,*,#8336,.T.);
#8474=EDGE_LOOP('204',(#8470,#8471,#8472,#8473));
#8475=FACE_OUTER_BOUND('204',#8474,.F.);
#8476=ADVANCED_FACE('204',(#8475),#8469,.F.);
#8477=CARTESIAN_POINT('',(1.1885E1,6.8E-1,5.093725569229E0));
#8478=DIRECTION('',(0.E0,0.E0,1.E0));
#8479=DIRECTION('',(0.E0,-1.E0,0.E0));
#8480=AXIS2_PLACEMENT_3D('',#8477,#8478,#8479);
#8481=CYLINDRICAL_SURFACE('71',#8480,3.E-1);
#8483=ORIENTED_EDGE('701',*,*,#8482,.F.);
#8485=ORIENTED_EDGE('705',*,*,#8484,.F.);
#8486=ORIENTED_EDGE('495',*,*,#5128,.T.);
#8488=ORIENTED_EDGE('706',*,*,#8487,.T.);
#8489=EDGE_LOOP('71',(#8483,#8485,#8486,#8488));
#8490=FACE_OUTER_BOUND('71',#8489,.F.);
#8491=ADVANCED_FACE('71',(#8490),#8481,.T.);
#8492=CARTESIAN_POINT('',(1.2185E1,2.935E0,5.715E0));
#8493=DIRECTION('',(1.E0,0.E0,0.E0));
#8494=DIRECTION('',(0.E0,1.E0,0.E0));
#8495=AXIS2_PLACEMENT_3D('',#8492,#8493,#8494);
#8496=PLANE('143',#8495);
#8497=ORIENTED_EDGE('701',*,*,#8482,.T.);
#8499=ORIENTED_EDGE('709',*,*,#8498,.F.);
#8501=ORIENTED_EDGE('686',*,*,#8500,.F.);
#8503=ORIENTED_EDGE('713',*,*,#8502,.T.);
#8504=EDGE_LOOP('143',(#8497,#8499,#8501,#8503));
#8505=FACE_OUTER_BOUND('143',#8504,.F.);
#8506=ADVANCED_FACE('143',(#8505),#8496,.F.);
#8507=CARTESIAN_POINT('',(1.2185E1,-3.05E0,6.025E0));
#8508=DIRECTION('',(0.E0,0.E0,1.E0));
#8509=DIRECTION('',(1.E0,0.E0,0.E0));
#8510=AXIS2_PLACEMENT_3D('',#8507,#8508,#8509);
#8511=PLANE('141',#8510);
#8513=ORIENTED_EDGE('702',*,*,#8512,.T.);
#8515=ORIENTED_EDGE('711',*,*,#8514,.F.);
#8517=ORIENTED_EDGE('694',*,*,#8516,.F.);
#8518=ORIENTED_EDGE('709',*,*,#8498,.T.);
#8519=EDGE_LOOP('141',(#8513,#8515,#8517,#8518));
#8520=FACE_OUTER_BOUND('141',#8519,.F.);
#8521=ADVANCED_FACE('141',(#8520),#8511,.T.);
#8522=CARTESIAN_POINT('',(1.187372556923E1,6.8E-1,6.325E0));
#8523=DIRECTION('',(1.E0,0.E0,0.E0));
#8524=DIRECTION('',(0.E0,-1.E0,0.E0));
#8525=AXIS2_PLACEMENT_3D('',#8522,#8523,#8524);
#8526=CYLINDRICAL_SURFACE('72',#8525,3.E-1);
#8527=ORIENTED_EDGE('702',*,*,#8512,.F.);
#8528=ORIENTED_EDGE('706',*,*,#8487,.F.);
#8529=ORIENTED_EDGE('496',*,*,#5134,.T.);
#8531=ORIENTED_EDGE('707',*,*,#8530,.T.);
#8532=EDGE_LOOP('72',(#8527,#8528,#8529,#8531));
#8533=FACE_OUTER_BOUND('72',#8532,.F.);
#8534=ADVANCED_FACE('72',(#8533),#8526,.T.);
#8535=CARTESIAN_POINT('',(1.3105E1,6.8E-1,6.336274430771E0));
#8536=DIRECTION('',(0.E0,0.E0,-1.E0));
#8537=DIRECTION('',(0.E0,-1.E0,0.E0));
#8538=AXIS2_PLACEMENT_3D('',#8535,#8536,#8537);
#8539=CYLINDRICAL_SURFACE('73',#8538,3.E-1);
#8541=ORIENTED_EDGE('703',*,*,#8540,.F.);
#8542=ORIENTED_EDGE('707',*,*,#8530,.F.);
#8543=ORIENTED_EDGE('497',*,*,#5132,.T.);
#8545=ORIENTED_EDGE('708',*,*,#8544,.T.);
#8546=EDGE_LOOP('73',(#8541,#8542,#8543,#8545));
#8547=FACE_OUTER_BOUND('73',#8546,.F.);
#8548=ADVANCED_FACE('73',(#8547),#8539,.T.);
#8549=CARTESIAN_POINT('',(1.2805E1,2.935E0,5.715E0));
#8550=DIRECTION('',(1.E0,0.E0,0.E0));
#8551=DIRECTION('',(0.E0,1.E0,0.E0));
#8552=AXIS2_PLACEMENT_3D('',#8549,#8550,#8551);
#8553=PLANE('144',#8552);
#8554=ORIENTED_EDGE('703',*,*,#8540,.T.);
#8556=ORIENTED_EDGE('715',*,*,#8555,.F.);
#8558=ORIENTED_EDGE('688',*,*,#8557,.T.);
#8559=ORIENTED_EDGE('711',*,*,#8514,.T.);
#8560=EDGE_LOOP('144',(#8554,#8556,#8558,#8559));
#8561=FACE_OUTER_BOUND('144',#8560,.F.);
#8562=ADVANCED_FACE('144',(#8561),#8553,.T.);
#8563=CARTESIAN_POINT('',(1.2185E1,-3.05E0,5.405E0));
#8564=DIRECTION('',(0.E0,0.E0,1.E0));
#8565=DIRECTION('',(1.E0,0.E0,0.E0));
#8566=AXIS2_PLACEMENT_3D('',#8563,#8564,#8565);
#8567=PLANE('142',#8566);
#8569=ORIENTED_EDGE('704',*,*,#8568,.T.);
#8570=ORIENTED_EDGE('713',*,*,#8502,.F.);
#8572=ORIENTED_EDGE('696',*,*,#8571,.T.);
#8573=ORIENTED_EDGE('715',*,*,#8555,.T.);
#8574=EDGE_LOOP('142',(#8569,#8570,#8572,#8573));
#8575=FACE_OUTER_BOUND('142',#8574,.F.);
#8576=ADVANCED_FACE('142',(#8575),#8567,.F.);
#8577=CARTESIAN_POINT('',(1.311627443077E1,6.8E-1,5.105E0));
#8578=DIRECTION('',(-1.E0,0.E0,0.E0));
#8579=DIRECTION('',(0.E0,-1.E0,0.E0));
#8580=AXIS2_PLACEMENT_3D('',#8577,#8578,#8579);
#8581=CYLINDRICAL_SURFACE('74',#8580,3.E-1);
#8582=ORIENTED_EDGE('704',*,*,#8568,.F.);
#8583=ORIENTED_EDGE('708',*,*,#8544,.F.);
#8584=ORIENTED_EDGE('498',*,*,#5130,.T.);
#8585=ORIENTED_EDGE('705',*,*,#8484,.T.);
#8586=EDGE_LOOP('74',(#8582,#8583,#8584,#8585));
#8587=FACE_OUTER_BOUND('74',#8586,.F.);
#8588=ADVANCED_FACE('74',(#8587),#8581,.T.);
#8589=CARTESIAN_POINT('',(1.2185E1,-2.951303021499E0,5.574046106882E0));
#8590=DIRECTION('',(0.E0,3.420201433257E-1,9.396926207859E-1));
#8591=DIRECTION('',(0.E0,9.396926207859E-1,-3.420201433257E-1));
#8592=AXIS2_PLACEMENT_3D('',#8589,#8590,#8591);
#8593=PLANE('140',#8592);
#8595=ORIENTED_EDGE('683',*,*,#8594,.T.);
#8596=ORIENTED_EDGE('696',*,*,#8571,.F.);
#8598=ORIENTED_EDGE('684',*,*,#8597,.F.);
#8600=ORIENTED_EDGE('692',*,*,#8599,.T.);
#8601=EDGE_LOOP('140',(#8595,#8596,#8598,#8600));
#8602=FACE_OUTER_BOUND('140',#8601,.F.);
#8603=ADVANCED_FACE('140',(#8602),#8593,.F.);
#8604=CARTESIAN_POINT('',(1.262E1,-3.05E0,5.405E0));
#8605=DIRECTION('',(-9.500488208354E-1,3.121013265419E-1,0.E0));
#8606=DIRECTION('',(3.121013265419E-1,9.500488208354E-1,0.E0));
#8607=AXIS2_PLACEMENT_3D('',#8604,#8605,#8606);
#8608=PLANE('147',#8607);
#8610=ORIENTED_EDGE('679',*,*,#8609,.F.);
#8611=ORIENTED_EDGE('688',*,*,#8557,.F.);
#8612=ORIENTED_EDGE('683',*,*,#8594,.F.);
#8614=ORIENTED_EDGE('681',*,*,#8613,.F.);
#8615=EDGE_LOOP('147',(#8610,#8611,#8612,#8614));
#8616=FACE_OUTER_BOUND('147',#8615,.F.);
#8617=ADVANCED_FACE('147',(#8616),#8608,.F.);
#8618=CARTESIAN_POINT('',(1.2185E1,-2.486852659994E0,6.025E0));
#8619=DIRECTION('',(0.E0,3.420201433257E-1,-9.396926207859E-1));
#8620=DIRECTION('',(0.E0,-9.396926207859E-1,-3.420201433257E-1));
#8621=AXIS2_PLACEMENT_3D('',#8618,#8619,#8620);
#8622=PLANE('138',#8621);
#8623=ORIENTED_EDGE('679',*,*,#8609,.T.);
#8625=ORIENTED_EDGE('691',*,*,#8624,.F.);
#8627=ORIENTED_EDGE('680',*,*,#8626,.F.);
#8628=ORIENTED_EDGE('694',*,*,#8516,.T.);
#8629=EDGE_LOOP('138',(#8623,#8625,#8627,#8628));
#8630=FACE_OUTER_BOUND('138',#8629,.F.);
#8631=ADVANCED_FACE('138',(#8630),#8622,.F.);
#8632=CARTESIAN_POINT('',(1.2185E1,-2.9E0,5.715E0));
#8633=DIRECTION('',(-1.E0,0.E0,0.E0));
#8634=DIRECTION('',(0.E0,0.E0,1.E0));
#8635=AXIS2_PLACEMENT_3D('',#8632,#8633,#8634);
#8636=CYLINDRICAL_SURFACE('139',#8635,1.5E-1);
#8637=ORIENTED_EDGE('681',*,*,#8613,.T.);
#8638=ORIENTED_EDGE('692',*,*,#8599,.F.);
#8640=ORIENTED_EDGE('682',*,*,#8639,.T.);
#8641=ORIENTED_EDGE('691',*,*,#8624,.T.);
#8642=EDGE_LOOP('139',(#8637,#8638,#8640,#8641));
#8643=FACE_OUTER_BOUND('139',#8642,.F.);
#8644=ADVANCED_FACE('139',(#8643),#8636,.T.);
#8645=CARTESIAN_POINT('',(1.2185E1,-2.486852659994E0,5.405E0));
#8646=DIRECTION('',(9.500488208354E-1,3.121013265419E-1,0.E0));
#8647=DIRECTION('',(3.121013265419E-1,-9.500488208354E-1,0.E0));
#8648=AXIS2_PLACEMENT_3D('',#8645,#8646,#8647);
#8649=PLANE('148',#8648);
#8650=ORIENTED_EDGE('680',*,*,#8626,.T.);
#8651=ORIENTED_EDGE('682',*,*,#8639,.F.);
#8652=ORIENTED_EDGE('684',*,*,#8597,.T.);
#8653=ORIENTED_EDGE('686',*,*,#8500,.T.);
#8654=EDGE_LOOP('148',(#8650,#8651,#8652,#8653));
#8655=FACE_OUTER_BOUND('148',#8654,.F.);
#8656=ADVANCED_FACE('148',(#8655),#8649,.F.);
#8657=CARTESIAN_POINT('',(1.1885E1,6.8E-1,2.553725569229E0));
#8658=DIRECTION('',(0.E0,0.E0,1.E0));
#8659=DIRECTION('',(0.E0,-1.E0,0.E0));
#8660=AXIS2_PLACEMENT_3D('',#8657,#8658,#8659);
#8661=CYLINDRICAL_SURFACE('75',#8660,3.E-1);
#8663=ORIENTED_EDGE('921',*,*,#8662,.F.);
#8665=ORIENTED_EDGE('925',*,*,#8664,.F.);
#8666=ORIENTED_EDGE('499',*,*,#5138,.T.);
#8668=ORIENTED_EDGE('926',*,*,#8667,.T.);
#8669=EDGE_LOOP('75',(#8663,#8665,#8666,#8668));
#8670=FACE_OUTER_BOUND('75',#8669,.F.);
#8671=ADVANCED_FACE('75',(#8670),#8661,.T.);
#8672=CARTESIAN_POINT('',(1.2185E1,-3.05E0,3.485E0));
#8673=DIRECTION('',(1.E0,0.E0,0.E0));
#8674=DIRECTION('',(0.E0,0.E0,-1.E0));
#8675=AXIS2_PLACEMENT_3D('',#8672,#8673,#8674);
#8676=PLANE('212',#8675);
#8677=ORIENTED_EDGE('921',*,*,#8662,.T.);
#8679=ORIENTED_EDGE('933',*,*,#8678,.F.);
#8681=ORIENTED_EDGE('916',*,*,#8680,.T.);
#8683=ORIENTED_EDGE('935',*,*,#8682,.T.);
#8684=EDGE_LOOP('212',(#8677,#8679,#8681,#8683));
#8685=FACE_OUTER_BOUND('212',#8684,.F.);
#8686=ADVANCED_FACE('212',(#8685),#8676,.F.);
#8687=CARTESIAN_POINT('',(1.2495E1,2.935E0,3.485E0));
#8688=DIRECTION('',(0.E0,0.E0,-1.E0));
#8689=DIRECTION('',(0.E0,1.E0,0.E0));
#8690=AXIS2_PLACEMENT_3D('',#8687,#8688,#8689);
#8691=PLANE('213',#8690);
#8693=ORIENTED_EDGE('922',*,*,#8692,.T.);
#8695=ORIENTED_EDGE('929',*,*,#8694,.F.);
#8697=ORIENTED_EDGE('906',*,*,#8696,.F.);
#8698=ORIENTED_EDGE('933',*,*,#8678,.T.);
#8699=EDGE_LOOP('213',(#8693,#8695,#8697,#8698));
#8700=FACE_OUTER_BOUND('213',#8699,.F.);
#8701=ADVANCED_FACE('213',(#8700),#8691,.F.);
#8702=CARTESIAN_POINT('',(1.187372556923E1,6.8E-1,3.785E0));
#8703=DIRECTION('',(1.E0,0.E0,0.E0));
#8704=DIRECTION('',(0.E0,-1.E0,0.E0));
#8705=AXIS2_PLACEMENT_3D('',#8702,#8703,#8704);
#8706=CYLINDRICAL_SURFACE('76',#8705,3.E-1);
#8707=ORIENTED_EDGE('922',*,*,#8692,.F.);
#8708=ORIENTED_EDGE('926',*,*,#8667,.F.);
#8709=ORIENTED_EDGE('500',*,*,#5144,.T.);
#8711=ORIENTED_EDGE('927',*,*,#8710,.T.);
#8712=EDGE_LOOP('76',(#8707,#8708,#8709,#8711));
#8713=FACE_OUTER_BOUND('76',#8712,.F.);
#8714=ADVANCED_FACE('76',(#8713),#8706,.T.);
#8715=CARTESIAN_POINT('',(1.3105E1,6.8E-1,3.796274430771E0));
#8716=DIRECTION('',(0.E0,0.E0,-1.E0));
#8717=DIRECTION('',(0.E0,-1.E0,0.E0));
#8718=AXIS2_PLACEMENT_3D('',#8715,#8716,#8717);
#8719=CYLINDRICAL_SURFACE('77',#8718,3.E-1);
#8721=ORIENTED_EDGE('923',*,*,#8720,.F.);
#8722=ORIENTED_EDGE('927',*,*,#8710,.F.);
#8723=ORIENTED_EDGE('501',*,*,#5142,.T.);
#8725=ORIENTED_EDGE('928',*,*,#8724,.T.);
#8726=EDGE_LOOP('77',(#8721,#8722,#8723,#8725));
#8727=FACE_OUTER_BOUND('77',#8726,.F.);
#8728=ADVANCED_FACE('77',(#8727),#8719,.T.);
#8729=CARTESIAN_POINT('',(1.2805E1,-3.05E0,3.485E0));
#8730=DIRECTION('',(1.E0,0.E0,0.E0));
#8731=DIRECTION('',(0.E0,0.E0,-1.E0));
#8732=AXIS2_PLACEMENT_3D('',#8729,#8730,#8731);
#8733=PLANE('211',#8732);
#8734=ORIENTED_EDGE('923',*,*,#8720,.T.);
#8736=ORIENTED_EDGE('931',*,*,#8735,.F.);
#8738=ORIENTED_EDGE('914',*,*,#8737,.F.);
#8739=ORIENTED_EDGE('929',*,*,#8694,.T.);
#8740=EDGE_LOOP('211',(#8734,#8736,#8738,#8739));
#8741=FACE_OUTER_BOUND('211',#8740,.F.);
#8742=ADVANCED_FACE('211',(#8741),#8733,.T.);
#8743=CARTESIAN_POINT('',(1.2495E1,2.935E0,2.865E0));
#8744=DIRECTION('',(0.E0,0.E0,-1.E0));
#8745=DIRECTION('',(0.E0,1.E0,0.E0));
#8746=AXIS2_PLACEMENT_3D('',#8743,#8744,#8745);
#8747=PLANE('214',#8746);
#8749=ORIENTED_EDGE('924',*,*,#8748,.T.);
#8750=ORIENTED_EDGE('935',*,*,#8682,.F.);
#8752=ORIENTED_EDGE('908',*,*,#8751,.T.);
#8753=ORIENTED_EDGE('931',*,*,#8735,.T.);
#8754=EDGE_LOOP('214',(#8749,#8750,#8752,#8753));
#8755=FACE_OUTER_BOUND('214',#8754,.F.);
#8756=ADVANCED_FACE('214',(#8755),#8747,.T.);
#8757=CARTESIAN_POINT('',(1.311627443077E1,6.8E-1,2.565E0));
#8758=DIRECTION('',(-1.E0,0.E0,0.E0));
#8759=DIRECTION('',(0.E0,-1.E0,0.E0));
#8760=AXIS2_PLACEMENT_3D('',#8757,#8758,#8759);
#8761=CYLINDRICAL_SURFACE('78',#8760,3.E-1);
#8762=ORIENTED_EDGE('924',*,*,#8748,.F.);
#8763=ORIENTED_EDGE('928',*,*,#8724,.F.);
#8764=ORIENTED_EDGE('502',*,*,#5140,.T.);
#8765=ORIENTED_EDGE('925',*,*,#8664,.T.);
#8766=EDGE_LOOP('78',(#8762,#8763,#8764,#8765));
#8767=FACE_OUTER_BOUND('78',#8766,.F.);
#8768=ADVANCED_FACE('78',(#8767),#8761,.T.);
#8769=CARTESIAN_POINT('',(1.2185E1,-3.05E0,3.05E0));
#8770=DIRECTION('',(0.E0,3.121013265419E-1,9.500488208354E-1));
#8771=DIRECTION('',(0.E0,9.500488208354E-1,-3.121013265419E-1));
#8772=AXIS2_PLACEMENT_3D('',#8769,#8770,#8771);
#8773=PLANE('217',#8772);
#8775=ORIENTED_EDGE('899',*,*,#8774,.F.);
#8776=ORIENTED_EDGE('908',*,*,#8751,.F.);
#8778=ORIENTED_EDGE('903',*,*,#8777,.F.);
#8780=ORIENTED_EDGE('901',*,*,#8779,.F.);
#8781=EDGE_LOOP('217',(#8775,#8776,#8778,#8780));
#8782=FACE_OUTER_BOUND('217',#8781,.F.);
#8783=ADVANCED_FACE('217',(#8782),#8773,.F.);
#8784=CARTESIAN_POINT('',(1.2805E1,-2.486852659994E0,3.485E0));
#8785=DIRECTION('',(-9.396926207859E-1,3.420201433257E-1,0.E0));
#8786=DIRECTION('',(-3.420201433257E-1,-9.396926207859E-1,0.E0));
#8787=AXIS2_PLACEMENT_3D('',#8784,#8785,#8786);
#8788=PLANE('208',#8787);
#8789=ORIENTED_EDGE('899',*,*,#8774,.T.);
#8791=ORIENTED_EDGE('911',*,*,#8790,.F.);
#8793=ORIENTED_EDGE('900',*,*,#8792,.F.);
#8794=ORIENTED_EDGE('914',*,*,#8737,.T.);
#8795=EDGE_LOOP('208',(#8789,#8791,#8793,#8794));
#8796=FACE_OUTER_BOUND('208',#8795,.F.);
#8797=ADVANCED_FACE('208',(#8796),#8788,.F.);
#8798=CARTESIAN_POINT('',(1.2495E1,-2.9E0,3.485E0));
#8799=DIRECTION('',(0.E0,0.E0,1.E0));
#8800=DIRECTION('',(1.E0,0.E0,0.E0));
#8801=AXIS2_PLACEMENT_3D('',#8798,#8799,#8800);
#8802=CYLINDRICAL_SURFACE('209',#8801,1.5E-1);
#8803=ORIENTED_EDGE('901',*,*,#8779,.T.);
#8805=ORIENTED_EDGE('912',*,*,#8804,.F.);
#8807=ORIENTED_EDGE('902',*,*,#8806,.T.);
#8808=ORIENTED_EDGE('911',*,*,#8790,.T.);
#8809=EDGE_LOOP('209',(#8803,#8805,#8807,#8808));
#8810=FACE_OUTER_BOUND('209',#8809,.F.);
#8811=ADVANCED_FACE('209',(#8810),#8802,.T.);
#8812=CARTESIAN_POINT('',(1.235404610688E1,-2.951303021499E0,3.485E0));
#8813=DIRECTION('',(9.396926207859E-1,3.420201433257E-1,0.E0));
#8814=DIRECTION('',(-3.420201433257E-1,9.396926207859E-1,0.E0));
#8815=AXIS2_PLACEMENT_3D('',#8812,#8813,#8814);
#8816=PLANE('210',#8815);
#8817=ORIENTED_EDGE('903',*,*,#8777,.T.);
#8818=ORIENTED_EDGE('916',*,*,#8680,.F.);
#8820=ORIENTED_EDGE('904',*,*,#8819,.F.);
#8821=ORIENTED_EDGE('912',*,*,#8804,.T.);
#8822=EDGE_LOOP('210',(#8817,#8818,#8820,#8821));
#8823=FACE_OUTER_BOUND('210',#8822,.F.);
#8824=ADVANCED_FACE('210',(#8823),#8816,.F.);
#8825=CARTESIAN_POINT('',(1.2185E1,-2.486852659994E0,3.485E0));
#8826=DIRECTION('',(0.E0,3.121013265419E-1,-9.500488208354E-1));
#8827=DIRECTION('',(0.E0,-9.500488208354E-1,-3.121013265419E-1));
#8828=AXIS2_PLACEMENT_3D('',#8825,#8826,#8827);
#8829=PLANE('218',#8828);
#8830=ORIENTED_EDGE('900',*,*,#8792,.T.);
#8831=ORIENTED_EDGE('902',*,*,#8806,.F.);
#8832=ORIENTED_EDGE('904',*,*,#8819,.T.);
#8833=ORIENTED_EDGE('906',*,*,#8696,.T.);
#8834=EDGE_LOOP('218',(#8830,#8831,#8832,#8833));
#8835=FACE_OUTER_BOUND('218',#8834,.F.);
#8836=ADVANCED_FACE('218',(#8835),#8829,.F.);
#8837=CARTESIAN_POINT('',(1.4425E1,6.8E-1,5.093725569229E0));
#8838=DIRECTION('',(0.E0,0.E0,1.E0));
#8839=DIRECTION('',(0.E0,-1.E0,0.E0));
#8840=AXIS2_PLACEMENT_3D('',#8837,#8838,#8839);
#8841=CYLINDRICAL_SURFACE('79',#8840,3.E-1);
#8843=ORIENTED_EDGE('745',*,*,#8842,.F.);
#8845=ORIENTED_EDGE('749',*,*,#8844,.F.);
#8846=ORIENTED_EDGE('503',*,*,#5148,.T.);
#8848=ORIENTED_EDGE('750',*,*,#8847,.T.);
#8849=EDGE_LOOP('79',(#8843,#8845,#8846,#8848));
#8850=FACE_OUTER_BOUND('79',#8849,.F.);
#8851=ADVANCED_FACE('79',(#8850),#8841,.T.);
#8852=CARTESIAN_POINT('',(1.4725E1,2.935E0,5.715E0));
#8853=DIRECTION('',(1.E0,0.E0,0.E0));
#8854=DIRECTION('',(0.E0,1.E0,0.E0));
#8855=AXIS2_PLACEMENT_3D('',#8852,#8853,#8854);
#8856=PLANE('157',#8855);
#8857=ORIENTED_EDGE('745',*,*,#8842,.T.);
#8859=ORIENTED_EDGE('753',*,*,#8858,.F.);
#8861=ORIENTED_EDGE('730',*,*,#8860,.F.);
#8863=ORIENTED_EDGE('757',*,*,#8862,.T.);
#8864=EDGE_LOOP('157',(#8857,#8859,#8861,#8863));
#8865=FACE_OUTER_BOUND('157',#8864,.F.);
#8866=ADVANCED_FACE('157',(#8865),#8856,.F.);
#8867=CARTESIAN_POINT('',(1.4725E1,-3.05E0,6.025E0));
#8868=DIRECTION('',(0.E0,0.E0,1.E0));
#8869=DIRECTION('',(1.E0,0.E0,0.E0));
#8870=AXIS2_PLACEMENT_3D('',#8867,#8868,#8869);
#8871=PLANE('155',#8870);
#8873=ORIENTED_EDGE('746',*,*,#8872,.T.);
#8875=ORIENTED_EDGE('755',*,*,#8874,.F.);
#8877=ORIENTED_EDGE('738',*,*,#8876,.F.);
#8878=ORIENTED_EDGE('753',*,*,#8858,.T.);
#8879=EDGE_LOOP('155',(#8873,#8875,#8877,#8878));
#8880=FACE_OUTER_BOUND('155',#8879,.F.);
#8881=ADVANCED_FACE('155',(#8880),#8871,.T.);
#8882=CARTESIAN_POINT('',(1.441372556923E1,6.8E-1,6.325E0));
#8883=DIRECTION('',(1.E0,0.E0,0.E0));
#8884=DIRECTION('',(0.E0,-1.E0,0.E0));
#8885=AXIS2_PLACEMENT_3D('',#8882,#8883,#8884);
#8886=CYLINDRICAL_SURFACE('80',#8885,3.E-1);
#8887=ORIENTED_EDGE('746',*,*,#8872,.F.);
#8888=ORIENTED_EDGE('750',*,*,#8847,.F.);
#8889=ORIENTED_EDGE('504',*,*,#5154,.T.);
#8891=ORIENTED_EDGE('751',*,*,#8890,.T.);
#8892=EDGE_LOOP('80',(#8887,#8888,#8889,#8891));
#8893=FACE_OUTER_BOUND('80',#8892,.F.);
#8894=ADVANCED_FACE('80',(#8893),#8886,.T.);
#8895=CARTESIAN_POINT('',(1.5645E1,6.8E-1,6.336274430771E0));
#8896=DIRECTION('',(0.E0,0.E0,-1.E0));
#8897=DIRECTION('',(0.E0,-1.E0,0.E0));
#8898=AXIS2_PLACEMENT_3D('',#8895,#8896,#8897);
#8899=CYLINDRICAL_SURFACE('81',#8898,3.E-1);
#8901=ORIENTED_EDGE('747',*,*,#8900,.F.);
#8902=ORIENTED_EDGE('751',*,*,#8890,.F.);
#8903=ORIENTED_EDGE('505',*,*,#5152,.T.);
#8905=ORIENTED_EDGE('752',*,*,#8904,.T.);
#8906=EDGE_LOOP('81',(#8901,#8902,#8903,#8905));
#8907=FACE_OUTER_BOUND('81',#8906,.F.);
#8908=ADVANCED_FACE('81',(#8907),#8899,.T.);
#8909=CARTESIAN_POINT('',(1.5345E1,2.935E0,5.715E0));
#8910=DIRECTION('',(1.E0,0.E0,0.E0));
#8911=DIRECTION('',(0.E0,1.E0,0.E0));
#8912=AXIS2_PLACEMENT_3D('',#8909,#8910,#8911);
#8913=PLANE('158',#8912);
#8914=ORIENTED_EDGE('747',*,*,#8900,.T.);
#8916=ORIENTED_EDGE('759',*,*,#8915,.F.);
#8918=ORIENTED_EDGE('732',*,*,#8917,.T.);
#8919=ORIENTED_EDGE('755',*,*,#8874,.T.);
#8920=EDGE_LOOP('158',(#8914,#8916,#8918,#8919));
#8921=FACE_OUTER_BOUND('158',#8920,.F.);
#8922=ADVANCED_FACE('158',(#8921),#8913,.T.);
#8923=CARTESIAN_POINT('',(1.4725E1,-3.05E0,5.405E0));
#8924=DIRECTION('',(0.E0,0.E0,1.E0));
#8925=DIRECTION('',(1.E0,0.E0,0.E0));
#8926=AXIS2_PLACEMENT_3D('',#8923,#8924,#8925);
#8927=PLANE('156',#8926);
#8929=ORIENTED_EDGE('748',*,*,#8928,.T.);
#8930=ORIENTED_EDGE('757',*,*,#8862,.F.);
#8932=ORIENTED_EDGE('740',*,*,#8931,.T.);
#8933=ORIENTED_EDGE('759',*,*,#8915,.T.);
#8934=EDGE_LOOP('156',(#8929,#8930,#8932,#8933));
#8935=FACE_OUTER_BOUND('156',#8934,.F.);
#8936=ADVANCED_FACE('156',(#8935),#8927,.F.);
#8937=CARTESIAN_POINT('',(1.565627443077E1,6.8E-1,5.105E0));
#8938=DIRECTION('',(-1.E0,0.E0,0.E0));
#8939=DIRECTION('',(0.E0,-1.E0,0.E0));
#8940=AXIS2_PLACEMENT_3D('',#8937,#8938,#8939);
#8941=CYLINDRICAL_SURFACE('82',#8940,3.E-1);
#8942=ORIENTED_EDGE('748',*,*,#8928,.F.);
#8943=ORIENTED_EDGE('752',*,*,#8904,.F.);
#8944=ORIENTED_EDGE('506',*,*,#5150,.T.);
#8945=ORIENTED_EDGE('749',*,*,#8844,.T.);
#8946=EDGE_LOOP('82',(#8942,#8943,#8944,#8945));
#8947=FACE_OUTER_BOUND('82',#8946,.F.);
#8948=ADVANCED_FACE('82',(#8947),#8941,.T.);
#8949=CARTESIAN_POINT('',(1.4725E1,-2.951303021499E0,5.574046106882E0));
#8950=DIRECTION('',(0.E0,3.420201433257E-1,9.396926207859E-1));
#8951=DIRECTION('',(0.E0,9.396926207859E-1,-3.420201433257E-1));
#8952=AXIS2_PLACEMENT_3D('',#8949,#8950,#8951);
#8953=PLANE('154',#8952);
#8955=ORIENTED_EDGE('727',*,*,#8954,.T.);
#8956=ORIENTED_EDGE('740',*,*,#8931,.F.);
#8958=ORIENTED_EDGE('728',*,*,#8957,.F.);
#8960=ORIENTED_EDGE('736',*,*,#8959,.T.);
#8961=EDGE_LOOP('154',(#8955,#8956,#8958,#8960));
#8962=FACE_OUTER_BOUND('154',#8961,.F.);
#8963=ADVANCED_FACE('154',(#8962),#8953,.F.);
#8964=CARTESIAN_POINT('',(1.516E1,-3.05E0,5.405E0));
#8965=DIRECTION('',(-9.500488208354E-1,3.121013265419E-1,0.E0));
#8966=DIRECTION('',(3.121013265419E-1,9.500488208354E-1,0.E0));
#8967=AXIS2_PLACEMENT_3D('',#8964,#8965,#8966);
#8968=PLANE('161',#8967);
#8970=ORIENTED_EDGE('723',*,*,#8969,.F.);
#8971=ORIENTED_EDGE('732',*,*,#8917,.F.);
#8972=ORIENTED_EDGE('727',*,*,#8954,.F.);
#8974=ORIENTED_EDGE('725',*,*,#8973,.F.);
#8975=EDGE_LOOP('161',(#8970,#8971,#8972,#8974));
#8976=FACE_OUTER_BOUND('161',#8975,.F.);
#8977=ADVANCED_FACE('161',(#8976),#8968,.F.);
#8978=CARTESIAN_POINT('',(1.4725E1,-2.486852659994E0,6.025E0));
#8979=DIRECTION('',(0.E0,3.420201433257E-1,-9.396926207859E-1));
#8980=DIRECTION('',(0.E0,-9.396926207859E-1,-3.420201433257E-1));
#8981=AXIS2_PLACEMENT_3D('',#8978,#8979,#8980);
#8982=PLANE('152',#8981);
#8983=ORIENTED_EDGE('723',*,*,#8969,.T.);
#8985=ORIENTED_EDGE('735',*,*,#8984,.F.);
#8987=ORIENTED_EDGE('724',*,*,#8986,.F.);
#8988=ORIENTED_EDGE('738',*,*,#8876,.T.);
#8989=EDGE_LOOP('152',(#8983,#8985,#8987,#8988));
#8990=FACE_OUTER_BOUND('152',#8989,.F.);
#8991=ADVANCED_FACE('152',(#8990),#8982,.F.);
#8992=CARTESIAN_POINT('',(1.4725E1,-2.9E0,5.715E0));
#8993=DIRECTION('',(-1.E0,0.E0,0.E0));
#8994=DIRECTION('',(0.E0,0.E0,1.E0));
#8995=AXIS2_PLACEMENT_3D('',#8992,#8993,#8994);
#8996=CYLINDRICAL_SURFACE('153',#8995,1.5E-1);
#8997=ORIENTED_EDGE('725',*,*,#8973,.T.);
#8998=ORIENTED_EDGE('736',*,*,#8959,.F.);
#9000=ORIENTED_EDGE('726',*,*,#8999,.T.);
#9001=ORIENTED_EDGE('735',*,*,#8984,.T.);
#9002=EDGE_LOOP('153',(#8997,#8998,#9000,#9001));
#9003=FACE_OUTER_BOUND('153',#9002,.F.);
#9004=ADVANCED_FACE('153',(#9003),#8996,.T.);
#9005=CARTESIAN_POINT('',(1.4725E1,-2.486852659994E0,5.405E0));
#9006=DIRECTION('',(9.500488208354E-1,3.121013265419E-1,0.E0));
#9007=DIRECTION('',(3.121013265419E-1,-9.500488208354E-1,0.E0));
#9008=AXIS2_PLACEMENT_3D('',#9005,#9006,#9007);
#9009=PLANE('162',#9008);
#9010=ORIENTED_EDGE('724',*,*,#8986,.T.);
#9011=ORIENTED_EDGE('726',*,*,#8999,.F.);
#9012=ORIENTED_EDGE('728',*,*,#8957,.T.);
#9013=ORIENTED_EDGE('730',*,*,#8860,.T.);
#9014=EDGE_LOOP('162',(#9010,#9011,#9012,#9013));
#9015=FACE_OUTER_BOUND('162',#9014,.F.);
#9016=ADVANCED_FACE('162',(#9015),#9009,.F.);
#9017=CARTESIAN_POINT('',(1.4425E1,6.8E-1,2.553725569229E0));
#9018=DIRECTION('',(0.E0,0.E0,1.E0));
#9019=DIRECTION('',(0.E0,-1.E0,0.E0));
#9020=AXIS2_PLACEMENT_3D('',#9017,#9018,#9019);
#9021=CYLINDRICAL_SURFACE('83',#9020,3.E-1);
#9023=ORIENTED_EDGE('965',*,*,#9022,.F.);
#9025=ORIENTED_EDGE('969',*,*,#9024,.F.);
#9026=ORIENTED_EDGE('507',*,*,#5158,.T.);
#9028=ORIENTED_EDGE('970',*,*,#9027,.T.);
#9029=EDGE_LOOP('83',(#9023,#9025,#9026,#9028));
#9030=FACE_OUTER_BOUND('83',#9029,.F.);
#9031=ADVANCED_FACE('83',(#9030),#9021,.T.);
#9032=CARTESIAN_POINT('',(1.4725E1,-3.05E0,3.485E0));
#9033=DIRECTION('',(1.E0,0.E0,0.E0));
#9034=DIRECTION('',(0.E0,0.E0,-1.E0));
#9035=AXIS2_PLACEMENT_3D('',#9032,#9033,#9034);
#9036=PLANE('226',#9035);
#9037=ORIENTED_EDGE('965',*,*,#9022,.T.);
#9039=ORIENTED_EDGE('977',*,*,#9038,.F.);
#9041=ORIENTED_EDGE('960',*,*,#9040,.T.);
#9043=ORIENTED_EDGE('979',*,*,#9042,.T.);
#9044=EDGE_LOOP('226',(#9037,#9039,#9041,#9043));
#9045=FACE_OUTER_BOUND('226',#9044,.F.);
#9046=ADVANCED_FACE('226',(#9045),#9036,.F.);
#9047=CARTESIAN_POINT('',(1.5035E1,2.935E0,3.485E0));
#9048=DIRECTION('',(0.E0,0.E0,-1.E0));
#9049=DIRECTION('',(0.E0,1.E0,0.E0));
#9050=AXIS2_PLACEMENT_3D('',#9047,#9048,#9049);
#9051=PLANE('227',#9050);
#9053=ORIENTED_EDGE('966',*,*,#9052,.T.);
#9055=ORIENTED_EDGE('973',*,*,#9054,.F.);
#9057=ORIENTED_EDGE('950',*,*,#9056,.F.);
#9058=ORIENTED_EDGE('977',*,*,#9038,.T.);
#9059=EDGE_LOOP('227',(#9053,#9055,#9057,#9058));
#9060=FACE_OUTER_BOUND('227',#9059,.F.);
#9061=ADVANCED_FACE('227',(#9060),#9051,.F.);
#9062=CARTESIAN_POINT('',(1.441372556923E1,6.8E-1,3.785E0));
#9063=DIRECTION('',(1.E0,0.E0,0.E0));
#9064=DIRECTION('',(0.E0,-1.E0,0.E0));
#9065=AXIS2_PLACEMENT_3D('',#9062,#9063,#9064);
#9066=CYLINDRICAL_SURFACE('84',#9065,3.E-1);
#9067=ORIENTED_EDGE('966',*,*,#9052,.F.);
#9068=ORIENTED_EDGE('970',*,*,#9027,.F.);
#9069=ORIENTED_EDGE('508',*,*,#5164,.T.);
#9071=ORIENTED_EDGE('971',*,*,#9070,.T.);
#9072=EDGE_LOOP('84',(#9067,#9068,#9069,#9071));
#9073=FACE_OUTER_BOUND('84',#9072,.F.);
#9074=ADVANCED_FACE('84',(#9073),#9066,.T.);
#9075=CARTESIAN_POINT('',(1.5645E1,6.8E-1,3.796274430771E0));
#9076=DIRECTION('',(0.E0,0.E0,-1.E0));
#9077=DIRECTION('',(0.E0,-1.E0,0.E0));
#9078=AXIS2_PLACEMENT_3D('',#9075,#9076,#9077);
#9079=CYLINDRICAL_SURFACE('85',#9078,3.E-1);
#9081=ORIENTED_EDGE('967',*,*,#9080,.F.);
#9082=ORIENTED_EDGE('971',*,*,#9070,.F.);
#9083=ORIENTED_EDGE('509',*,*,#5162,.T.);
#9085=ORIENTED_EDGE('972',*,*,#9084,.T.);
#9086=EDGE_LOOP('85',(#9081,#9082,#9083,#9085));
#9087=FACE_OUTER_BOUND('85',#9086,.F.);
#9088=ADVANCED_FACE('85',(#9087),#9079,.T.);
#9089=CARTESIAN_POINT('',(1.5345E1,-3.05E0,3.485E0));
#9090=DIRECTION('',(1.E0,0.E0,0.E0));
#9091=DIRECTION('',(0.E0,0.E0,-1.E0));
#9092=AXIS2_PLACEMENT_3D('',#9089,#9090,#9091);
#9093=PLANE('225',#9092);
#9094=ORIENTED_EDGE('967',*,*,#9080,.T.);
#9096=ORIENTED_EDGE('975',*,*,#9095,.F.);
#9098=ORIENTED_EDGE('958',*,*,#9097,.F.);
#9099=ORIENTED_EDGE('973',*,*,#9054,.T.);
#9100=EDGE_LOOP('225',(#9094,#9096,#9098,#9099));
#9101=FACE_OUTER_BOUND('225',#9100,.F.);
#9102=ADVANCED_FACE('225',(#9101),#9093,.T.);
#9103=CARTESIAN_POINT('',(1.5035E1,2.935E0,2.865E0));
#9104=DIRECTION('',(0.E0,0.E0,-1.E0));
#9105=DIRECTION('',(0.E0,1.E0,0.E0));
#9106=AXIS2_PLACEMENT_3D('',#9103,#9104,#9105);
#9107=PLANE('228',#9106);
#9109=ORIENTED_EDGE('968',*,*,#9108,.T.);
#9110=ORIENTED_EDGE('979',*,*,#9042,.F.);
#9112=ORIENTED_EDGE('952',*,*,#9111,.T.);
#9113=ORIENTED_EDGE('975',*,*,#9095,.T.);
#9114=EDGE_LOOP('228',(#9109,#9110,#9112,#9113));
#9115=FACE_OUTER_BOUND('228',#9114,.F.);
#9116=ADVANCED_FACE('228',(#9115),#9107,.T.);
#9117=CARTESIAN_POINT('',(1.565627443077E1,6.8E-1,2.565E0));
#9118=DIRECTION('',(-1.E0,0.E0,0.E0));
#9119=DIRECTION('',(0.E0,-1.E0,0.E0));
#9120=AXIS2_PLACEMENT_3D('',#9117,#9118,#9119);
#9121=CYLINDRICAL_SURFACE('86',#9120,3.E-1);
#9122=ORIENTED_EDGE('968',*,*,#9108,.F.);
#9123=ORIENTED_EDGE('972',*,*,#9084,.F.);
#9124=ORIENTED_EDGE('510',*,*,#5160,.T.);
#9125=ORIENTED_EDGE('969',*,*,#9024,.T.);
#9126=EDGE_LOOP('86',(#9122,#9123,#9124,#9125));
#9127=FACE_OUTER_BOUND('86',#9126,.F.);
#9128=ADVANCED_FACE('86',(#9127),#9121,.T.);
#9129=CARTESIAN_POINT('',(1.4725E1,-3.05E0,3.05E0));
#9130=DIRECTION('',(0.E0,3.121013265419E-1,9.500488208354E-1));
#9131=DIRECTION('',(0.E0,9.500488208354E-1,-3.121013265419E-1));
#9132=AXIS2_PLACEMENT_3D('',#9129,#9130,#9131);
#9133=PLANE('231',#9132);
#9135=ORIENTED_EDGE('943',*,*,#9134,.F.);
#9136=ORIENTED_EDGE('952',*,*,#9111,.F.);
#9138=ORIENTED_EDGE('947',*,*,#9137,.F.);
#9140=ORIENTED_EDGE('945',*,*,#9139,.F.);
#9141=EDGE_LOOP('231',(#9135,#9136,#9138,#9140));
#9142=FACE_OUTER_BOUND('231',#9141,.F.);
#9143=ADVANCED_FACE('231',(#9142),#9133,.F.);
#9144=CARTESIAN_POINT('',(1.5345E1,-2.486852659994E0,3.485E0));
#9145=DIRECTION('',(-9.396926207859E-1,3.420201433257E-1,0.E0));
#9146=DIRECTION('',(-3.420201433257E-1,-9.396926207859E-1,0.E0));
#9147=AXIS2_PLACEMENT_3D('',#9144,#9145,#9146);
#9148=PLANE('222',#9147);
#9149=ORIENTED_EDGE('943',*,*,#9134,.T.);
#9151=ORIENTED_EDGE('955',*,*,#9150,.F.);
#9153=ORIENTED_EDGE('944',*,*,#9152,.F.);
#9154=ORIENTED_EDGE('958',*,*,#9097,.T.);
#9155=EDGE_LOOP('222',(#9149,#9151,#9153,#9154));
#9156=FACE_OUTER_BOUND('222',#9155,.F.);
#9157=ADVANCED_FACE('222',(#9156),#9148,.F.);
#9158=CARTESIAN_POINT('',(1.5035E1,-2.9E0,3.485E0));
#9159=DIRECTION('',(0.E0,0.E0,1.E0));
#9160=DIRECTION('',(1.E0,0.E0,0.E0));
#9161=AXIS2_PLACEMENT_3D('',#9158,#9159,#9160);
#9162=CYLINDRICAL_SURFACE('223',#9161,1.5E-1);
#9163=ORIENTED_EDGE('945',*,*,#9139,.T.);
#9165=ORIENTED_EDGE('956',*,*,#9164,.F.);
#9167=ORIENTED_EDGE('946',*,*,#9166,.T.);
#9168=ORIENTED_EDGE('955',*,*,#9150,.T.);
#9169=EDGE_LOOP('223',(#9163,#9165,#9167,#9168));
#9170=FACE_OUTER_BOUND('223',#9169,.F.);
#9171=ADVANCED_FACE('223',(#9170),#9162,.T.);
#9172=CARTESIAN_POINT('',(1.489404610688E1,-2.951303021499E0,3.485E0));
#9173=DIRECTION('',(9.396926207859E-1,3.420201433257E-1,0.E0));
#9174=DIRECTION('',(-3.420201433257E-1,9.396926207859E-1,0.E0));
#9175=AXIS2_PLACEMENT_3D('',#9172,#9173,#9174);
#9176=PLANE('224',#9175);
#9177=ORIENTED_EDGE('947',*,*,#9137,.T.);
#9178=ORIENTED_EDGE('960',*,*,#9040,.F.);
#9180=ORIENTED_EDGE('948',*,*,#9179,.F.);
#9181=ORIENTED_EDGE('956',*,*,#9164,.T.);
#9182=EDGE_LOOP('224',(#9177,#9178,#9180,#9181));
#9183=FACE_OUTER_BOUND('224',#9182,.F.);
#9184=ADVANCED_FACE('224',(#9183),#9176,.F.);
#9185=CARTESIAN_POINT('',(1.4725E1,-2.486852659994E0,3.485E0));
#9186=DIRECTION('',(0.E0,3.121013265419E-1,-9.500488208354E-1));
#9187=DIRECTION('',(0.E0,-9.500488208354E-1,-3.121013265419E-1));
#9188=AXIS2_PLACEMENT_3D('',#9185,#9186,#9187);
#9189=PLANE('232',#9188);
#9190=ORIENTED_EDGE('944',*,*,#9152,.T.);
#9191=ORIENTED_EDGE('946',*,*,#9166,.F.);
#9192=ORIENTED_EDGE('948',*,*,#9179,.T.);
#9193=ORIENTED_EDGE('950',*,*,#9056,.T.);
#9194=EDGE_LOOP('232',(#9190,#9191,#9192,#9193));
#9195=FACE_OUTER_BOUND('232',#9194,.F.);
#9196=ADVANCED_FACE('232',(#9195),#9189,.F.);
#9197=CARTESIAN_POINT('',(1.6965E1,6.8E-1,5.093725569229E0));
#9198=DIRECTION('',(0.E0,0.E0,1.E0));
#9199=DIRECTION('',(0.E0,-1.E0,0.E0));
#9200=AXIS2_PLACEMENT_3D('',#9197,#9198,#9199);
#9201=CYLINDRICAL_SURFACE('87',#9200,3.E-1);
#9203=ORIENTED_EDGE('789',*,*,#9202,.F.);
#9205=ORIENTED_EDGE('793',*,*,#9204,.F.);
#9206=ORIENTED_EDGE('511',*,*,#5168,.T.);
#9208=ORIENTED_EDGE('794',*,*,#9207,.T.);
#9209=EDGE_LOOP('87',(#9203,#9205,#9206,#9208));
#9210=FACE_OUTER_BOUND('87',#9209,.F.);
#9211=ADVANCED_FACE('87',(#9210),#9201,.T.);
#9212=CARTESIAN_POINT('',(1.7265E1,2.935E0,5.715E0));
#9213=DIRECTION('',(1.E0,0.E0,0.E0));
#9214=DIRECTION('',(0.E0,1.E0,0.E0));
#9215=AXIS2_PLACEMENT_3D('',#9212,#9213,#9214);
#9216=PLANE('171',#9215);
#9217=ORIENTED_EDGE('789',*,*,#9202,.T.);
#9219=ORIENTED_EDGE('797',*,*,#9218,.F.);
#9221=ORIENTED_EDGE('774',*,*,#9220,.F.);
#9223=ORIENTED_EDGE('801',*,*,#9222,.T.);
#9224=EDGE_LOOP('171',(#9217,#9219,#9221,#9223));
#9225=FACE_OUTER_BOUND('171',#9224,.F.);
#9226=ADVANCED_FACE('171',(#9225),#9216,.F.);
#9227=CARTESIAN_POINT('',(1.7265E1,-3.05E0,6.025E0));
#9228=DIRECTION('',(0.E0,0.E0,1.E0));
#9229=DIRECTION('',(1.E0,0.E0,0.E0));
#9230=AXIS2_PLACEMENT_3D('',#9227,#9228,#9229);
#9231=PLANE('169',#9230);
#9233=ORIENTED_EDGE('790',*,*,#9232,.T.);
#9235=ORIENTED_EDGE('799',*,*,#9234,.F.);
#9237=ORIENTED_EDGE('782',*,*,#9236,.F.);
#9238=ORIENTED_EDGE('797',*,*,#9218,.T.);
#9239=EDGE_LOOP('169',(#9233,#9235,#9237,#9238));
#9240=FACE_OUTER_BOUND('169',#9239,.F.);
#9241=ADVANCED_FACE('169',(#9240),#9231,.T.);
#9242=CARTESIAN_POINT('',(1.695372556923E1,6.8E-1,6.325E0));
#9243=DIRECTION('',(1.E0,0.E0,0.E0));
#9244=DIRECTION('',(0.E0,-1.E0,0.E0));
#9245=AXIS2_PLACEMENT_3D('',#9242,#9243,#9244);
#9246=CYLINDRICAL_SURFACE('88',#9245,3.E-1);
#9247=ORIENTED_EDGE('790',*,*,#9232,.F.);
#9248=ORIENTED_EDGE('794',*,*,#9207,.F.);
#9249=ORIENTED_EDGE('512',*,*,#5174,.T.);
#9251=ORIENTED_EDGE('795',*,*,#9250,.T.);
#9252=EDGE_LOOP('88',(#9247,#9248,#9249,#9251));
#9253=FACE_OUTER_BOUND('88',#9252,.F.);
#9254=ADVANCED_FACE('88',(#9253),#9246,.T.);
#9255=CARTESIAN_POINT('',(1.8185E1,6.8E-1,6.336274430771E0));
#9256=DIRECTION('',(0.E0,0.E0,-1.E0));
#9257=DIRECTION('',(0.E0,-1.E0,0.E0));
#9258=AXIS2_PLACEMENT_3D('',#9255,#9256,#9257);
#9259=CYLINDRICAL_SURFACE('89',#9258,3.E-1);
#9261=ORIENTED_EDGE('791',*,*,#9260,.F.);
#9262=ORIENTED_EDGE('795',*,*,#9250,.F.);
#9263=ORIENTED_EDGE('513',*,*,#5172,.T.);
#9265=ORIENTED_EDGE('796',*,*,#9264,.T.);
#9266=EDGE_LOOP('89',(#9261,#9262,#9263,#9265));
#9267=FACE_OUTER_BOUND('89',#9266,.F.);
#9268=ADVANCED_FACE('89',(#9267),#9259,.T.);
#9269=CARTESIAN_POINT('',(1.7885E1,2.935E0,5.715E0));
#9270=DIRECTION('',(1.E0,0.E0,0.E0));
#9271=DIRECTION('',(0.E0,1.E0,0.E0));
#9272=AXIS2_PLACEMENT_3D('',#9269,#9270,#9271);
#9273=PLANE('172',#9272);
#9274=ORIENTED_EDGE('791',*,*,#9260,.T.);
#9276=ORIENTED_EDGE('803',*,*,#9275,.F.);
#9278=ORIENTED_EDGE('776',*,*,#9277,.T.);
#9279=ORIENTED_EDGE('799',*,*,#9234,.T.);
#9280=EDGE_LOOP('172',(#9274,#9276,#9278,#9279));
#9281=FACE_OUTER_BOUND('172',#9280,.F.);
#9282=ADVANCED_FACE('172',(#9281),#9273,.T.);
#9283=CARTESIAN_POINT('',(1.7265E1,-3.05E0,5.405E0));
#9284=DIRECTION('',(0.E0,0.E0,1.E0));
#9285=DIRECTION('',(1.E0,0.E0,0.E0));
#9286=AXIS2_PLACEMENT_3D('',#9283,#9284,#9285);
#9287=PLANE('170',#9286);
#9289=ORIENTED_EDGE('792',*,*,#9288,.T.);
#9290=ORIENTED_EDGE('801',*,*,#9222,.F.);
#9292=ORIENTED_EDGE('784',*,*,#9291,.T.);
#9293=ORIENTED_EDGE('803',*,*,#9275,.T.);
#9294=EDGE_LOOP('170',(#9289,#9290,#9292,#9293));
#9295=FACE_OUTER_BOUND('170',#9294,.F.);
#9296=ADVANCED_FACE('170',(#9295),#9287,.F.);
#9297=CARTESIAN_POINT('',(1.819627443077E1,6.8E-1,5.105E0));
#9298=DIRECTION('',(-1.E0,0.E0,0.E0));
#9299=DIRECTION('',(0.E0,-1.E0,0.E0));
#9300=AXIS2_PLACEMENT_3D('',#9297,#9298,#9299);
#9301=CYLINDRICAL_SURFACE('90',#9300,3.E-1);
#9302=ORIENTED_EDGE('792',*,*,#9288,.F.);
#9303=ORIENTED_EDGE('796',*,*,#9264,.F.);
#9304=ORIENTED_EDGE('514',*,*,#5170,.T.);
#9305=ORIENTED_EDGE('793',*,*,#9204,.T.);
#9306=EDGE_LOOP('90',(#9302,#9303,#9304,#9305));
#9307=FACE_OUTER_BOUND('90',#9306,.F.);
#9308=ADVANCED_FACE('90',(#9307),#9301,.T.);
#9309=CARTESIAN_POINT('',(1.7265E1,-2.951303021499E0,5.574046106882E0));
#9310=DIRECTION('',(0.E0,3.420201433257E-1,9.396926207859E-1));
#9311=DIRECTION('',(0.E0,9.396926207859E-1,-3.420201433257E-1));
#9312=AXIS2_PLACEMENT_3D('',#9309,#9310,#9311);
#9313=PLANE('168',#9312);
#9315=ORIENTED_EDGE('771',*,*,#9314,.T.);
#9316=ORIENTED_EDGE('784',*,*,#9291,.F.);
#9318=ORIENTED_EDGE('772',*,*,#9317,.F.);
#9320=ORIENTED_EDGE('780',*,*,#9319,.T.);
#9321=EDGE_LOOP('168',(#9315,#9316,#9318,#9320));
#9322=FACE_OUTER_BOUND('168',#9321,.F.);
#9323=ADVANCED_FACE('168',(#9322),#9313,.F.);
#9324=CARTESIAN_POINT('',(1.77E1,-3.05E0,5.405E0));
#9325=DIRECTION('',(-9.500488208354E-1,3.121013265419E-1,0.E0));
#9326=DIRECTION('',(3.121013265419E-1,9.500488208354E-1,0.E0));
#9327=AXIS2_PLACEMENT_3D('',#9324,#9325,#9326);
#9328=PLANE('175',#9327);
#9330=ORIENTED_EDGE('767',*,*,#9329,.F.);
#9331=ORIENTED_EDGE('776',*,*,#9277,.F.);
#9332=ORIENTED_EDGE('771',*,*,#9314,.F.);
#9334=ORIENTED_EDGE('769',*,*,#9333,.F.);
#9335=EDGE_LOOP('175',(#9330,#9331,#9332,#9334));
#9336=FACE_OUTER_BOUND('175',#9335,.F.);
#9337=ADVANCED_FACE('175',(#9336),#9328,.F.);
#9338=CARTESIAN_POINT('',(1.7265E1,-2.486852659994E0,6.025E0));
#9339=DIRECTION('',(0.E0,3.420201433257E-1,-9.396926207859E-1));
#9340=DIRECTION('',(0.E0,-9.396926207859E-1,-3.420201433257E-1));
#9341=AXIS2_PLACEMENT_3D('',#9338,#9339,#9340);
#9342=PLANE('166',#9341);
#9343=ORIENTED_EDGE('767',*,*,#9329,.T.);
#9345=ORIENTED_EDGE('779',*,*,#9344,.F.);
#9347=ORIENTED_EDGE('768',*,*,#9346,.F.);
#9348=ORIENTED_EDGE('782',*,*,#9236,.T.);
#9349=EDGE_LOOP('166',(#9343,#9345,#9347,#9348));
#9350=FACE_OUTER_BOUND('166',#9349,.F.);
#9351=ADVANCED_FACE('166',(#9350),#9342,.F.);
#9352=CARTESIAN_POINT('',(1.7265E1,-2.9E0,5.715E0));
#9353=DIRECTION('',(-1.E0,0.E0,0.E0));
#9354=DIRECTION('',(0.E0,0.E0,1.E0));
#9355=AXIS2_PLACEMENT_3D('',#9352,#9353,#9354);
#9356=CYLINDRICAL_SURFACE('167',#9355,1.5E-1);
#9357=ORIENTED_EDGE('769',*,*,#9333,.T.);
#9358=ORIENTED_EDGE('780',*,*,#9319,.F.);
#9360=ORIENTED_EDGE('770',*,*,#9359,.T.);
#9361=ORIENTED_EDGE('779',*,*,#9344,.T.);
#9362=EDGE_LOOP('167',(#9357,#9358,#9360,#9361));
#9363=FACE_OUTER_BOUND('167',#9362,.F.);
#9364=ADVANCED_FACE('167',(#9363),#9356,.T.);
#9365=CARTESIAN_POINT('',(1.7265E1,-2.486852659994E0,5.405E0));
#9366=DIRECTION('',(9.500488208354E-1,3.121013265419E-1,0.E0));
#9367=DIRECTION('',(3.121013265419E-1,-9.500488208354E-1,0.E0));
#9368=AXIS2_PLACEMENT_3D('',#9365,#9366,#9367);
#9369=PLANE('176',#9368);
#9370=ORIENTED_EDGE('768',*,*,#9346,.T.);
#9371=ORIENTED_EDGE('770',*,*,#9359,.F.);
#9372=ORIENTED_EDGE('772',*,*,#9317,.T.);
#9373=ORIENTED_EDGE('774',*,*,#9220,.T.);
#9374=EDGE_LOOP('176',(#9370,#9371,#9372,#9373));
#9375=FACE_OUTER_BOUND('176',#9374,.F.);
#9376=ADVANCED_FACE('176',(#9375),#9369,.F.);
#9377=CARTESIAN_POINT('',(1.6965E1,6.8E-1,2.553725569229E0));
#9378=DIRECTION('',(0.E0,0.E0,1.E0));
#9379=DIRECTION('',(0.E0,-1.E0,0.E0));
#9380=AXIS2_PLACEMENT_3D('',#9377,#9378,#9379);
#9381=CYLINDRICAL_SURFACE('91',#9380,3.E-1);
#9383=ORIENTED_EDGE('1009',*,*,#9382,.F.);
#9385=ORIENTED_EDGE('1013',*,*,#9384,.F.);
#9386=ORIENTED_EDGE('515',*,*,#5178,.T.);
#9388=ORIENTED_EDGE('1014',*,*,#9387,.T.);
#9389=EDGE_LOOP('91',(#9383,#9385,#9386,#9388));
#9390=FACE_OUTER_BOUND('91',#9389,.F.);
#9391=ADVANCED_FACE('91',(#9390),#9381,.T.);
#9392=CARTESIAN_POINT('',(1.7265E1,-3.05E0,3.485E0));
#9393=DIRECTION('',(1.E0,0.E0,0.E0));
#9394=DIRECTION('',(0.E0,0.E0,-1.E0));
#9395=AXIS2_PLACEMENT_3D('',#9392,#9393,#9394);
#9396=PLANE('240',#9395);
#9397=ORIENTED_EDGE('1009',*,*,#9382,.T.);
#9399=ORIENTED_EDGE('1021',*,*,#9398,.F.);
#9401=ORIENTED_EDGE('1004',*,*,#9400,.T.);
#9403=ORIENTED_EDGE('1023',*,*,#9402,.T.);
#9404=EDGE_LOOP('240',(#9397,#9399,#9401,#9403));
#9405=FACE_OUTER_BOUND('240',#9404,.F.);
#9406=ADVANCED_FACE('240',(#9405),#9396,.F.);
#9407=CARTESIAN_POINT('',(1.7575E1,2.935E0,3.485E0));
#9408=DIRECTION('',(0.E0,0.E0,-1.E0));
#9409=DIRECTION('',(0.E0,1.E0,0.E0));
#9410=AXIS2_PLACEMENT_3D('',#9407,#9408,#9409);
#9411=PLANE('241',#9410);
#9413=ORIENTED_EDGE('1010',*,*,#9412,.T.);
#9415=ORIENTED_EDGE('1017',*,*,#9414,.F.);
#9417=ORIENTED_EDGE('994',*,*,#9416,.F.);
#9418=ORIENTED_EDGE('1021',*,*,#9398,.T.);
#9419=EDGE_LOOP('241',(#9413,#9415,#9417,#9418));
#9420=FACE_OUTER_BOUND('241',#9419,.F.);
#9421=ADVANCED_FACE('241',(#9420),#9411,.F.);
#9422=CARTESIAN_POINT('',(1.695372556923E1,6.8E-1,3.785E0));
#9423=DIRECTION('',(1.E0,0.E0,0.E0));
#9424=DIRECTION('',(0.E0,-1.E0,0.E0));
#9425=AXIS2_PLACEMENT_3D('',#9422,#9423,#9424);
#9426=CYLINDRICAL_SURFACE('92',#9425,3.E-1);
#9427=ORIENTED_EDGE('1010',*,*,#9412,.F.);
#9428=ORIENTED_EDGE('1014',*,*,#9387,.F.);
#9429=ORIENTED_EDGE('516',*,*,#5184,.T.);
#9431=ORIENTED_EDGE('1015',*,*,#9430,.T.);
#9432=EDGE_LOOP('92',(#9427,#9428,#9429,#9431));
#9433=FACE_OUTER_BOUND('92',#9432,.F.);
#9434=ADVANCED_FACE('92',(#9433),#9426,.T.);
#9435=CARTESIAN_POINT('',(1.8185E1,6.8E-1,3.796274430771E0));
#9436=DIRECTION('',(0.E0,0.E0,-1.E0));
#9437=DIRECTION('',(0.E0,-1.E0,0.E0));
#9438=AXIS2_PLACEMENT_3D('',#9435,#9436,#9437);
#9439=CYLINDRICAL_SURFACE('93',#9438,3.E-1);
#9441=ORIENTED_EDGE('1011',*,*,#9440,.F.);
#9442=ORIENTED_EDGE('1015',*,*,#9430,.F.);
#9443=ORIENTED_EDGE('517',*,*,#5182,.T.);
#9445=ORIENTED_EDGE('1016',*,*,#9444,.T.);
#9446=EDGE_LOOP('93',(#9441,#9442,#9443,#9445));
#9447=FACE_OUTER_BOUND('93',#9446,.F.);
#9448=ADVANCED_FACE('93',(#9447),#9439,.T.);
#9449=CARTESIAN_POINT('',(1.7885E1,-3.05E0,3.485E0));
#9450=DIRECTION('',(1.E0,0.E0,0.E0));
#9451=DIRECTION('',(0.E0,0.E0,-1.E0));
#9452=AXIS2_PLACEMENT_3D('',#9449,#9450,#9451);
#9453=PLANE('239',#9452);
#9454=ORIENTED_EDGE('1011',*,*,#9440,.T.);
#9456=ORIENTED_EDGE('1019',*,*,#9455,.F.);
#9458=ORIENTED_EDGE('1002',*,*,#9457,.F.);
#9459=ORIENTED_EDGE('1017',*,*,#9414,.T.);
#9460=EDGE_LOOP('239',(#9454,#9456,#9458,#9459));
#9461=FACE_OUTER_BOUND('239',#9460,.F.);
#9462=ADVANCED_FACE('239',(#9461),#9453,.T.);
#9463=CARTESIAN_POINT('',(1.7575E1,2.935E0,2.865E0));
#9464=DIRECTION('',(0.E0,0.E0,-1.E0));
#9465=DIRECTION('',(0.E0,1.E0,0.E0));
#9466=AXIS2_PLACEMENT_3D('',#9463,#9464,#9465);
#9467=PLANE('242',#9466);
#9469=ORIENTED_EDGE('1012',*,*,#9468,.T.);
#9470=ORIENTED_EDGE('1023',*,*,#9402,.F.);
#9472=ORIENTED_EDGE('996',*,*,#9471,.T.);
#9473=ORIENTED_EDGE('1019',*,*,#9455,.T.);
#9474=EDGE_LOOP('242',(#9469,#9470,#9472,#9473));
#9475=FACE_OUTER_BOUND('242',#9474,.F.);
#9476=ADVANCED_FACE('242',(#9475),#9467,.T.);
#9477=CARTESIAN_POINT('',(1.819627443077E1,6.8E-1,2.565E0));
#9478=DIRECTION('',(-1.E0,0.E0,0.E0));
#9479=DIRECTION('',(0.E0,-1.E0,0.E0));
#9480=AXIS2_PLACEMENT_3D('',#9477,#9478,#9479);
#9481=CYLINDRICAL_SURFACE('94',#9480,3.E-1);
#9482=ORIENTED_EDGE('1012',*,*,#9468,.F.);
#9483=ORIENTED_EDGE('1016',*,*,#9444,.F.);
#9484=ORIENTED_EDGE('518',*,*,#5180,.T.);
#9485=ORIENTED_EDGE('1013',*,*,#9384,.T.);
#9486=EDGE_LOOP('94',(#9482,#9483,#9484,#9485));
#9487=FACE_OUTER_BOUND('94',#9486,.F.);
#9488=ADVANCED_FACE('94',(#9487),#9481,.T.);
#9489=CARTESIAN_POINT('',(1.7265E1,-3.05E0,3.05E0));
#9490=DIRECTION('',(0.E0,3.121013265419E-1,9.500488208354E-1));
#9491=DIRECTION('',(0.E0,9.500488208354E-1,-3.121013265419E-1));
#9492=AXIS2_PLACEMENT_3D('',#9489,#9490,#9491);
#9493=PLANE('245',#9492);
#9495=ORIENTED_EDGE('987',*,*,#9494,.F.);
#9496=ORIENTED_EDGE('996',*,*,#9471,.F.);
#9498=ORIENTED_EDGE('991',*,*,#9497,.F.);
#9500=ORIENTED_EDGE('989',*,*,#9499,.F.);
#9501=EDGE_LOOP('245',(#9495,#9496,#9498,#9500));
#9502=FACE_OUTER_BOUND('245',#9501,.F.);
#9503=ADVANCED_FACE('245',(#9502),#9493,.F.);
#9504=CARTESIAN_POINT('',(1.7885E1,-2.486852659994E0,3.485E0));
#9505=DIRECTION('',(-9.396926207859E-1,3.420201433257E-1,0.E0));
#9506=DIRECTION('',(-3.420201433257E-1,-9.396926207859E-1,0.E0));
#9507=AXIS2_PLACEMENT_3D('',#9504,#9505,#9506);
#9508=PLANE('236',#9507);
#9509=ORIENTED_EDGE('987',*,*,#9494,.T.);
#9511=ORIENTED_EDGE('999',*,*,#9510,.F.);
#9513=ORIENTED_EDGE('988',*,*,#9512,.F.);
#9514=ORIENTED_EDGE('1002',*,*,#9457,.T.);
#9515=EDGE_LOOP('236',(#9509,#9511,#9513,#9514));
#9516=FACE_OUTER_BOUND('236',#9515,.F.);
#9517=ADVANCED_FACE('236',(#9516),#9508,.F.);
#9518=CARTESIAN_POINT('',(1.7575E1,-2.9E0,3.485E0));
#9519=DIRECTION('',(0.E0,0.E0,1.E0));
#9520=DIRECTION('',(1.E0,0.E0,0.E0));
#9521=AXIS2_PLACEMENT_3D('',#9518,#9519,#9520);
#9522=CYLINDRICAL_SURFACE('237',#9521,1.5E-1);
#9523=ORIENTED_EDGE('989',*,*,#9499,.T.);
#9525=ORIENTED_EDGE('1000',*,*,#9524,.F.);
#9527=ORIENTED_EDGE('990',*,*,#9526,.T.);
#9528=ORIENTED_EDGE('999',*,*,#9510,.T.);
#9529=EDGE_LOOP('237',(#9523,#9525,#9527,#9528));
#9530=FACE_OUTER_BOUND('237',#9529,.F.);
#9531=ADVANCED_FACE('237',(#9530),#9522,.T.);
#9532=CARTESIAN_POINT('',(1.743404610688E1,-2.951303021499E0,3.485E0));
#9533=DIRECTION('',(9.396926207859E-1,3.420201433257E-1,0.E0));
#9534=DIRECTION('',(-3.420201433257E-1,9.396926207859E-1,0.E0));
#9535=AXIS2_PLACEMENT_3D('',#9532,#9533,#9534);
#9536=PLANE('238',#9535);
#9537=ORIENTED_EDGE('991',*,*,#9497,.T.);
#9538=ORIENTED_EDGE('1004',*,*,#9400,.F.);
#9540=ORIENTED_EDGE('992',*,*,#9539,.F.);
#9541=ORIENTED_EDGE('1000',*,*,#9524,.T.);
#9542=EDGE_LOOP('238',(#9537,#9538,#9540,#9541));
#9543=FACE_OUTER_BOUND('238',#9542,.F.);
#9544=ADVANCED_FACE('238',(#9543),#9536,.F.);
#9545=CARTESIAN_POINT('',(1.7265E1,-2.486852659994E0,3.485E0));
#9546=DIRECTION('',(0.E0,3.121013265419E-1,-9.500488208354E-1));
#9547=DIRECTION('',(0.E0,-9.500488208354E-1,-3.121013265419E-1));
#9548=AXIS2_PLACEMENT_3D('',#9545,#9546,#9547);
#9549=PLANE('246',#9548);
#9550=ORIENTED_EDGE('988',*,*,#9512,.T.);
#9551=ORIENTED_EDGE('990',*,*,#9526,.F.);
#9552=ORIENTED_EDGE('992',*,*,#9539,.T.);
#9553=ORIENTED_EDGE('994',*,*,#9416,.T.);
#9554=EDGE_LOOP('246',(#9550,#9551,#9552,#9553));
#9555=FACE_OUTER_BOUND('246',#9554,.F.);
#9556=ADVANCED_FACE('246',(#9555),#9549,.F.);
#9557=CARTESIAN_POINT('',(1.2495E1,3.8E-1,7.69E0));
#9558=DIRECTION('',(0.E0,-1.E0,0.E0));
#9559=DIRECTION('',(-1.E0,0.E0,0.E0));
#9560=AXIS2_PLACEMENT_3D('',#9557,#9558,#9559);
#9561=SPHERICAL_SURFACE('105',#9560,3.8E-1);
#9562=ORIENTED_EDGE('580',*,*,#5188,.F.);
#9564=ORIENTED_EDGE('582',*,*,#9563,.T.);
#9566=ORIENTED_EDGE('583',*,*,#9565,.F.);
#9567=EDGE_LOOP('105',(#9562,#9564,#9566));
#9568=FACE_OUTER_BOUND('105',#9567,.F.);
#9569=ADVANCED_FACE('105',(#9568),#9561,.T.);
#9570=CARTESIAN_POINT('',(1.2495E1,3.8E-1,7.69E0));
#9571=DIRECTION('',(0.E0,-1.E0,0.E0));
#9572=DIRECTION('',(-1.E0,0.E0,0.E0));
#9573=AXIS2_PLACEMENT_3D('',#9570,#9571,#9572);
#9574=SPHERICAL_SURFACE('106',#9573,3.8E-1);
#9575=ORIENTED_EDGE('581',*,*,#5190,.F.);
#9576=ORIENTED_EDGE('583',*,*,#9565,.T.);
#9577=ORIENTED_EDGE('582',*,*,#9563,.F.);
#9578=EDGE_LOOP('106',(#9575,#9576,#9577));
#9579=FACE_OUTER_BOUND('106',#9578,.F.);
#9580=ADVANCED_FACE('106',(#9579),#9574,.T.);
#9581=CLOSED_SHELL('',(#4989,#5004,#5023,#5036,#5194,#5212,#5233,#5263,#5284,
#5298,#5327,#5342,#5366,#5378,#5390,#5404,#5418,#5432,#5463,#5481,#5493,#5508,
#5520,#5533,#5550,#5568,#5589,#5621,#5635,#5663,#5682,#5696,#5716,#5729,#5742,
#5755,#5771,#5788,#5806,#5837,#5851,#5878,#5894,#5928,#5946,#5959,#5972,#5985,
#5998,#6010,#6023,#6036,#6048,#6064,#6078,#6095,#6107,#6121,#6138,#6152,#6178,
#6303,#6317,#6330,#6350,#6365,#6378,#6391,#6403,#6416,#6428,#6443,#6457,#6471,
#6484,#6499,#6513,#6527,#6540,#6552,#6567,#6581,#6595,#6608,#6623,#6637,#6651,
#6664,#6676,#6691,#6705,#6719,#6732,#6747,#6761,#6775,#6788,#6800,#6815,#6829,
#6843,#6856,#6871,#6885,#6899,#6912,#6924,#6939,#6953,#6967,#6980,#6995,#7009,
#7023,#7036,#7048,#7063,#7077,#7091,#7104,#7119,#7133,#7147,#7160,#7172,#7187,
#7201,#7215,#7228,#7243,#7257,#7271,#7284,#7296,#7311,#7325,#7339,#7352,#7367,
#7381,#7395,#7408,#7420,#7435,#7449,#7463,#7476,#7491,#7505,#7519,#7532,#7544,
#7559,#7573,#7587,#7600,#7615,#7629,#7643,#7656,#7668,#7680,#7694,#7707,#7720,
#7732,#7744,#7756,#7771,#7786,#7801,#7814,#7828,#7842,#7856,#7868,#7883,#7897,
#7911,#7924,#7936,#7951,#7966,#7981,#7994,#8008,#8022,#8036,#8048,#8063,#8077,
#8091,#8104,#8116,#8131,#8146,#8161,#8174,#8188,#8202,#8216,#8228,#8243,#8257,
#8271,#8284,#8296,#8311,#8326,#8341,#8354,#8368,#8382,#8396,#8408,#8423,#8437,
#8451,#8464,#8476,#8491,#8506,#8521,#8534,#8548,#8562,#8576,#8588,#8603,#8617,
#8631,#8644,#8656,#8671,#8686,#8701,#8714,#8728,#8742,#8756,#8768,#8783,#8797,
#8811,#8824,#8836,#8851,#8866,#8881,#8894,#8908,#8922,#8936,#8948,#8963,#8977,
#8991,#9004,#9016,#9031,#9046,#9061,#9074,#9088,#9102,#9116,#9128,#9143,#9157,
#9171,#9184,#9196,#9211,#9226,#9241,#9254,#9268,#9282,#9296,#9308,#9323,#9337,
#9351,#9364,#9376,#9391,#9406,#9421,#9434,#9448,#9462,#9476,#9488,#9503,#9517,
#9531,#9544,#9556,#9569,#9580));
#9582=MANIFOLD_SOLID_BREP('',#9581);
#9583=(LENGTH_UNIT()NAMED_UNIT(*)SI_UNIT(.MILLI.,.METRE.));
#9584=DIMENSIONAL_EXPONENTS(0.E0,0.E0,0.E0,0.E0,0.E0,0.E0,0.E0);
#9585=(NAMED_UNIT(*)PLANE_ANGLE_UNIT()SI_UNIT($,.RADIAN.));
#9586=PLANE_ANGLE_MEASURE_WITH_UNIT(PLANE_ANGLE_MEASURE(1.745329251994E-2),
#9585);
#9587=(CONVERSION_BASED_UNIT('DEGREE',#9586)NAMED_UNIT(#9584)PLANE_ANGLE_UNIT(
));
#9588=(NAMED_UNIT(*)SI_UNIT($,.STERADIAN.)SOLID_ANGLE_UNIT());
#9589=UNCERTAINTY_MEASURE_WITH_UNIT(LENGTH_MEASURE(4.725035658211E-5),#9583,
'closure',
'Maximum model space distance between geometric entities at asserted connectivities');
#9590=(GEOMETRIC_REPRESENTATION_CONTEXT(3)GLOBAL_UNCERTAINTY_ASSIGNED_CONTEXT((
#9589))GLOBAL_UNIT_ASSIGNED_CONTEXT((#9583,#9587,#9588))REPRESENTATION_CONTEXT(
'ID1','3'));
#9592=APPLICATION_CONTEXT(
'CONFIGURATION CONTROLLED 3D DESIGNS OF MECHANICAL PARTS AND ASSEMBLIES');
#9593=APPLICATION_PROTOCOL_DEFINITION('international standard',
'config_control_design',1994,#9592);
#9594=DESIGN_CONTEXT('',#9592,'design');
#9595=MECHANICAL_CONTEXT('',#9592,'mechanical');
#9596=PRODUCT('75869_Y01_SW0001_PRT','75869_Y01_SW0001_PRT','NOT SPECIFIED',(
#9595));
#9597=PRODUCT_DEFINITION_FORMATION_WITH_SPECIFIED_SOURCE('1','LAST_VERSION',
#9596,.MADE.);
#9601=PRODUCT_CATEGORY('part','');
#9602=PRODUCT_RELATED_PRODUCT_CATEGORY('detail','',(#9596));
#9603=PRODUCT_CATEGORY_RELATIONSHIP('','',#9601,#9602);
#9604=SECURITY_CLASSIFICATION_LEVEL('unclassified');
#9605=SECURITY_CLASSIFICATION('','',#9604);
#9606=CC_DESIGN_SECURITY_CLASSIFICATION(#9605,(#9597));
#9607=APPROVAL_STATUS('approved');
#9608=APPROVAL(#9607,'');
#9609=CC_DESIGN_APPROVAL(#9608,(#9605,#9597,#9598));
#9610=CALENDAR_DATE(107,28,7);
#9611=COORDINATED_UNIVERSAL_TIME_OFFSET(5,30,.AHEAD.);
#9612=LOCAL_TIME(16,59,3.7E1,#9611);
#9613=DATE_AND_TIME(#9610,#9612);
#9614=APPROVAL_DATE_TIME(#9613,#9608);
#9615=DATE_TIME_ROLE('creation_date');
#9616=CC_DESIGN_DATE_AND_TIME_ASSIGNMENT(#9613,#9615,(#9598));
#9617=DATE_TIME_ROLE('classification_date');
#9618=CC_DESIGN_DATE_AND_TIME_ASSIGNMENT(#9613,#9617,(#9605));
#9619=PERSON('UNSPECIFIED','UNSPECIFIED',$,$,$,$);
#9620=ORGANIZATION('UNSPECIFIED','UNSPECIFIED','UNSPECIFIED');
#9621=PERSON_AND_ORGANIZATION(#9619,#9620);
#9622=APPROVAL_ROLE('approver');
#9623=APPROVAL_PERSON_ORGANIZATION(#9621,#9608,#9622);
#9624=PERSON_AND_ORGANIZATION_ROLE('creator');
#9625=CC_DESIGN_PERSON_AND_ORGANIZATION_ASSIGNMENT(#9621,#9624,(#9597,#9598));
#9626=PERSON_AND_ORGANIZATION_ROLE('design_supplier');
#9627=CC_DESIGN_PERSON_AND_ORGANIZATION_ASSIGNMENT(#9621,#9626,(#9597));
#9628=PERSON_AND_ORGANIZATION_ROLE('classification_officer');
#9629=CC_DESIGN_PERSON_AND_ORGANIZATION_ASSIGNMENT(#9621,#9628,(#9605));
#9630=PERSON_AND_ORGANIZATION_ROLE('design_owner');
#9631=CC_DESIGN_PERSON_AND_ORGANIZATION_ASSIGNMENT(#9621,#9630,(#9596));
#61=CIRCLE('478',#60,3.8E-1);
#110=CIRCLE('477',#109,3.8E-1);
#123=CIRCLE('580',#122,3.8E-1);
#128=CIRCLE('581',#127,3.8E-1);
#201=CIRCLE('345',#200,2.E-1);
#282=CIRCLE('475',#281,3.8E-1);
#307=CIRCLE('476',#306,3.8E-1);
#312=CIRCLE('474',#311,3.8E-1);
#366=B_SPLINE_CURVE_WITH_KNOTS('573',3,(#341,#342,#343,#344,#345,#346,#347,#348,
#349,#350,#351,#352,#353,#354,#355,#356,#357,#358,#359,#360,#361,#362,#363,#364,
#365),.UNSPECIFIED.,.F.,.F.,(4,1,1,1,1,1,1,1,1,1,1,1,1,1,1,1,1,1,1,1,1,1,4),(
0.E0,6.25E-2,1.25E-1,1.875E-1,2.5E-1,3.125E-1,3.75E-1,4.0625E-1,4.375E-1,
4.6875E-1,4.84375E-1,5.E-1,5.15625E-1,5.3125E-1,5.625E-1,5.9375E-1,6.25E-1,
6.875E-1,7.5E-1,8.125E-1,8.75E-1,9.375E-1,1.E0),.UNSPECIFIED.);
#579=CIRCLE('428',#578,7.25E-1);
#644=CIRCLE('555',#643,2.E-1);
#681=CIRCLE('420',#680,7.25E-1);
#1014=CIRCLE('343',#1013,2.E-1);
#1023=CIRCLE('341',#1022,2.E-1);
#1185=B_SPLINE_CURVE_WITH_KNOTS('587',3,(#1160,#1161,#1162,#1163,#1164,#1165,
#1166,#1167,#1168,#1169,#1170,#1171,#1172,#1173,#1174,#1175,#1176,#1177,#1178,
#1179,#1180,#1181,#1182,#1183,#1184),.UNSPECIFIED.,.F.,.F.,(4,1,1,1,1,1,1,1,1,1,
1,1,1,1,1,1,1,1,1,1,1,1,4),(0.E0,1.5625E-2,3.125E-2,6.25E-2,9.375E-2,1.25E-1,
1.5625E-1,1.875E-1,2.5E-1,3.125E-1,3.75E-1,5.E-1,6.25E-1,6.875E-1,7.5E-1,
8.125E-1,8.4375E-1,8.75E-1,9.0625E-1,9.375E-1,9.6875E-1,9.84375E-1,1.E0),
.UNSPECIFIED.);
#1215=B_SPLINE_CURVE_WITH_KNOTS('588',3,(#1190,#1191,#1192,#1193,#1194,#1195,
#1196,#1197,#1198,#1199,#1200,#1201,#1202,#1203,#1204,#1205,#1206,#1207,#1208,
#1209,#1210,#1211,#1212,#1213,#1214),.UNSPECIFIED.,.F.,.F.,(4,1,1,1,1,1,1,1,1,1,
1,1,1,1,1,1,1,1,1,1,1,1,4),(0.E0,1.5625E-2,3.125E-2,6.25E-2,9.375E-2,1.25E-1,
1.5625E-1,1.875E-1,2.5E-1,3.125E-1,3.75E-1,5.E-1,6.25E-1,6.875E-1,7.5E-1,
8.125E-1,8.4375E-1,8.75E-1,9.0625E-1,9.375E-1,9.6875E-1,9.84375E-1,1.E0),
.UNSPECIFIED.);
#1293=B_SPLINE_CURVE_WITH_KNOTS('631',3,(#1268,#1269,#1270,#1271,#1272,#1273,
#1274,#1275,#1276,#1277,#1278,#1279,#1280,#1281,#1282,#1283,#1284,#1285,#1286,
#1287,#1288,#1289,#1290,#1291,#1292),.UNSPECIFIED.,.F.,.F.,(4,1,1,1,1,1,1,1,1,1,
1,1,1,1,1,1,1,1,1,1,1,1,4),(0.E0,1.5625E-2,3.125E-2,6.25E-2,9.375E-2,1.25E-1,
1.5625E-1,1.875E-1,2.5E-1,3.125E-1,3.75E-1,5.E-1,6.25E-1,6.875E-1,7.5E-1,
8.125E-1,8.4375E-1,8.75E-1,9.0625E-1,9.375E-1,9.6875E-1,9.84375E-1,1.E0),
.UNSPECIFIED.);
#1323=B_SPLINE_CURVE_WITH_KNOTS('632',3,(#1298,#1299,#1300,#1301,#1302,#1303,
#1304,#1305,#1306,#1307,#1308,#1309,#1310,#1311,#1312,#1313,#1314,#1315,#1316,
#1317,#1318,#1319,#1320,#1321,#1322),.UNSPECIFIED.,.F.,.F.,(4,1,1,1,1,1,1,1,1,1,
1,1,1,1,1,1,1,1,1,1,1,1,4),(0.E0,1.5625E-2,3.125E-2,6.25E-2,9.375E-2,1.25E-1,
1.5625E-1,1.875E-1,2.5E-1,3.125E-1,3.75E-1,5.E-1,6.25E-1,6.875E-1,7.5E-1,
8.125E-1,8.4375E-1,8.75E-1,9.0625E-1,9.375E-1,9.6875E-1,9.84375E-1,1.E0),
.UNSPECIFIED.);
#1401=B_SPLINE_CURVE_WITH_KNOTS('675',3,(#1376,#1377,#1378,#1379,#1380,#1381,
#1382,#1383,#1384,#1385,#1386,#1387,#1388,#1389,#1390,#1391,#1392,#1393,#1394,
#1395,#1396,#1397,#1398,#1399,#1400),.UNSPECIFIED.,.F.,.F.,(4,1,1,1,1,1,1,1,1,1,
1,1,1,1,1,1,1,1,1,1,1,1,4),(0.E0,1.5625E-2,3.125E-2,6.25E-2,9.375E-2,1.25E-1,
1.5625E-1,1.875E-1,2.5E-1,3.125E-1,3.75E-1,5.E-1,6.25E-1,6.875E-1,7.5E-1,
8.125E-1,8.4375E-1,8.75E-1,9.0625E-1,9.375E-1,9.6875E-1,9.84375E-1,1.E0),
.UNSPECIFIED.);
#1431=B_SPLINE_CURVE_WITH_KNOTS('676',3,(#1406,#1407,#1408,#1409,#1410,#1411,
#1412,#1413,#1414,#1415,#1416,#1417,#1418,#1419,#1420,#1421,#1422,#1423,#1424,
#1425,#1426,#1427,#1428,#1429,#1430),.UNSPECIFIED.,.F.,.F.,(4,1,1,1,1,1,1,1,1,1,
1,1,1,1,1,1,1,1,1,1,1,1,4),(0.E0,1.5625E-2,3.125E-2,6.25E-2,9.375E-2,1.25E-1,
1.5625E-1,1.875E-1,2.5E-1,3.125E-1,3.75E-1,5.E-1,6.25E-1,6.875E-1,7.5E-1,
8.125E-1,8.4375E-1,8.75E-1,9.0625E-1,9.375E-1,9.6875E-1,9.84375E-1,1.E0),
.UNSPECIFIED.);
#1509=B_SPLINE_CURVE_WITH_KNOTS('719',3,(#1484,#1485,#1486,#1487,#1488,#1489,
#1490,#1491,#1492,#1493,#1494,#1495,#1496,#1497,#1498,#1499,#1500,#1501,#1502,
#1503,#1504,#1505,#1506,#1507,#1508),.UNSPECIFIED.,.F.,.F.,(4,1,1,1,1,1,1,1,1,1,
1,1,1,1,1,1,1,1,1,1,1,1,4),(0.E0,1.5625E-2,3.125E-2,6.25E-2,9.375E-2,1.25E-1,
1.5625E-1,1.875E-1,2.5E-1,3.125E-1,3.75E-1,5.E-1,6.25E-1,6.875E-1,7.5E-1,
8.125E-1,8.4375E-1,8.75E-1,9.0625E-1,9.375E-1,9.6875E-1,9.84375E-1,1.E0),
.UNSPECIFIED.);
#1539=B_SPLINE_CURVE_WITH_KNOTS('720',3,(#1514,#1515,#1516,#1517,#1518,#1519,
#1520,#1521,#1522,#1523,#1524,#1525,#1526,#1527,#1528,#1529,#1530,#1531,#1532,
#1533,#1534,#1535,#1536,#1537,#1538),.UNSPECIFIED.,.F.,.F.,(4,1,1,1,1,1,1,1,1,1,
1,1,1,1,1,1,1,1,1,1,1,1,4),(0.E0,1.5625E-2,3.125E-2,6.25E-2,9.375E-2,1.25E-1,
1.5625E-1,1.875E-1,2.5E-1,3.125E-1,3.75E-1,5.E-1,6.25E-1,6.875E-1,7.5E-1,
8.125E-1,8.4375E-1,8.75E-1,9.0625E-1,9.375E-1,9.6875E-1,9.84375E-1,1.E0),
.UNSPECIFIED.);
#1617=B_SPLINE_CURVE_WITH_KNOTS('763',3,(#1592,#1593,#1594,#1595,#1596,#1597,
#1598,#1599,#1600,#1601,#1602,#1603,#1604,#1605,#1606,#1607,#1608,#1609,#1610,
#1611,#1612,#1613,#1614,#1615,#1616),.UNSPECIFIED.,.F.,.F.,(4,1,1,1,1,1,1,1,1,1,
1,1,1,1,1,1,1,1,1,1,1,1,4),(0.E0,1.5625E-2,3.125E-2,6.25E-2,9.375E-2,1.25E-1,
1.5625E-1,1.875E-1,2.5E-1,3.125E-1,3.75E-1,5.E-1,6.25E-1,6.875E-1,7.5E-1,
8.125E-1,8.4375E-1,8.75E-1,9.0625E-1,9.375E-1,9.6875E-1,9.84375E-1,1.E0),
.UNSPECIFIED.);
#1647=B_SPLINE_CURVE_WITH_KNOTS('764',3,(#1622,#1623,#1624,#1625,#1626,#1627,
#1628,#1629,#1630,#1631,#1632,#1633,#1634,#1635,#1636,#1637,#1638,#1639,#1640,
#1641,#1642,#1643,#1644,#1645,#1646),.UNSPECIFIED.,.F.,.F.,(4,1,1,1,1,1,1,1,1,1,
1,1,1,1,1,1,1,1,1,1,1,1,4),(0.E0,1.5625E-2,3.125E-2,6.25E-2,9.375E-2,1.25E-1,
1.5625E-1,1.875E-1,2.5E-1,3.125E-1,3.75E-1,5.E-1,6.25E-1,6.875E-1,7.5E-1,
8.125E-1,8.4375E-1,8.75E-1,9.0625E-1,9.375E-1,9.6875E-1,9.84375E-1,1.E0),
.UNSPECIFIED.);
#1725=B_SPLINE_CURVE_WITH_KNOTS('807',3,(#1700,#1701,#1702,#1703,#1704,#1705,
#1706,#1707,#1708,#1709,#1710,#1711,#1712,#1713,#1714,#1715,#1716,#1717,#1718,
#1719,#1720,#1721,#1722,#1723,#1724),.UNSPECIFIED.,.F.,.F.,(4,1,1,1,1,1,1,1,1,1,
1,1,1,1,1,1,1,1,1,1,1,1,4),(0.E0,1.5625E-2,3.125E-2,6.25E-2,9.375E-2,1.25E-1,
1.5625E-1,1.875E-1,2.5E-1,3.125E-1,3.75E-1,5.E-1,6.25E-1,6.875E-1,7.5E-1,
8.125E-1,8.4375E-1,8.75E-1,9.0625E-1,9.375E-1,9.6875E-1,9.84375E-1,1.E0),
.UNSPECIFIED.);
#1755=B_SPLINE_CURVE_WITH_KNOTS('808',3,(#1730,#1731,#1732,#1733,#1734,#1735,
#1736,#1737,#1738,#1739,#1740,#1741,#1742,#1743,#1744,#1745,#1746,#1747,#1748,
#1749,#1750,#1751,#1752,#1753,#1754),.UNSPECIFIED.,.F.,.F.,(4,1,1,1,1,1,1,1,1,1,
1,1,1,1,1,1,1,1,1,1,1,1,4),(0.E0,1.5625E-2,3.125E-2,6.25E-2,9.375E-2,1.25E-1,
1.5625E-1,1.875E-1,2.5E-1,3.125E-1,3.75E-1,5.E-1,6.25E-1,6.875E-1,7.5E-1,
8.125E-1,8.4375E-1,8.75E-1,9.0625E-1,9.375E-1,9.6875E-1,9.84375E-1,1.E0),
.UNSPECIFIED.);
#1833=B_SPLINE_CURVE_WITH_KNOTS('851',3,(#1808,#1809,#1810,#1811,#1812,#1813,
#1814,#1815,#1816,#1817,#1818,#1819,#1820,#1821,#1822,#1823,#1824,#1825,#1826,
#1827,#1828,#1829,#1830,#1831,#1832),.UNSPECIFIED.,.F.,.F.,(4,1,1,1,1,1,1,1,1,1,
1,1,1,1,1,1,1,1,1,1,1,1,4),(0.E0,1.5625E-2,3.125E-2,6.25E-2,9.375E-2,1.25E-1,
1.5625E-1,1.875E-1,2.5E-1,3.125E-1,3.75E-1,5.E-1,6.25E-1,6.875E-1,7.5E-1,
8.125E-1,8.4375E-1,8.75E-1,9.0625E-1,9.375E-1,9.6875E-1,9.84375E-1,1.E0),
.UNSPECIFIED.);
#1863=B_SPLINE_CURVE_WITH_KNOTS('852',3,(#1838,#1839,#1840,#1841,#1842,#1843,
#1844,#1845,#1846,#1847,#1848,#1849,#1850,#1851,#1852,#1853,#1854,#1855,#1856,
#1857,#1858,#1859,#1860,#1861,#1862),.UNSPECIFIED.,.F.,.F.,(4,1,1,1,1,1,1,1,1,1,
1,1,1,1,1,1,1,1,1,1,1,1,4),(0.E0,1.5625E-2,3.125E-2,6.25E-2,9.375E-2,1.25E-1,
1.5625E-1,1.875E-1,2.5E-1,3.125E-1,3.75E-1,5.E-1,6.25E-1,6.875E-1,7.5E-1,
8.125E-1,8.4375E-1,8.75E-1,9.0625E-1,9.375E-1,9.6875E-1,9.84375E-1,1.E0),
.UNSPECIFIED.);
#1941=B_SPLINE_CURVE_WITH_KNOTS('895',3,(#1916,#1917,#1918,#1919,#1920,#1921,
#1922,#1923,#1924,#1925,#1926,#1927,#1928,#1929,#1930,#1931,#1932,#1933,#1934,
#1935,#1936,#1937,#1938,#1939,#1940),.UNSPECIFIED.,.F.,.F.,(4,1,1,1,1,1,1,1,1,1,
1,1,1,1,1,1,1,1,1,1,1,1,4),(0.E0,1.5625E-2,3.125E-2,6.25E-2,9.375E-2,1.25E-1,
1.5625E-1,1.875E-1,2.5E-1,3.125E-1,3.75E-1,5.E-1,6.25E-1,6.875E-1,7.5E-1,
8.125E-1,8.4375E-1,8.75E-1,9.0625E-1,9.375E-1,9.6875E-1,9.84375E-1,1.E0),
.UNSPECIFIED.);
#1971=B_SPLINE_CURVE_WITH_KNOTS('896',3,(#1946,#1947,#1948,#1949,#1950,#1951,
#1952,#1953,#1954,#1955,#1956,#1957,#1958,#1959,#1960,#1961,#1962,#1963,#1964,
#1965,#1966,#1967,#1968,#1969,#1970),.UNSPECIFIED.,.F.,.F.,(4,1,1,1,1,1,1,1,1,1,
1,1,1,1,1,1,1,1,1,1,1,1,4),(0.E0,1.5625E-2,3.125E-2,6.25E-2,9.375E-2,1.25E-1,
1.5625E-1,1.875E-1,2.5E-1,3.125E-1,3.75E-1,5.E-1,6.25E-1,6.875E-1,7.5E-1,
8.125E-1,8.4375E-1,8.75E-1,9.0625E-1,9.375E-1,9.6875E-1,9.84375E-1,1.E0),
.UNSPECIFIED.);
#2049=B_SPLINE_CURVE_WITH_KNOTS('939',3,(#2024,#2025,#2026,#2027,#2028,#2029,
#2030,#2031,#2032,#2033,#2034,#2035,#2036,#2037,#2038,#2039,#2040,#2041,#2042,
#2043,#2044,#2045,#2046,#2047,#2048),.UNSPECIFIED.,.F.,.F.,(4,1,1,1,1,1,1,1,1,1,
1,1,1,1,1,1,1,1,1,1,1,1,4),(0.E0,1.5625E-2,3.125E-2,6.25E-2,9.375E-2,1.25E-1,
1.5625E-1,1.875E-1,2.5E-1,3.125E-1,3.75E-1,5.E-1,6.25E-1,6.875E-1,7.5E-1,
8.125E-1,8.4375E-1,8.75E-1,9.0625E-1,9.375E-1,9.6875E-1,9.84375E-1,1.E0),
.UNSPECIFIED.);
#2079=B_SPLINE_CURVE_WITH_KNOTS('940',3,(#2054,#2055,#2056,#2057,#2058,#2059,
#2060,#2061,#2062,#2063,#2064,#2065,#2066,#2067,#2068,#2069,#2070,#2071,#2072,
#2073,#2074,#2075,#2076,#2077,#2078),.UNSPECIFIED.,.F.,.F.,(4,1,1,1,1,1,1,1,1,1,
1,1,1,1,1,1,1,1,1,1,1,1,4),(0.E0,1.5625E-2,3.125E-2,6.25E-2,9.375E-2,1.25E-1,
1.5625E-1,1.875E-1,2.5E-1,3.125E-1,3.75E-1,5.E-1,6.25E-1,6.875E-1,7.5E-1,
8.125E-1,8.4375E-1,8.75E-1,9.0625E-1,9.375E-1,9.6875E-1,9.84375E-1,1.E0),
.UNSPECIFIED.);
#2157=B_SPLINE_CURVE_WITH_KNOTS('983',3,(#2132,#2133,#2134,#2135,#2136,#2137,
#2138,#2139,#2140,#2141,#2142,#2143,#2144,#2145,#2146,#2147,#2148,#2149,#2150,
#2151,#2152,#2153,#2154,#2155,#2156),.UNSPECIFIED.,.F.,.F.,(4,1,1,1,1,1,1,1,1,1,
1,1,1,1,1,1,1,1,1,1,1,1,4),(0.E0,1.5625E-2,3.125E-2,6.25E-2,9.375E-2,1.25E-1,
1.5625E-1,1.875E-1,2.5E-1,3.125E-1,3.75E-1,5.E-1,6.25E-1,6.875E-1,7.5E-1,
8.125E-1,8.4375E-1,8.75E-1,9.0625E-1,9.375E-1,9.6875E-1,9.84375E-1,1.E0),
.UNSPECIFIED.);
#2187=B_SPLINE_CURVE_WITH_KNOTS('984',3,(#2162,#2163,#2164,#2165,#2166,#2167,
#2168,#2169,#2170,#2171,#2172,#2173,#2174,#2175,#2176,#2177,#2178,#2179,#2180,
#2181,#2182,#2183,#2184,#2185,#2186),.UNSPECIFIED.,.F.,.F.,(4,1,1,1,1,1,1,1,1,1,
1,1,1,1,1,1,1,1,1,1,1,1,4),(0.E0,1.5625E-2,3.125E-2,6.25E-2,9.375E-2,1.25E-1,
1.5625E-1,1.875E-1,2.5E-1,3.125E-1,3.75E-1,5.E-1,6.25E-1,6.875E-1,7.5E-1,
8.125E-1,8.4375E-1,8.75E-1,9.0625E-1,9.375E-1,9.6875E-1,9.84375E-1,1.E0),
.UNSPECIFIED.);
#2255=B_SPLINE_CURVE_WITH_KNOTS('617',3,(#2244,#2245,#2246,#2247,#2248,#2249,
#2250,#2251,#2252,#2253,#2254),.UNSPECIFIED.,.F.,.F.,(4,1,1,1,1,1,1,1,4),(0.E0,
1.25E-1,2.5E-1,3.75E-1,5.E-1,6.25E-1,7.5E-1,8.75E-1,1.E0),.UNSPECIFIED.);
#2271=B_SPLINE_CURVE_WITH_KNOTS('618',3,(#2260,#2261,#2262,#2263,#2264,#2265,
#2266,#2267,#2268,#2269,#2270),.UNSPECIFIED.,.F.,.F.,(4,1,1,1,1,1,1,1,4),(0.E0,
1.25E-1,2.5E-1,3.75E-1,5.E-1,6.25E-1,7.5E-1,8.75E-1,1.E0),.UNSPECIFIED.);
#2303=B_SPLINE_CURVE_WITH_KNOTS('619',3,(#2292,#2293,#2294,#2295,#2296,#2297,
#2298,#2299,#2300,#2301,#2302),.UNSPECIFIED.,.F.,.F.,(4,1,1,1,1,1,1,1,4),(0.E0,
1.25E-1,2.5E-1,3.75E-1,5.E-1,6.25E-1,7.5E-1,8.75E-1,1.E0),.UNSPECIFIED.);
#2323=B_SPLINE_CURVE_WITH_KNOTS('620',3,(#2312,#2313,#2314,#2315,#2316,#2317,
#2318,#2319,#2320,#2321,#2322),.UNSPECIFIED.,.F.,.F.,(4,1,1,1,1,1,1,1,4),(0.E0,
1.25E-1,2.5E-1,3.75E-1,5.E-1,6.25E-1,7.5E-1,8.75E-1,1.E0),.UNSPECIFIED.);
#2397=B_SPLINE_CURVE_WITH_KNOTS('593',3,(#2372,#2373,#2374,#2375,#2376,#2377,
#2378,#2379,#2380,#2381,#2382,#2383,#2384,#2385,#2386,#2387,#2388,#2389,#2390,
#2391,#2392,#2393,#2394,#2395,#2396),.UNSPECIFIED.,.F.,.F.,(4,1,1,1,1,1,1,1,1,1,
1,1,1,1,1,1,1,1,1,1,1,1,4),(0.E0,1.5625E-2,3.125E-2,6.25E-2,9.375E-2,1.25E-1,
1.5625E-1,1.875E-1,2.5E-1,3.125E-1,3.75E-1,5.E-1,6.25E-1,6.875E-1,7.5E-1,
8.125E-1,8.4375E-1,8.75E-1,9.0625E-1,9.375E-1,9.6875E-1,9.84375E-1,1.E0),
.UNSPECIFIED.);
#2423=B_SPLINE_CURVE_WITH_KNOTS('594',3,(#2398,#2399,#2400,#2401,#2402,#2403,
#2404,#2405,#2406,#2407,#2408,#2409,#2410,#2411,#2412,#2413,#2414,#2415,#2416,
#2417,#2418,#2419,#2420,#2421,#2422),.UNSPECIFIED.,.F.,.F.,(4,1,1,1,1,1,1,1,1,1,
1,1,1,1,1,1,1,1,1,1,1,1,4),(0.E0,1.5625E-2,3.125E-2,6.25E-2,9.375E-2,1.25E-1,
1.5625E-1,1.875E-1,2.5E-1,3.125E-1,3.75E-1,5.E-1,6.25E-1,6.875E-1,7.5E-1,
8.125E-1,8.4375E-1,8.75E-1,9.0625E-1,9.375E-1,9.6875E-1,9.84375E-1,1.E0),
.UNSPECIFIED.);
#2443=B_SPLINE_CURVE_WITH_KNOTS('837',3,(#2432,#2433,#2434,#2435,#2436,#2437,
#2438,#2439,#2440,#2441,#2442),.UNSPECIFIED.,.F.,.F.,(4,1,1,1,1,1,1,1,4),(0.E0,
1.25E-1,2.5E-1,3.75E-1,5.E-1,6.25E-1,7.5E-1,8.75E-1,1.E0),.UNSPECIFIED.);
#2459=B_SPLINE_CURVE_WITH_KNOTS('838',3,(#2448,#2449,#2450,#2451,#2452,#2453,
#2454,#2455,#2456,#2457,#2458),.UNSPECIFIED.,.F.,.F.,(4,1,1,1,1,1,1,1,4),(0.E0,
1.25E-1,2.5E-1,3.75E-1,5.E-1,6.25E-1,7.5E-1,8.75E-1,1.E0),.UNSPECIFIED.);
#2491=B_SPLINE_CURVE_WITH_KNOTS('839',3,(#2480,#2481,#2482,#2483,#2484,#2485,
#2486,#2487,#2488,#2489,#2490),.UNSPECIFIED.,.F.,.F.,(4,1,1,1,1,1,1,1,4),(0.E0,
1.25E-1,2.5E-1,3.75E-1,5.E-1,6.25E-1,7.5E-1,8.75E-1,1.E0),.UNSPECIFIED.);
#2511=B_SPLINE_CURVE_WITH_KNOTS('840',3,(#2500,#2501,#2502,#2503,#2504,#2505,
#2506,#2507,#2508,#2509,#2510),.UNSPECIFIED.,.F.,.F.,(4,1,1,1,1,1,1,1,4),(0.E0,
1.25E-1,2.5E-1,3.75E-1,5.E-1,6.25E-1,7.5E-1,8.75E-1,1.E0),.UNSPECIFIED.);
#2573=B_SPLINE_CURVE_WITH_KNOTS('813',3,(#2548,#2549,#2550,#2551,#2552,#2553,
#2554,#2555,#2556,#2557,#2558,#2559,#2560,#2561,#2562,#2563,#2564,#2565,#2566,
#2567,#2568,#2569,#2570,#2571,#2572),.UNSPECIFIED.,.F.,.F.,(4,1,1,1,1,1,1,1,1,1,
1,1,1,1,1,1,1,1,1,1,1,1,4),(0.E0,1.5625E-2,3.125E-2,6.25E-2,9.375E-2,1.25E-1,
1.5625E-1,1.875E-1,2.5E-1,3.125E-1,3.75E-1,5.E-1,6.25E-1,6.875E-1,7.5E-1,
8.125E-1,8.4375E-1,8.75E-1,9.0625E-1,9.375E-1,9.6875E-1,9.84375E-1,1.E0),
.UNSPECIFIED.);
#2599=B_SPLINE_CURVE_WITH_KNOTS('814',3,(#2574,#2575,#2576,#2577,#2578,#2579,
#2580,#2581,#2582,#2583,#2584,#2585,#2586,#2587,#2588,#2589,#2590,#2591,#2592,
#2593,#2594,#2595,#2596,#2597,#2598),.UNSPECIFIED.,.F.,.F.,(4,1,1,1,1,1,1,1,1,1,
1,1,1,1,1,1,1,1,1,1,1,1,4),(0.E0,1.5625E-2,3.125E-2,6.25E-2,9.375E-2,1.25E-1,
1.5625E-1,1.875E-1,2.5E-1,3.125E-1,3.75E-1,5.E-1,6.25E-1,6.875E-1,7.5E-1,
8.125E-1,8.4375E-1,8.75E-1,9.0625E-1,9.375E-1,9.6875E-1,9.84375E-1,1.E0),
.UNSPECIFIED.);
#2631=B_SPLINE_CURVE_WITH_KNOTS('661',3,(#2620,#2621,#2622,#2623,#2624,#2625,
#2626,#2627,#2628,#2629,#2630),.UNSPECIFIED.,.F.,.F.,(4,1,1,1,1,1,1,1,4),(0.E0,
1.25E-1,2.5E-1,3.75E-1,5.E-1,6.25E-1,7.5E-1,8.75E-1,1.E0),.UNSPECIFIED.);
#2647=B_SPLINE_CURVE_WITH_KNOTS('662',3,(#2636,#2637,#2638,#2639,#2640,#2641,
#2642,#2643,#2644,#2645,#2646),.UNSPECIFIED.,.F.,.F.,(4,1,1,1,1,1,1,1,4),(0.E0,
1.25E-1,2.5E-1,3.75E-1,5.E-1,6.25E-1,7.5E-1,8.75E-1,1.E0),.UNSPECIFIED.);
#2679=B_SPLINE_CURVE_WITH_KNOTS('663',3,(#2668,#2669,#2670,#2671,#2672,#2673,
#2674,#2675,#2676,#2677,#2678),.UNSPECIFIED.,.F.,.F.,(4,1,1,1,1,1,1,1,4),(0.E0,
1.25E-1,2.5E-1,3.75E-1,5.E-1,6.25E-1,7.5E-1,8.75E-1,1.E0),.UNSPECIFIED.);
#2699=B_SPLINE_CURVE_WITH_KNOTS('664',3,(#2688,#2689,#2690,#2691,#2692,#2693,
#2694,#2695,#2696,#2697,#2698),.UNSPECIFIED.,.F.,.F.,(4,1,1,1,1,1,1,1,4),(0.E0,
1.25E-1,2.5E-1,3.75E-1,5.E-1,6.25E-1,7.5E-1,8.75E-1,1.E0),.UNSPECIFIED.);
#2773=B_SPLINE_CURVE_WITH_KNOTS('637',3,(#2748,#2749,#2750,#2751,#2752,#2753,
#2754,#2755,#2756,#2757,#2758,#2759,#2760,#2761,#2762,#2763,#2764,#2765,#2766,
#2767,#2768,#2769,#2770,#2771,#2772),.UNSPECIFIED.,.F.,.F.,(4,1,1,1,1,1,1,1,1,1,
1,1,1,1,1,1,1,1,1,1,1,1,4),(0.E0,1.5625E-2,3.125E-2,6.25E-2,9.375E-2,1.25E-1,
1.5625E-1,1.875E-1,2.5E-1,3.125E-1,3.75E-1,5.E-1,6.25E-1,6.875E-1,7.5E-1,
8.125E-1,8.4375E-1,8.75E-1,9.0625E-1,9.375E-1,9.6875E-1,9.84375E-1,1.E0),
.UNSPECIFIED.);
#2799=B_SPLINE_CURVE_WITH_KNOTS('638',3,(#2774,#2775,#2776,#2777,#2778,#2779,
#2780,#2781,#2782,#2783,#2784,#2785,#2786,#2787,#2788,#2789,#2790,#2791,#2792,
#2793,#2794,#2795,#2796,#2797,#2798),.UNSPECIFIED.,.F.,.F.,(4,1,1,1,1,1,1,1,1,1,
1,1,1,1,1,1,1,1,1,1,1,1,4),(0.E0,1.5625E-2,3.125E-2,6.25E-2,9.375E-2,1.25E-1,
1.5625E-1,1.875E-1,2.5E-1,3.125E-1,3.75E-1,5.E-1,6.25E-1,6.875E-1,7.5E-1,
8.125E-1,8.4375E-1,8.75E-1,9.0625E-1,9.375E-1,9.6875E-1,9.84375E-1,1.E0),
.UNSPECIFIED.);
#2819=B_SPLINE_CURVE_WITH_KNOTS('881',3,(#2808,#2809,#2810,#2811,#2812,#2813,
#2814,#2815,#2816,#2817,#2818),.UNSPECIFIED.,.F.,.F.,(4,1,1,1,1,1,1,1,4),(0.E0,
1.25E-1,2.5E-1,3.75E-1,5.E-1,6.25E-1,7.5E-1,8.75E-1,1.E0),.UNSPECIFIED.);
#2835=B_SPLINE_CURVE_WITH_KNOTS('882',3,(#2824,#2825,#2826,#2827,#2828,#2829,
#2830,#2831,#2832,#2833,#2834),.UNSPECIFIED.,.F.,.F.,(4,1,1,1,1,1,1,1,4),(0.E0,
1.25E-1,2.5E-1,3.75E-1,5.E-1,6.25E-1,7.5E-1,8.75E-1,1.E0),.UNSPECIFIED.);
#2867=B_SPLINE_CURVE_WITH_KNOTS('883',3,(#2856,#2857,#2858,#2859,#2860,#2861,
#2862,#2863,#2864,#2865,#2866),.UNSPECIFIED.,.F.,.F.,(4,1,1,1,1,1,1,1,4),(0.E0,
1.25E-1,2.5E-1,3.75E-1,5.E-1,6.25E-1,7.5E-1,8.75E-1,1.E0),.UNSPECIFIED.);
#2887=B_SPLINE_CURVE_WITH_KNOTS('884',3,(#2876,#2877,#2878,#2879,#2880,#2881,
#2882,#2883,#2884,#2885,#2886),.UNSPECIFIED.,.F.,.F.,(4,1,1,1,1,1,1,1,4),(0.E0,
1.25E-1,2.5E-1,3.75E-1,5.E-1,6.25E-1,7.5E-1,8.75E-1,1.E0),.UNSPECIFIED.);
#2949=B_SPLINE_CURVE_WITH_KNOTS('857',3,(#2924,#2925,#2926,#2927,#2928,#2929,
#2930,#2931,#2932,#2933,#2934,#2935,#2936,#2937,#2938,#2939,#2940,#2941,#2942,
#2943,#2944,#2945,#2946,#2947,#2948),.UNSPECIFIED.,.F.,.F.,(4,1,1,1,1,1,1,1,1,1,
1,1,1,1,1,1,1,1,1,1,1,1,4),(0.E0,1.5625E-2,3.125E-2,6.25E-2,9.375E-2,1.25E-1,
1.5625E-1,1.875E-1,2.5E-1,3.125E-1,3.75E-1,5.E-1,6.25E-1,6.875E-1,7.5E-1,
8.125E-1,8.4375E-1,8.75E-1,9.0625E-1,9.375E-1,9.6875E-1,9.84375E-1,1.E0),
.UNSPECIFIED.);
#2975=B_SPLINE_CURVE_WITH_KNOTS('858',3,(#2950,#2951,#2952,#2953,#2954,#2955,
#2956,#2957,#2958,#2959,#2960,#2961,#2962,#2963,#2964,#2965,#2966,#2967,#2968,
#2969,#2970,#2971,#2972,#2973,#2974),.UNSPECIFIED.,.F.,.F.,(4,1,1,1,1,1,1,1,1,1,
1,1,1,1,1,1,1,1,1,1,1,1,4),(0.E0,1.5625E-2,3.125E-2,6.25E-2,9.375E-2,1.25E-1,
1.5625E-1,1.875E-1,2.5E-1,3.125E-1,3.75E-1,5.E-1,6.25E-1,6.875E-1,7.5E-1,
8.125E-1,8.4375E-1,8.75E-1,9.0625E-1,9.375E-1,9.6875E-1,9.84375E-1,1.E0),
.UNSPECIFIED.);
#3007=B_SPLINE_CURVE_WITH_KNOTS('705',3,(#2996,#2997,#2998,#2999,#3000,#3001,
#3002,#3003,#3004,#3005,#3006),.UNSPECIFIED.,.F.,.F.,(4,1,1,1,1,1,1,1,4),(0.E0,
1.25E-1,2.5E-1,3.75E-1,5.E-1,6.25E-1,7.5E-1,8.75E-1,1.E0),.UNSPECIFIED.);
#3023=B_SPLINE_CURVE_WITH_KNOTS('706',3,(#3012,#3013,#3014,#3015,#3016,#3017,
#3018,#3019,#3020,#3021,#3022),.UNSPECIFIED.,.F.,.F.,(4,1,1,1,1,1,1,1,4),(0.E0,
1.25E-1,2.5E-1,3.75E-1,5.E-1,6.25E-1,7.5E-1,8.75E-1,1.E0),.UNSPECIFIED.);
#3055=B_SPLINE_CURVE_WITH_KNOTS('707',3,(#3044,#3045,#3046,#3047,#3048,#3049,
#3050,#3051,#3052,#3053,#3054),.UNSPECIFIED.,.F.,.F.,(4,1,1,1,1,1,1,1,4),(0.E0,
1.25E-1,2.5E-1,3.75E-1,5.E-1,6.25E-1,7.5E-1,8.75E-1,1.E0),.UNSPECIFIED.);
#3075=B_SPLINE_CURVE_WITH_KNOTS('708',3,(#3064,#3065,#3066,#3067,#3068,#3069,
#3070,#3071,#3072,#3073,#3074),.UNSPECIFIED.,.F.,.F.,(4,1,1,1,1,1,1,1,4),(0.E0,
1.25E-1,2.5E-1,3.75E-1,5.E-1,6.25E-1,7.5E-1,8.75E-1,1.E0),.UNSPECIFIED.);
#3149=B_SPLINE_CURVE_WITH_KNOTS('681',3,(#3124,#3125,#3126,#3127,#3128,#3129,
#3130,#3131,#3132,#3133,#3134,#3135,#3136,#3137,#3138,#3139,#3140,#3141,#3142,
#3143,#3144,#3145,#3146,#3147,#3148),.UNSPECIFIED.,.F.,.F.,(4,1,1,1,1,1,1,1,1,1,
1,1,1,1,1,1,1,1,1,1,1,1,4),(0.E0,1.5625E-2,3.125E-2,6.25E-2,9.375E-2,1.25E-1,
1.5625E-1,1.875E-1,2.5E-1,3.125E-1,3.75E-1,5.E-1,6.25E-1,6.875E-1,7.5E-1,
8.125E-1,8.4375E-1,8.75E-1,9.0625E-1,9.375E-1,9.6875E-1,9.84375E-1,1.E0),
.UNSPECIFIED.);
#3175=B_SPLINE_CURVE_WITH_KNOTS('682',3,(#3150,#3151,#3152,#3153,#3154,#3155,
#3156,#3157,#3158,#3159,#3160,#3161,#3162,#3163,#3164,#3165,#3166,#3167,#3168,
#3169,#3170,#3171,#3172,#3173,#3174),.UNSPECIFIED.,.F.,.F.,(4,1,1,1,1,1,1,1,1,1,
1,1,1,1,1,1,1,1,1,1,1,1,4),(0.E0,1.5625E-2,3.125E-2,6.25E-2,9.375E-2,1.25E-1,
1.5625E-1,1.875E-1,2.5E-1,3.125E-1,3.75E-1,5.E-1,6.25E-1,6.875E-1,7.5E-1,
8.125E-1,8.4375E-1,8.75E-1,9.0625E-1,9.375E-1,9.6875E-1,9.84375E-1,1.E0),
.UNSPECIFIED.);
#3195=B_SPLINE_CURVE_WITH_KNOTS('925',3,(#3184,#3185,#3186,#3187,#3188,#3189,
#3190,#3191,#3192,#3193,#3194),.UNSPECIFIED.,.F.,.F.,(4,1,1,1,1,1,1,1,4),(0.E0,
1.25E-1,2.5E-1,3.75E-1,5.E-1,6.25E-1,7.5E-1,8.75E-1,1.E0),.UNSPECIFIED.);
#3211=B_SPLINE_CURVE_WITH_KNOTS('926',3,(#3200,#3201,#3202,#3203,#3204,#3205,
#3206,#3207,#3208,#3209,#3210),.UNSPECIFIED.,.F.,.F.,(4,1,1,1,1,1,1,1,4),(0.E0,
1.25E-1,2.5E-1,3.75E-1,5.E-1,6.25E-1,7.5E-1,8.75E-1,1.E0),.UNSPECIFIED.);
#3243=B_SPLINE_CURVE_WITH_KNOTS('927',3,(#3232,#3233,#3234,#3235,#3236,#3237,
#3238,#3239,#3240,#3241,#3242),.UNSPECIFIED.,.F.,.F.,(4,1,1,1,1,1,1,1,4),(0.E0,
1.25E-1,2.5E-1,3.75E-1,5.E-1,6.25E-1,7.5E-1,8.75E-1,1.E0),.UNSPECIFIED.);
#3263=B_SPLINE_CURVE_WITH_KNOTS('928',3,(#3252,#3253,#3254,#3255,#3256,#3257,
#3258,#3259,#3260,#3261,#3262),.UNSPECIFIED.,.F.,.F.,(4,1,1,1,1,1,1,1,4),(0.E0,
1.25E-1,2.5E-1,3.75E-1,5.E-1,6.25E-1,7.5E-1,8.75E-1,1.E0),.UNSPECIFIED.);
#3325=B_SPLINE_CURVE_WITH_KNOTS('901',3,(#3300,#3301,#3302,#3303,#3304,#3305,
#3306,#3307,#3308,#3309,#3310,#3311,#3312,#3313,#3314,#3315,#3316,#3317,#3318,
#3319,#3320,#3321,#3322,#3323,#3324),.UNSPECIFIED.,.F.,.F.,(4,1,1,1,1,1,1,1,1,1,
1,1,1,1,1,1,1,1,1,1,1,1,4),(0.E0,1.5625E-2,3.125E-2,6.25E-2,9.375E-2,1.25E-1,
1.5625E-1,1.875E-1,2.5E-1,3.125E-1,3.75E-1,5.E-1,6.25E-1,6.875E-1,7.5E-1,
8.125E-1,8.4375E-1,8.75E-1,9.0625E-1,9.375E-1,9.6875E-1,9.84375E-1,1.E0),
.UNSPECIFIED.);
#3351=B_SPLINE_CURVE_WITH_KNOTS('902',3,(#3326,#3327,#3328,#3329,#3330,#3331,
#3332,#3333,#3334,#3335,#3336,#3337,#3338,#3339,#3340,#3341,#3342,#3343,#3344,
#3345,#3346,#3347,#3348,#3349,#3350),.UNSPECIFIED.,.F.,.F.,(4,1,1,1,1,1,1,1,1,1,
1,1,1,1,1,1,1,1,1,1,1,1,4),(0.E0,1.5625E-2,3.125E-2,6.25E-2,9.375E-2,1.25E-1,
1.5625E-1,1.875E-1,2.5E-1,3.125E-1,3.75E-1,5.E-1,6.25E-1,6.875E-1,7.5E-1,
8.125E-1,8.4375E-1,8.75E-1,9.0625E-1,9.375E-1,9.6875E-1,9.84375E-1,1.E0),
.UNSPECIFIED.);
#3383=B_SPLINE_CURVE_WITH_KNOTS('749',3,(#3372,#3373,#3374,#3375,#3376,#3377,
#3378,#3379,#3380,#3381,#3382),.UNSPECIFIED.,.F.,.F.,(4,1,1,1,1,1,1,1,4),(0.E0,
1.25E-1,2.5E-1,3.75E-1,5.E-1,6.25E-1,7.5E-1,8.75E-1,1.E0),.UNSPECIFIED.);
#3399=B_SPLINE_CURVE_WITH_KNOTS('750',3,(#3388,#3389,#3390,#3391,#3392,#3393,
#3394,#3395,#3396,#3397,#3398),.UNSPECIFIED.,.F.,.F.,(4,1,1,1,1,1,1,1,4),(0.E0,
1.25E-1,2.5E-1,3.75E-1,5.E-1,6.25E-1,7.5E-1,8.75E-1,1.E0),.UNSPECIFIED.);
#3431=B_SPLINE_CURVE_WITH_KNOTS('751',3,(#3420,#3421,#3422,#3423,#3424,#3425,
#3426,#3427,#3428,#3429,#3430),.UNSPECIFIED.,.F.,.F.,(4,1,1,1,1,1,1,1,4),(0.E0,
1.25E-1,2.5E-1,3.75E-1,5.E-1,6.25E-1,7.5E-1,8.75E-1,1.E0),.UNSPECIFIED.);
#3451=B_SPLINE_CURVE_WITH_KNOTS('752',3,(#3440,#3441,#3442,#3443,#3444,#3445,
#3446,#3447,#3448,#3449,#3450),.UNSPECIFIED.,.F.,.F.,(4,1,1,1,1,1,1,1,4),(0.E0,
1.25E-1,2.5E-1,3.75E-1,5.E-1,6.25E-1,7.5E-1,8.75E-1,1.E0),.UNSPECIFIED.);
#3525=B_SPLINE_CURVE_WITH_KNOTS('725',3,(#3500,#3501,#3502,#3503,#3504,#3505,
#3506,#3507,#3508,#3509,#3510,#3511,#3512,#3513,#3514,#3515,#3516,#3517,#3518,
#3519,#3520,#3521,#3522,#3523,#3524),.UNSPECIFIED.,.F.,.F.,(4,1,1,1,1,1,1,1,1,1,
1,1,1,1,1,1,1,1,1,1,1,1,4),(0.E0,1.5625E-2,3.125E-2,6.25E-2,9.375E-2,1.25E-1,
1.5625E-1,1.875E-1,2.5E-1,3.125E-1,3.75E-1,5.E-1,6.25E-1,6.875E-1,7.5E-1,
8.125E-1,8.4375E-1,8.75E-1,9.0625E-1,9.375E-1,9.6875E-1,9.84375E-1,1.E0),
.UNSPECIFIED.);
#3551=B_SPLINE_CURVE_WITH_KNOTS('726',3,(#3526,#3527,#3528,#3529,#3530,#3531,
#3532,#3533,#3534,#3535,#3536,#3537,#3538,#3539,#3540,#3541,#3542,#3543,#3544,
#3545,#3546,#3547,#3548,#3549,#3550),.UNSPECIFIED.,.F.,.F.,(4,1,1,1,1,1,1,1,1,1,
1,1,1,1,1,1,1,1,1,1,1,1,4),(0.E0,1.5625E-2,3.125E-2,6.25E-2,9.375E-2,1.25E-1,
1.5625E-1,1.875E-1,2.5E-1,3.125E-1,3.75E-1,5.E-1,6.25E-1,6.875E-1,7.5E-1,
8.125E-1,8.4375E-1,8.75E-1,9.0625E-1,9.375E-1,9.6875E-1,9.84375E-1,1.E0),
.UNSPECIFIED.);
#3571=B_SPLINE_CURVE_WITH_KNOTS('969',3,(#3560,#3561,#3562,#3563,#3564,#3565,
#3566,#3567,#3568,#3569,#3570),.UNSPECIFIED.,.F.,.F.,(4,1,1,1,1,1,1,1,4),(0.E0,
1.25E-1,2.5E-1,3.75E-1,5.E-1,6.25E-1,7.5E-1,8.75E-1,1.E0),.UNSPECIFIED.);
#3587=B_SPLINE_CURVE_WITH_KNOTS('970',3,(#3576,#3577,#3578,#3579,#3580,#3581,
#3582,#3583,#3584,#3585,#3586),.UNSPECIFIED.,.F.,.F.,(4,1,1,1,1,1,1,1,4),(0.E0,
1.25E-1,2.5E-1,3.75E-1,5.E-1,6.25E-1,7.5E-1,8.75E-1,1.E0),.UNSPECIFIED.);
#3619=B_SPLINE_CURVE_WITH_KNOTS('971',3,(#3608,#3609,#3610,#3611,#3612,#3613,
#3614,#3615,#3616,#3617,#3618),.UNSPECIFIED.,.F.,.F.,(4,1,1,1,1,1,1,1,4),(0.E0,
1.25E-1,2.5E-1,3.75E-1,5.E-1,6.25E-1,7.5E-1,8.75E-1,1.E0),.UNSPECIFIED.);
#3639=B_SPLINE_CURVE_WITH_KNOTS('972',3,(#3628,#3629,#3630,#3631,#3632,#3633,
#3634,#3635,#3636,#3637,#3638),.UNSPECIFIED.,.F.,.F.,(4,1,1,1,1,1,1,1,4),(0.E0,
1.25E-1,2.5E-1,3.75E-1,5.E-1,6.25E-1,7.5E-1,8.75E-1,1.E0),.UNSPECIFIED.);
#3701=B_SPLINE_CURVE_WITH_KNOTS('945',3,(#3676,#3677,#3678,#3679,#3680,#3681,
#3682,#3683,#3684,#3685,#3686,#3687,#3688,#3689,#3690,#3691,#3692,#3693,#3694,
#3695,#3696,#3697,#3698,#3699,#3700),.UNSPECIFIED.,.F.,.F.,(4,1,1,1,1,1,1,1,1,1,
1,1,1,1,1,1,1,1,1,1,1,1,4),(0.E0,1.5625E-2,3.125E-2,6.25E-2,9.375E-2,1.25E-1,
1.5625E-1,1.875E-1,2.5E-1,3.125E-1,3.75E-1,5.E-1,6.25E-1,6.875E-1,7.5E-1,
8.125E-1,8.4375E-1,8.75E-1,9.0625E-1,9.375E-1,9.6875E-1,9.84375E-1,1.E0),
.UNSPECIFIED.);
#3727=B_SPLINE_CURVE_WITH_KNOTS('946',3,(#3702,#3703,#3704,#3705,#3706,#3707,
#3708,#3709,#3710,#3711,#3712,#3713,#3714,#3715,#3716,#3717,#3718,#3719,#3720,
#3721,#3722,#3723,#3724,#3725,#3726),.UNSPECIFIED.,.F.,.F.,(4,1,1,1,1,1,1,1,1,1,
1,1,1,1,1,1,1,1,1,1,1,1,4),(0.E0,1.5625E-2,3.125E-2,6.25E-2,9.375E-2,1.25E-1,
1.5625E-1,1.875E-1,2.5E-1,3.125E-1,3.75E-1,5.E-1,6.25E-1,6.875E-1,7.5E-1,
8.125E-1,8.4375E-1,8.75E-1,9.0625E-1,9.375E-1,9.6875E-1,9.84375E-1,1.E0),
.UNSPECIFIED.);
#3759=B_SPLINE_CURVE_WITH_KNOTS('793',3,(#3748,#3749,#3750,#3751,#3752,#3753,
#3754,#3755,#3756,#3757,#3758),.UNSPECIFIED.,.F.,.F.,(4,1,1,1,1,1,1,1,4),(0.E0,
1.25E-1,2.5E-1,3.75E-1,5.E-1,6.25E-1,7.5E-1,8.75E-1,1.E0),.UNSPECIFIED.);
#3775=B_SPLINE_CURVE_WITH_KNOTS('794',3,(#3764,#3765,#3766,#3767,#3768,#3769,
#3770,#3771,#3772,#3773,#3774),.UNSPECIFIED.,.F.,.F.,(4,1,1,1,1,1,1,1,4),(0.E0,
1.25E-1,2.5E-1,3.75E-1,5.E-1,6.25E-1,7.5E-1,8.75E-1,1.E0),.UNSPECIFIED.);
#3807=B_SPLINE_CURVE_WITH_KNOTS('795',3,(#3796,#3797,#3798,#3799,#3800,#3801,
#3802,#3803,#3804,#3805,#3806),.UNSPECIFIED.,.F.,.F.,(4,1,1,1,1,1,1,1,4),(0.E0,
1.25E-1,2.5E-1,3.75E-1,5.E-1,6.25E-1,7.5E-1,8.75E-1,1.E0),.UNSPECIFIED.);
#3827=B_SPLINE_CURVE_WITH_KNOTS('796',3,(#3816,#3817,#3818,#3819,#3820,#3821,
#3822,#3823,#3824,#3825,#3826),.UNSPECIFIED.,.F.,.F.,(4,1,1,1,1,1,1,1,4),(0.E0,
1.25E-1,2.5E-1,3.75E-1,5.E-1,6.25E-1,7.5E-1,8.75E-1,1.E0),.UNSPECIFIED.);
#3901=B_SPLINE_CURVE_WITH_KNOTS('769',3,(#3876,#3877,#3878,#3879,#3880,#3881,
#3882,#3883,#3884,#3885,#3886,#3887,#3888,#3889,#3890,#3891,#3892,#3893,#3894,
#3895,#3896,#3897,#3898,#3899,#3900),.UNSPECIFIED.,.F.,.F.,(4,1,1,1,1,1,1,1,1,1,
1,1,1,1,1,1,1,1,1,1,1,1,4),(0.E0,1.5625E-2,3.125E-2,6.25E-2,9.375E-2,1.25E-1,
1.5625E-1,1.875E-1,2.5E-1,3.125E-1,3.75E-1,5.E-1,6.25E-1,6.875E-1,7.5E-1,
8.125E-1,8.4375E-1,8.75E-1,9.0625E-1,9.375E-1,9.6875E-1,9.84375E-1,1.E0),
.UNSPECIFIED.);
#3927=B_SPLINE_CURVE_WITH_KNOTS('770',3,(#3902,#3903,#3904,#3905,#3906,#3907,
#3908,#3909,#3910,#3911,#3912,#3913,#3914,#3915,#3916,#3917,#3918,#3919,#3920,
#3921,#3922,#3923,#3924,#3925,#3926),.UNSPECIFIED.,.F.,.F.,(4,1,1,1,1,1,1,1,1,1,
1,1,1,1,1,1,1,1,1,1,1,1,4),(0.E0,1.5625E-2,3.125E-2,6.25E-2,9.375E-2,1.25E-1,
1.5625E-1,1.875E-1,2.5E-1,3.125E-1,3.75E-1,5.E-1,6.25E-1,6.875E-1,7.5E-1,
8.125E-1,8.4375E-1,8.75E-1,9.0625E-1,9.375E-1,9.6875E-1,9.84375E-1,1.E0),
.UNSPECIFIED.);
#3947=B_SPLINE_CURVE_WITH_KNOTS('1013',3,(#3936,#3937,#3938,#3939,#3940,#3941,
#3942,#3943,#3944,#3945,#3946),.UNSPECIFIED.,.F.,.F.,(4,1,1,1,1,1,1,1,4),(0.E0,
1.25E-1,2.5E-1,3.75E-1,5.E-1,6.25E-1,7.5E-1,8.75E-1,1.E0),.UNSPECIFIED.);
#3963=B_SPLINE_CURVE_WITH_KNOTS('1014',3,(#3952,#3953,#3954,#3955,#3956,#3957,
#3958,#3959,#3960,#3961,#3962),.UNSPECIFIED.,.F.,.F.,(4,1,1,1,1,1,1,1,4),(0.E0,
1.25E-1,2.5E-1,3.75E-1,5.E-1,6.25E-1,7.5E-1,8.75E-1,1.E0),.UNSPECIFIED.);
#3995=B_SPLINE_CURVE_WITH_KNOTS('1015',3,(#3984,#3985,#3986,#3987,#3988,#3989,
#3990,#3991,#3992,#3993,#3994),.UNSPECIFIED.,.F.,.F.,(4,1,1,1,1,1,1,1,4),(0.E0,
1.25E-1,2.5E-1,3.75E-1,5.E-1,6.25E-1,7.5E-1,8.75E-1,1.E0),.UNSPECIFIED.);
#4015=B_SPLINE_CURVE_WITH_KNOTS('1016',3,(#4004,#4005,#4006,#4007,#4008,#4009,
#4010,#4011,#4012,#4013,#4014),.UNSPECIFIED.,.F.,.F.,(4,1,1,1,1,1,1,1,4),(0.E0,
1.25E-1,2.5E-1,3.75E-1,5.E-1,6.25E-1,7.5E-1,8.75E-1,1.E0),.UNSPECIFIED.);
#4077=B_SPLINE_CURVE_WITH_KNOTS('989',3,(#4052,#4053,#4054,#4055,#4056,#4057,
#4058,#4059,#4060,#4061,#4062,#4063,#4064,#4065,#4066,#4067,#4068,#4069,#4070,
#4071,#4072,#4073,#4074,#4075,#4076),.UNSPECIFIED.,.F.,.F.,(4,1,1,1,1,1,1,1,1,1,
1,1,1,1,1,1,1,1,1,1,1,1,4),(0.E0,1.5625E-2,3.125E-2,6.25E-2,9.375E-2,1.25E-1,
1.5625E-1,1.875E-1,2.5E-1,3.125E-1,3.75E-1,5.E-1,6.25E-1,6.875E-1,7.5E-1,
8.125E-1,8.4375E-1,8.75E-1,9.0625E-1,9.375E-1,9.6875E-1,9.84375E-1,1.E0),
.UNSPECIFIED.);
#4103=B_SPLINE_CURVE_WITH_KNOTS('990',3,(#4078,#4079,#4080,#4081,#4082,#4083,
#4084,#4085,#4086,#4087,#4088,#4089,#4090,#4091,#4092,#4093,#4094,#4095,#4096,
#4097,#4098,#4099,#4100,#4101,#4102),.UNSPECIFIED.,.F.,.F.,(4,1,1,1,1,1,1,1,1,1,
1,1,1,1,1,1,1,1,1,1,1,1,4),(0.E0,1.5625E-2,3.125E-2,6.25E-2,9.375E-2,1.25E-1,
1.5625E-1,1.875E-1,2.5E-1,3.125E-1,3.75E-1,5.E-1,6.25E-1,6.875E-1,7.5E-1,
8.125E-1,8.4375E-1,8.75E-1,9.0625E-1,9.375E-1,9.6875E-1,9.84375E-1,1.E0),
.UNSPECIFIED.);
#4124=CIRCLE('583',#4123,3.8E-1);
#4129=CIRCLE('582',#4128,3.8E-1);
#4975=EDGE_CURVE('467',#4378,#4379,#4,.T.);
#4977=EDGE_CURVE('473',#4379,#4132,#8,.T.);
#4979=EDGE_CURVE('302',#4132,#4133,#12,.T.);
#4981=EDGE_CURVE('303',#4133,#4135,#16,.T.);
#4983=EDGE_CURVE('304',#4135,#4137,#20,.T.);
#4985=EDGE_CURVE('468',#4137,#4378,#24,.T.);
#4995=EDGE_CURVE('466',#4374,#4375,#44,.T.);
#4997=EDGE_CURVE('476',#4375,#4379,#307,.T.);
#5000=EDGE_CURVE('478',#4374,#4378,#61,.T.);
#5010=EDGE_CURVE('566',#4510,#4511,#28,.T.);
#5012=EDGE_CURVE('569',#4519,#4511,#32,.T.);
#5014=EDGE_CURVE('575',#4519,#4383,#36,.T.);
#5016=EDGE_CURVE('472',#4383,#4375,#40,.T.);
#5019=EDGE_CURVE('576',#4374,#4510,#48,.T.);
#5030=EDGE_CURVE('570',#4510,#4521,#56,.T.);
#5032=EDGE_CURVE('578',#4521,#4511,#52,.T.);
#5046=EDGE_CURVE('320',#4137,#4172,#65,.T.);
#5048=EDGE_CURVE('317',#4172,#4173,#69,.T.);
#5050=EDGE_CURVE('318',#4173,#4175,#73,.T.);
#5052=EDGE_CURVE('319',#4177,#4175,#77,.T.);
#5054=EDGE_CURVE('321',#4177,#4153,#81,.T.);
#5056=EDGE_CURVE('413',#4153,#4291,#213,.T.);
#5058=EDGE_CURVE('411',#4291,#4298,#85,.T.);
#5060=EDGE_CURVE('410',#4298,#4299,#89,.T.);
#5062=EDGE_CURVE('412',#4295,#4299,#93,.T.);
#5064=EDGE_CURVE('414',#4295,#4156,#558,.T.);
#5066=EDGE_CURVE('333',#4188,#4156,#534,.T.);
#5068=EDGE_CURVE('329',#4188,#4189,#97,.T.);
#5070=EDGE_CURVE('330',#4189,#4191,#101,.T.);
#5072=EDGE_CURVE('331',#4193,#4191,#105,.T.);
#5074=EDGE_CURVE('332',#4140,#4193,#398,.T.);
#5076=EDGE_CURVE('469',#4366,#4140,#374,.T.);
#5078=EDGE_CURVE('477',#4366,#4370,#110,.T.);
#5080=EDGE_CURVE('577',#4514,#4370,#320,.T.);
#5082=EDGE_CURVE('571',#4514,#4523,#114,.T.);
#5084=EDGE_CURVE('572',#4523,#4521,#118,.T.);
#5088=EDGE_CURVE('479',#4386,#4387,#2259,.T.);
#5090=EDGE_CURVE('482',#4391,#4386,#2351,.T.);
#5092=EDGE_CURVE('481',#4389,#4391,#2311,.T.);
#5094=EDGE_CURVE('480',#4387,#4389,#2291,.T.);
#5098=EDGE_CURVE('483',#4394,#4395,#2447,.T.);
#5100=EDGE_CURVE('486',#4399,#4394,#2539,.T.);
#5102=EDGE_CURVE('485',#4397,#4399,#2499,.T.);
#5104=EDGE_CURVE('484',#4395,#4397,#2479,.T.);
#5108=EDGE_CURVE('487',#4402,#4403,#2635,.T.);
#5110=EDGE_CURVE('490',#4407,#4402,#2727,.T.);
#5112=EDGE_CURVE('489',#4405,#4407,#2687,.T.);
#5114=EDGE_CURVE('488',#4403,#4405,#2667,.T.);
#5118=EDGE_CURVE('491',#4410,#4411,#2823,.T.);
#5120=EDGE_CURVE('494',#4415,#4410,#2915,.T.);
#5122=EDGE_CURVE('493',#4413,#4415,#2875,.T.);
#5124=EDGE_CURVE('492',#4411,#4413,#2855,.T.);
#5128=EDGE_CURVE('495',#4418,#4419,#3011,.T.);
#5130=EDGE_CURVE('498',#4423,#4418,#3103,.T.);
#5132=EDGE_CURVE('497',#4421,#4423,#3063,.T.);
#5134=EDGE_CURVE('496',#4419,#4421,#3043,.T.);
#5138=EDGE_CURVE('499',#4426,#4427,#3199,.T.);
#5140=EDGE_CURVE('502',#4431,#4426,#3291,.T.);
#5142=EDGE_CURVE('501',#4429,#4431,#3251,.T.);
#5144=EDGE_CURVE('500',#4427,#4429,#3231,.T.);
#5148=EDGE_CURVE('503',#4434,#4435,#3387,.T.);
#5150=EDGE_CURVE('506',#4439,#4434,#3479,.T.);
#5152=EDGE_CURVE('505',#4437,#4439,#3439,.T.);
#5154=EDGE_CURVE('504',#4435,#4437,#3419,.T.);
#5158=EDGE_CURVE('507',#4442,#4443,#3575,.T.);
#5160=EDGE_CURVE('510',#4447,#4442,#3667,.T.);
#5162=EDGE_CURVE('509',#4445,#4447,#3627,.T.);
#5164=EDGE_CURVE('508',#4443,#4445,#3607,.T.);
#5168=EDGE_CURVE('511',#4450,#4451,#3763,.T.);
#5170=EDGE_CURVE('514',#4455,#4450,#3855,.T.);
#5172=EDGE_CURVE('513',#4453,#4455,#3815,.T.);
#5174=EDGE_CURVE('512',#4451,#4453,#3795,.T.);
#5178=EDGE_CURVE('515',#4458,#4459,#3951,.T.);
#5180=EDGE_CURVE('518',#4463,#4458,#4043,.T.);
#5182=EDGE_CURVE('517',#4461,#4463,#4003,.T.);
#5184=EDGE_CURVE('516',#4459,#4461,#3983,.T.);
#5188=EDGE_CURVE('580',#4526,#4527,#123,.T.);
#5190=EDGE_CURVE('581',#4527,#4526,#128,.T.);
#5200=EDGE_CURVE('385',#4271,#4267,#132,.T.);
#5202=EDGE_CURVE('395',#4271,#4164,#1063,.T.);
#5204=EDGE_CURVE('323',#4172,#4164,#1091,.T.);
#5208=EDGE_CURVE('392',#4135,#4267,#136,.T.);
#5218=EDGE_CURVE('402',#4283,#4266,#152,.T.);
#5220=EDGE_CURVE('407',#4283,#4287,#140,.T.);
#5222=EDGE_CURVE('405',#4278,#4287,#805,.T.);
#5224=EDGE_CURVE('399',#4278,#4274,#1031,.T.);
#5226=EDGE_CURVE('388',#4271,#4274,#1067,.T.);
#5229=EDGE_CURVE('383',#4266,#4267,#2235,.T.);
#5239=EDGE_CURVE('400',#4262,#4281,#144,.T.);
#5241=EDGE_CURVE('401',#4281,#4283,#148,.T.);
#5244=EDGE_CURVE('390',#4133,#4266,#2239,.T.);
#5247=EDGE_CURVE('372',#4132,#4230,#156,.T.);
#5249=EDGE_CURVE('356',#4230,#4231,#160,.T.);
#5251=EDGE_CURVE('357',#4231,#4233,#164,.T.);
#5253=EDGE_CURVE('358',#4235,#4233,#168,.T.);
#5255=EDGE_CURVE('373',#4235,#4148,#172,.T.);
#5257=EDGE_CURVE('308',#4148,#4149,#225,.T.);
#5259=EDGE_CURVE('391',#4262,#4149,#180,.T.);
#5270=EDGE_CURVE('382',#4262,#4263,#176,.T.);
#5272=EDGE_CURVE('384',#4269,#4263,#1071,.T.);
#5274=EDGE_CURVE('387',#4269,#4275,#1043,.T.);
#5276=EDGE_CURVE('398',#4275,#4279,#1035,.T.);
#5278=EDGE_CURVE('403',#4279,#4285,#789,.T.);
#5280=EDGE_CURVE('406',#4281,#4285,#2203,.T.);
#5292=EDGE_CURVE('309',#4149,#4151,#221,.T.);
#5294=EDGE_CURVE('393',#4263,#4151,#1075,.T.);
#5304=EDGE_CURVE('519',#4466,#4467,#184,.T.);
#5306=EDGE_CURVE('520',#4467,#4469,#188,.T.);
#5308=EDGE_CURVE('564',#4216,#4469,#192,.T.);
#5310=EDGE_CURVE('344',#4216,#4217,#196,.T.);
#5312=EDGE_CURVE('345',#4217,#4219,#201,.T.);
#5314=EDGE_CURVE('556',#4219,#4290,#205,.T.);
#5316=EDGE_CURVE('408',#4290,#4291,#209,.T.);
#5319=EDGE_CURVE('310',#4151,#4153,#217,.T.);
#5323=EDGE_CURVE('565',#4466,#4148,#229,.T.);
#5334=EDGE_CURVE('522',#4466,#4472,#237,.T.);
#5336=EDGE_CURVE('524',#4472,#4475,#265,.T.);
#5338=EDGE_CURVE('526',#4467,#4475,#269,.T.);
#5348=EDGE_CURVE('521',#4472,#4473,#233,.T.);
#5353=EDGE_CURVE('365',#4251,#4235,#241,.T.);
#5355=EDGE_CURVE('377',#4251,#4204,#245,.T.);
#5357=EDGE_CURVE('351',#4204,#4221,#249,.T.);
#5359=EDGE_CURVE('346',#4216,#4221,#253,.T.);
#5362=EDGE_CURVE('523',#4469,#4473,#257,.T.);
#5373=EDGE_CURVE('525',#4475,#4473,#261,.T.);
#5397=EDGE_CURVE('380',#4233,#4259,#273,.T.);
#5399=EDGE_CURVE('371',#4251,#4259,#793,.T.);
#5411=EDGE_CURVE('378',#4231,#4257,#277,.T.);
#5413=EDGE_CURVE('370',#4257,#4259,#797,.T.);
#5425=EDGE_CURVE('363',#4247,#4230,#302,.T.);
#5427=EDGE_CURVE('369',#4247,#4257,#801,.T.);
#5438=EDGE_CURVE('471',#4371,#4381,#328,.T.);
#5440=EDGE_CURVE('475',#4367,#4371,#282,.T.);
#5442=EDGE_CURVE('470',#4145,#4367,#390,.T.);
#5444=EDGE_CURVE('374',#4145,#4238,#286,.T.);
#5446=EDGE_CURVE('362',#4238,#4245,#290,.T.);
#5448=EDGE_CURVE('460',#4359,#4245,#294,.T.);
#5450=EDGE_CURVE('456',#4358,#4359,#1107,.T.);
#5452=EDGE_CURVE('463',#4358,#4247,#298,.T.);
#5459=EDGE_CURVE('474',#4381,#4383,#312,.T.);
#5469=EDGE_CURVE('567',#4514,#4515,#316,.T.);
#5472=EDGE_CURVE('465',#4370,#4371,#324,.T.);
#5475=EDGE_CURVE('574',#4517,#4381,#332,.T.);
#5477=EDGE_CURVE('568',#4515,#4517,#336,.T.);
#5488=EDGE_CURVE('579',#4523,#4515,#340,.T.);
#5500=EDGE_CURVE('573',#4517,#4519,#366,.T.);
#5526=EDGE_CURVE('464',#4366,#4367,#370,.T.);
#5541=EDGE_CURVE('305',#4140,#4141,#378,.T.);
#5543=EDGE_CURVE('306',#4141,#4143,#382,.T.);
#5545=EDGE_CURVE('307',#4143,#4145,#386,.T.);
#5556=EDGE_CURVE('533',#4493,#4479,#394,.T.);
#5558=EDGE_CURVE('537',#4141,#4479,#2231,.T.);
#5562=EDGE_CURVE('337',#4193,#4185,#402,.T.);
#5564=EDGE_CURVE('539',#4185,#4493,#490,.T.);
#5574=EDGE_CURVE('550',#4487,#4501,#406,.T.);
#5576=EDGE_CURVE('547',#4497,#4501,#434,.T.);
#5578=EDGE_CURVE('545',#4478,#4497,#466,.T.);
#5580=EDGE_CURVE('527',#4478,#4479,#2227,.T.);
#5583=EDGE_CURVE('535',#4486,#4493,#486,.T.);
#5585=EDGE_CURVE('531',#4486,#4487,#478,.T.);
#5595=EDGE_CURVE('552',#4501,#4503,#410,.T.);
#5598=EDGE_CURVE('542',#4487,#4197,#414,.T.);
#5600=EDGE_CURVE('461',#4197,#4363,#1095,.T.);
#5602=EDGE_CURVE('458',#4359,#4363,#1111,.T.);
#5605=EDGE_CURVE('366',#4245,#4253,#418,.T.);
#5607=EDGE_CURVE('367',#4253,#4255,#422,.T.);
#5609=EDGE_CURVE('368',#4249,#4255,#426,.T.);
#5611=EDGE_CURVE('376',#4249,#4201,#705,.T.);
#5613=EDGE_CURVE('339',#4200,#4201,#693,.T.);
#5615=EDGE_CURVE('541',#4200,#4490,#430,.T.);
#5617=EDGE_CURVE('549',#4503,#4490,#474,.T.);
#5627=EDGE_CURVE('551',#4497,#4499,#438,.T.);
#5631=EDGE_CURVE('548',#4499,#4503,#470,.T.);
#5642=EDGE_CURVE('546',#4499,#4482,#442,.T.);
#5644=EDGE_CURVE('530',#4482,#4159,#446,.T.);
#5646=EDGE_CURVE('313',#4159,#4161,#546,.T.);
#5648=EDGE_CURVE('375',#4243,#4161,#713,.T.);
#5650=EDGE_CURVE('361',#4243,#4241,#450,.T.);
#5652=EDGE_CURVE('360',#4239,#4241,#454,.T.);
#5654=EDGE_CURVE('359',#4238,#4239,#458,.T.);
#5658=EDGE_CURVE('529',#4143,#4478,#462,.T.);
#5672=EDGE_CURVE('532',#4490,#4491,#482,.T.);
#5674=EDGE_CURVE('536',#4495,#4491,#510,.T.);
#5676=EDGE_CURVE('534',#4495,#4483,#530,.T.);
#5678=EDGE_CURVE('528',#4482,#4483,#2219,.T.);
#5689=EDGE_CURVE('543',#4486,#4491,#514,.T.);
#5692=EDGE_CURVE('544',#4487,#4490,#845,.T.);
#5704=EDGE_CURVE('328',#4183,#4185,#494,.T.);
#5706=EDGE_CURVE('327',#4181,#4183,#498,.T.);
#5708=EDGE_CURVE('326',#4180,#4181,#502,.T.);
#5710=EDGE_CURVE('540',#4495,#4180,#506,.T.);
#5723=EDGE_CURVE('336',#4191,#4183,#518,.T.);
#5736=EDGE_CURVE('335',#4189,#4181,#522,.T.);
#5749=EDGE_CURVE('334',#4188,#4180,#526,.T.);
#5765=EDGE_CURVE('311',#4156,#4157,#554,.T.);
#5767=EDGE_CURVE('538',#4483,#4157,#2223,.T.);
#5777=EDGE_CURVE('409',#4294,#4295,#538,.T.);
#5779=EDGE_CURVE('415',#4161,#4294,#542,.T.);
#5782=EDGE_CURVE('312',#4157,#4159,#550,.T.);
#5794=EDGE_CURVE('441',#4344,#4345,#562,.T.);
#5796=EDGE_CURVE('447',#4294,#4344,#697,.T.);
#5800=EDGE_CURVE('449',#4299,#4347,#635,.T.);
#5802=EDGE_CURVE('442',#4347,#4345,#566,.T.);
#5813=EDGE_CURVE('452',#4333,#4345,#570,.T.);
#5815=EDGE_CURVE('429',#4331,#4333,#574,.T.);
#5817=EDGE_CURVE('428',#4329,#4331,#579,.T.);
#5819=EDGE_CURVE('427',#4327,#4329,#583,.T.);
#5821=EDGE_CURVE('426',#4325,#4327,#587,.T.);
#5823=EDGE_CURVE('425',#4323,#4325,#591,.T.);
#5825=EDGE_CURVE('424',#4321,#4323,#595,.T.);
#5827=EDGE_CURVE('423',#4320,#4321,#599,.T.);
#5829=EDGE_CURVE('431',#4337,#4320,#603,.T.);
#5831=EDGE_CURVE('430',#4336,#4337,#607,.T.);
#5833=EDGE_CURVE('453',#4344,#4336,#611,.T.);
#5844=EDGE_CURVE('446',#4347,#4355,#631,.T.);
#5846=EDGE_CURVE('455',#4355,#4333,#615,.T.);
#5857=EDGE_CURVE('443',#4350,#4351,#619,.T.);
#5859=EDGE_CURVE('444',#4341,#4351,#623,.T.);
#5861=EDGE_CURVE('448',#4341,#4354,#813,.T.);
#5863=EDGE_CURVE('445',#4354,#4355,#627,.T.);
#5868=EDGE_CURVE('416',#4301,#4298,#639,.T.);
#5870=EDGE_CURVE('553',#4505,#4301,#761,.T.);
#5872=EDGE_CURVE('555',#4505,#4507,#644,.T.);
#5874=EDGE_CURVE('561',#4507,#4350,#749,.T.);
#5885=EDGE_CURVE('560',#4309,#4350,#672,.T.);
#5887=EDGE_CURVE('435',#4309,#4325,#648,.T.);
#5890=EDGE_CURVE('454',#4351,#4327,#2207,.T.);
#5900=EDGE_CURVE('563',#4316,#4201,#701,.T.);
#5902=EDGE_CURVE('421',#4316,#4317,#652,.T.);
#5904=EDGE_CURVE('422',#4317,#4304,#656,.T.);
#5906=EDGE_CURVE('417',#4304,#4305,#660,.T.);
#5908=EDGE_CURVE('418',#4305,#4307,#664,.T.);
#5910=EDGE_CURVE('419',#4307,#4309,#668,.T.);
#5913=EDGE_CURVE('559',#4340,#4350,#745,.T.);
#5915=EDGE_CURVE('440',#4340,#4341,#817,.T.);
#5917=EDGE_CURVE('450',#4341,#4312,#676,.T.);
#5919=EDGE_CURVE('420',#4312,#4313,#681,.T.);
#5921=EDGE_CURVE('451',#4313,#4354,#685,.T.);
#5923=EDGE_CURVE('584',#4354,#4200,#689,.T.);
#5936=EDGE_CURVE('438',#4316,#4336,#717,.T.);
#5940=EDGE_CURVE('364',#4243,#4249,#709,.T.);
#5955=EDGE_CURVE('439',#4317,#4337,#721,.T.);
#5968=EDGE_CURVE('432',#4304,#4320,#725,.T.);
#5981=EDGE_CURVE('433',#4305,#4321,#729,.T.);
#5994=EDGE_CURVE('434',#4307,#4323,#733,.T.);
#6019=EDGE_CURVE('381',#4255,#4241,#737,.T.);
#6032=EDGE_CURVE('379',#4253,#4239,#741,.T.);
#6056=EDGE_CURVE('558',#4507,#4213,#753,.T.);
#6058=EDGE_CURVE('353',#4213,#4227,#1009,.T.);
#6060=EDGE_CURVE('562',#4340,#4227,#821,.T.);
#6071=EDGE_CURVE('557',#4505,#4211,#757,.T.);
#6073=EDGE_CURVE('343',#4211,#4213,#1014,.T.);
#6085=EDGE_CURVE('554',#4290,#4301,#765,.T.);
#6088=EDGE_CURVE('355',#4219,#4209,#769,.T.);
#6090=EDGE_CURVE('342',#4209,#4211,#1018,.T.);
#6114=EDGE_CURVE('354',#4217,#4208,#773,.T.);
#6116=EDGE_CURVE('341',#4208,#4209,#1023,.T.);
#6129=EDGE_CURVE('347',#4223,#4221,#777,.T.);
#6131=EDGE_CURVE('349',#4223,#4226,#829,.T.);
#6133=EDGE_CURVE('352',#4226,#4208,#1027,.T.);
#6146=EDGE_CURVE('340',#4204,#4205,#781,.T.);
#6148=EDGE_CURVE('350',#4205,#4223,#785,.T.);
#6159=EDGE_CURVE('396',#4205,#4279,#833,.T.);
#6167=EDGE_CURVE('459',#4358,#4362,#1119,.T.);
#6169=EDGE_CURVE('462',#4362,#4196,#1103,.T.);
#6171=EDGE_CURVE('397',#4278,#4196,#841,.T.);
#6174=EDGE_CURVE('404',#4285,#4287,#809,.T.);
#6189=EDGE_CURVE('348',#4226,#4227,#825,.T.);
#6194=EDGE_CURVE('389',#4278,#4279,#837,.T.);
#6197=EDGE_CURVE('338',#4196,#4197,#1099,.T.);
#6203=EDGE_CURVE('609',#4560,#4561,#849,.T.);
#6205=EDGE_CURVE('612',#4565,#4561,#853,.T.);
#6207=EDGE_CURVE('610',#4564,#4565,#857,.T.);
#6209=EDGE_CURVE('611',#4564,#4560,#861,.T.);
#6213=EDGE_CURVE('653',#4604,#4605,#865,.T.);
#6215=EDGE_CURVE('656',#4609,#4605,#869,.T.);
#6217=EDGE_CURVE('654',#4608,#4609,#873,.T.);
#6219=EDGE_CURVE('655',#4608,#4604,#877,.T.);
#6223=EDGE_CURVE('697',#4648,#4649,#881,.T.);
#6225=EDGE_CURVE('700',#4653,#4649,#885,.T.);
#6227=EDGE_CURVE('698',#4652,#4653,#889,.T.);
#6229=EDGE_CURVE('699',#4652,#4648,#893,.T.);
#6233=EDGE_CURVE('741',#4692,#4693,#897,.T.);
#6235=EDGE_CURVE('744',#4697,#4693,#901,.T.);
#6237=EDGE_CURVE('742',#4696,#4697,#905,.T.);
#6239=EDGE_CURVE('743',#4696,#4692,#909,.T.);
#6243=EDGE_CURVE('785',#4736,#4737,#913,.T.);
#6245=EDGE_CURVE('788',#4741,#4737,#917,.T.);
#6247=EDGE_CURVE('786',#4740,#4741,#921,.T.);
#6249=EDGE_CURVE('787',#4740,#4736,#925,.T.);
#6253=EDGE_CURVE('829',#4780,#4781,#929,.T.);
#6255=EDGE_CURVE('832',#4785,#4781,#933,.T.);
#6257=EDGE_CURVE('830',#4784,#4785,#937,.T.);
#6259=EDGE_CURVE('831',#4784,#4780,#941,.T.);
#6263=EDGE_CURVE('873',#4824,#4825,#945,.T.);
#6265=EDGE_CURVE('876',#4829,#4825,#949,.T.);
#6267=EDGE_CURVE('874',#4828,#4829,#953,.T.);
#6269=EDGE_CURVE('875',#4828,#4824,#957,.T.);
#6273=EDGE_CURVE('917',#4868,#4869,#961,.T.);
#6275=EDGE_CURVE('920',#4873,#4869,#965,.T.);
#6277=EDGE_CURVE('918',#4872,#4873,#969,.T.);
#6279=EDGE_CURVE('919',#4872,#4868,#973,.T.);
#6283=EDGE_CURVE('961',#4912,#4913,#977,.T.);
#6285=EDGE_CURVE('964',#4917,#4913,#981,.T.);
#6287=EDGE_CURVE('962',#4916,#4917,#985,.T.);
#6289=EDGE_CURVE('963',#4916,#4912,#989,.T.);
#6293=EDGE_CURVE('1005',#4956,#4957,#993,.T.);
#6295=EDGE_CURVE('1008',#4961,#4957,#997,.T.);
#6297=EDGE_CURVE('1006',#4960,#4961,#1001,.T.);
#6299=EDGE_CURVE('1007',#4960,#4956,#1005,.T.);
#6323=EDGE_CURVE('386',#4274,#4275,#1039,.T.);
#6338=EDGE_CURVE('394',#4169,#4269,#1047,.T.);
#6340=EDGE_CURVE('316',#4167,#4169,#1051,.T.);
#6342=EDGE_CURVE('315',#4165,#4167,#1055,.T.);
#6344=EDGE_CURVE('314',#4164,#4165,#1059,.T.);
#6360=EDGE_CURVE('322',#4177,#4169,#1079,.T.);
#6372=EDGE_CURVE('325',#4175,#4167,#1083,.T.);
#6385=EDGE_CURVE('324',#4173,#4165,#1087,.T.);
#6409=EDGE_CURVE('457',#4362,#4363,#1115,.T.);
#6435=EDGE_CURVE('622',#4560,#4541,#1123,.T.);
#6437=EDGE_CURVE('605',#4541,#4543,#1127,.T.);
#6439=EDGE_CURVE('624',#4561,#4543,#1143,.T.);
#6450=EDGE_CURVE('626',#4564,#4532,#1139,.T.);
#6452=EDGE_CURVE('597',#4532,#4541,#1131,.T.);
#6464=EDGE_CURVE('628',#4565,#4536,#1151,.T.);
#6466=EDGE_CURVE('607',#4532,#4536,#1135,.T.);
#6479=EDGE_CURVE('599',#4536,#4543,#1147,.T.);
#6490=EDGE_CURVE('586',#4536,#4537,#1159,.T.);
#6493=EDGE_CURVE('590',#4539,#4543,#1227,.T.);
#6495=EDGE_CURVE('588',#4537,#4539,#1215,.T.);
#6505=EDGE_CURVE('585',#4532,#4533,#1155,.T.);
#6509=EDGE_CURVE('601',#4533,#4537,#1189,.T.);
#6520=EDGE_CURVE('587',#4538,#4533,#1185,.T.);
#6522=EDGE_CURVE('589',#4538,#4541,#1219,.T.);
#6536=EDGE_CURVE('602',#4538,#4539,#1223,.T.);
#6559=EDGE_CURVE('666',#4604,#4585,#1231,.T.);
#6561=EDGE_CURVE('649',#4585,#4587,#1235,.T.);
#6563=EDGE_CURVE('668',#4605,#4587,#1251,.T.);
#6574=EDGE_CURVE('670',#4608,#4576,#1247,.T.);
#6576=EDGE_CURVE('641',#4576,#4585,#1239,.T.);
#6588=EDGE_CURVE('672',#4609,#4580,#1259,.T.);
#6590=EDGE_CURVE('651',#4576,#4580,#1243,.T.);
#6603=EDGE_CURVE('643',#4580,#4587,#1255,.T.);
#6614=EDGE_CURVE('630',#4580,#4581,#1267,.T.);
#6617=EDGE_CURVE('634',#4583,#4587,#1335,.T.);
#6619=EDGE_CURVE('632',#4581,#4583,#1323,.T.);
#6629=EDGE_CURVE('629',#4576,#4577,#1263,.T.);
#6633=EDGE_CURVE('645',#4577,#4581,#1297,.T.);
#6644=EDGE_CURVE('631',#4582,#4577,#1293,.T.);
#6646=EDGE_CURVE('633',#4582,#4585,#1327,.T.);
#6660=EDGE_CURVE('646',#4582,#4583,#1331,.T.);
#6683=EDGE_CURVE('710',#4648,#4629,#1339,.T.);
#6685=EDGE_CURVE('693',#4629,#4631,#1343,.T.);
#6687=EDGE_CURVE('712',#4649,#4631,#1359,.T.);
#6698=EDGE_CURVE('714',#4652,#4620,#1355,.T.);
#6700=EDGE_CURVE('685',#4620,#4629,#1347,.T.);
#6712=EDGE_CURVE('716',#4653,#4624,#1367,.T.);
#6714=EDGE_CURVE('695',#4620,#4624,#1351,.T.);
#6727=EDGE_CURVE('687',#4624,#4631,#1363,.T.);
#6738=EDGE_CURVE('674',#4624,#4625,#1375,.T.);
#6741=EDGE_CURVE('678',#4627,#4631,#1443,.T.);
#6743=EDGE_CURVE('676',#4625,#4627,#1431,.T.);
#6753=EDGE_CURVE('673',#4620,#4621,#1371,.T.);
#6757=EDGE_CURVE('689',#4621,#4625,#1405,.T.);
#6768=EDGE_CURVE('675',#4626,#4621,#1401,.T.);
#6770=EDGE_CURVE('677',#4626,#4629,#1435,.T.);
#6784=EDGE_CURVE('690',#4626,#4627,#1439,.T.);
#6807=EDGE_CURVE('754',#4692,#4673,#1447,.T.);
#6809=EDGE_CURVE('737',#4673,#4675,#1451,.T.);
#6811=EDGE_CURVE('756',#4693,#4675,#1467,.T.);
#6822=EDGE_CURVE('758',#4696,#4664,#1463,.T.);
#6824=EDGE_CURVE('729',#4664,#4673,#1455,.T.);
#6836=EDGE_CURVE('760',#4697,#4668,#1475,.T.);
#6838=EDGE_CURVE('739',#4664,#4668,#1459,.T.);
#6851=EDGE_CURVE('731',#4668,#4675,#1471,.T.);
#6862=EDGE_CURVE('718',#4668,#4669,#1483,.T.);
#6865=EDGE_CURVE('722',#4671,#4675,#1551,.T.);
#6867=EDGE_CURVE('720',#4669,#4671,#1539,.T.);
#6877=EDGE_CURVE('717',#4664,#4665,#1479,.T.);
#6881=EDGE_CURVE('733',#4665,#4669,#1513,.T.);
#6892=EDGE_CURVE('719',#4670,#4665,#1509,.T.);
#6894=EDGE_CURVE('721',#4670,#4673,#1543,.T.);
#6908=EDGE_CURVE('734',#4670,#4671,#1547,.T.);
#6931=EDGE_CURVE('798',#4736,#4717,#1555,.T.);
#6933=EDGE_CURVE('781',#4717,#4719,#1559,.T.);
#6935=EDGE_CURVE('800',#4737,#4719,#1575,.T.);
#6946=EDGE_CURVE('802',#4740,#4708,#1571,.T.);
#6948=EDGE_CURVE('773',#4708,#4717,#1563,.T.);
#6960=EDGE_CURVE('804',#4741,#4712,#1583,.T.);
#6962=EDGE_CURVE('783',#4708,#4712,#1567,.T.);
#6975=EDGE_CURVE('775',#4712,#4719,#1579,.T.);
#6986=EDGE_CURVE('762',#4712,#4713,#1591,.T.);
#6989=EDGE_CURVE('766',#4715,#4719,#1659,.T.);
#6991=EDGE_CURVE('764',#4713,#4715,#1647,.T.);
#7001=EDGE_CURVE('761',#4708,#4709,#1587,.T.);
#7005=EDGE_CURVE('777',#4709,#4713,#1621,.T.);
#7016=EDGE_CURVE('763',#4714,#4709,#1617,.T.);
#7018=EDGE_CURVE('765',#4714,#4717,#1651,.T.);
#7032=EDGE_CURVE('778',#4714,#4715,#1655,.T.);
#7055=EDGE_CURVE('842',#4780,#4761,#1663,.T.);
#7057=EDGE_CURVE('825',#4761,#4763,#1667,.T.);
#7059=EDGE_CURVE('844',#4781,#4763,#1683,.T.);
#7070=EDGE_CURVE('846',#4784,#4752,#1679,.T.);
#7072=EDGE_CURVE('817',#4752,#4761,#1671,.T.);
#7084=EDGE_CURVE('848',#4785,#4756,#1691,.T.);
#7086=EDGE_CURVE('827',#4752,#4756,#1675,.T.);
#7099=EDGE_CURVE('819',#4756,#4763,#1687,.T.);
#7110=EDGE_CURVE('806',#4756,#4757,#1699,.T.);
#7113=EDGE_CURVE('810',#4759,#4763,#1767,.T.);
#7115=EDGE_CURVE('808',#4757,#4759,#1755,.T.);
#7125=EDGE_CURVE('805',#4752,#4753,#1695,.T.);
#7129=EDGE_CURVE('821',#4753,#4757,#1729,.T.);
#7140=EDGE_CURVE('807',#4758,#4753,#1725,.T.);
#7142=EDGE_CURVE('809',#4758,#4761,#1759,.T.);
#7156=EDGE_CURVE('822',#4758,#4759,#1763,.T.);
#7179=EDGE_CURVE('886',#4824,#4805,#1771,.T.);
#7181=EDGE_CURVE('869',#4805,#4807,#1775,.T.);
#7183=EDGE_CURVE('888',#4825,#4807,#1791,.T.);
#7194=EDGE_CURVE('890',#4828,#4796,#1787,.T.);
#7196=EDGE_CURVE('861',#4796,#4805,#1779,.T.);
#7208=EDGE_CURVE('892',#4829,#4800,#1799,.T.);
#7210=EDGE_CURVE('871',#4796,#4800,#1783,.T.);
#7223=EDGE_CURVE('863',#4800,#4807,#1795,.T.);
#7234=EDGE_CURVE('850',#4800,#4801,#1807,.T.);
#7237=EDGE_CURVE('854',#4803,#4807,#1875,.T.);
#7239=EDGE_CURVE('852',#4801,#4803,#1863,.T.);
#7249=EDGE_CURVE('849',#4796,#4797,#1803,.T.);
#7253=EDGE_CURVE('865',#4797,#4801,#1837,.T.);
#7264=EDGE_CURVE('851',#4802,#4797,#1833,.T.);
#7266=EDGE_CURVE('853',#4802,#4805,#1867,.T.);
#7280=EDGE_CURVE('866',#4802,#4803,#1871,.T.);
#7303=EDGE_CURVE('930',#4868,#4849,#1879,.T.);
#7305=EDGE_CURVE('913',#4849,#4851,#1883,.T.);
#7307=EDGE_CURVE('932',#4869,#4851,#1899,.T.);
#7318=EDGE_CURVE('934',#4872,#4840,#1895,.T.);
#7320=EDGE_CURVE('905',#4840,#4849,#1887,.T.);
#7332=EDGE_CURVE('936',#4873,#4844,#1907,.T.);
#7334=EDGE_CURVE('915',#4840,#4844,#1891,.T.);
#7347=EDGE_CURVE('907',#4844,#4851,#1903,.T.);
#7358=EDGE_CURVE('894',#4844,#4845,#1915,.T.);
#7361=EDGE_CURVE('898',#4847,#4851,#1983,.T.);
#7363=EDGE_CURVE('896',#4845,#4847,#1971,.T.);
#7373=EDGE_CURVE('893',#4840,#4841,#1911,.T.);
#7377=EDGE_CURVE('909',#4841,#4845,#1945,.T.);
#7388=EDGE_CURVE('895',#4846,#4841,#1941,.T.);
#7390=EDGE_CURVE('897',#4846,#4849,#1975,.T.);
#7404=EDGE_CURVE('910',#4846,#4847,#1979,.T.);
#7427=EDGE_CURVE('974',#4912,#4893,#1987,.T.);
#7429=EDGE_CURVE('957',#4893,#4895,#1991,.T.);
#7431=EDGE_CURVE('976',#4913,#4895,#2007,.T.);
#7442=EDGE_CURVE('978',#4916,#4884,#2003,.T.);
#7444=EDGE_CURVE('949',#4884,#4893,#1995,.T.);
#7456=EDGE_CURVE('980',#4917,#4888,#2015,.T.);
#7458=EDGE_CURVE('959',#4884,#4888,#1999,.T.);
#7471=EDGE_CURVE('951',#4888,#4895,#2011,.T.);
#7482=EDGE_CURVE('938',#4888,#4889,#2023,.T.);
#7485=EDGE_CURVE('942',#4891,#4895,#2091,.T.);
#7487=EDGE_CURVE('940',#4889,#4891,#2079,.T.);
#7497=EDGE_CURVE('937',#4884,#4885,#2019,.T.);
#7501=EDGE_CURVE('953',#4885,#4889,#2053,.T.);
#7512=EDGE_CURVE('939',#4890,#4885,#2049,.T.);
#7514=EDGE_CURVE('941',#4890,#4893,#2083,.T.);
#7528=EDGE_CURVE('954',#4890,#4891,#2087,.T.);
#7551=EDGE_CURVE('1018',#4956,#4937,#2095,.T.);
#7553=EDGE_CURVE('1001',#4937,#4939,#2099,.T.);
#7555=EDGE_CURVE('1020',#4957,#4939,#2115,.T.);
#7566=EDGE_CURVE('1022',#4960,#4928,#2111,.T.);
#7568=EDGE_CURVE('993',#4928,#4937,#2103,.T.);
#7580=EDGE_CURVE('1024',#4961,#4932,#2123,.T.);
#7582=EDGE_CURVE('1003',#4928,#4932,#2107,.T.);
#7595=EDGE_CURVE('995',#4932,#4939,#2119,.T.);
#7606=EDGE_CURVE('982',#4932,#4933,#2131,.T.);
#7609=EDGE_CURVE('986',#4935,#4939,#2199,.T.);
#7611=EDGE_CURVE('984',#4933,#4935,#2187,.T.);
#7621=EDGE_CURVE('981',#4928,#4929,#2127,.T.);
#7625=EDGE_CURVE('997',#4929,#4933,#2161,.T.);
#7636=EDGE_CURVE('983',#4934,#4929,#2157,.T.);
#7638=EDGE_CURVE('985',#4934,#4937,#2191,.T.);
#7652=EDGE_CURVE('998',#4934,#4935,#2195,.T.);
#7689=EDGE_CURVE('436',#4312,#4329,#2211,.T.);
#7703=EDGE_CURVE('437',#4313,#4331,#2215,.T.);
#7762=EDGE_CURVE('613',#4568,#4569,#2243,.T.);
#7764=EDGE_CURVE('617',#4386,#4568,#2255,.T.);
#7767=EDGE_CURVE('618',#4387,#4569,#2271,.T.);
#7778=EDGE_CURVE('621',#4550,#4569,#2283,.T.);
#7780=EDGE_CURVE('598',#4557,#4550,#2275,.T.);
#7782=EDGE_CURVE('625',#4557,#4568,#2339,.T.);
#7792=EDGE_CURVE('614',#4569,#4571,#2287,.T.);
#7794=EDGE_CURVE('623',#4546,#4571,#2335,.T.);
#7796=EDGE_CURVE('606',#4550,#4546,#2279,.T.);
#7810=EDGE_CURVE('619',#4389,#4571,#2303,.T.);
#7820=EDGE_CURVE('615',#4571,#4573,#2307,.T.);
#7824=EDGE_CURVE('620',#4391,#4573,#2323,.T.);
#7835=EDGE_CURVE('627',#4555,#4573,#2327,.T.);
#7837=EDGE_CURVE('600',#4555,#4546,#2331,.T.);
#7848=EDGE_CURVE('616',#4573,#4568,#2347,.T.);
#7851=EDGE_CURVE('608',#4557,#4555,#2343,.T.);
#7874=EDGE_CURVE('595',#4552,#4555,#2355,.T.);
#7877=EDGE_CURVE('596',#4553,#4557,#2359,.T.);
#7879=EDGE_CURVE('604',#4553,#4552,#2363,.T.);
#7889=EDGE_CURVE('591',#4546,#4547,#2367,.T.);
#7893=EDGE_CURVE('593',#4547,#4552,#2397,.T.);
#7904=EDGE_CURVE('603',#4551,#4547,#2427,.T.);
#7906=EDGE_CURVE('592',#4550,#4551,#2371,.T.);
#7919=EDGE_CURVE('594',#4553,#4551,#2423,.T.);
#7942=EDGE_CURVE('833',#4788,#4789,#2431,.T.);
#7944=EDGE_CURVE('837',#4394,#4788,#2443,.T.);
#7947=EDGE_CURVE('838',#4395,#4789,#2459,.T.);
#7958=EDGE_CURVE('845',#4777,#4789,#2463,.T.);
#7960=EDGE_CURVE('828',#4777,#4775,#2467,.T.);
#7962=EDGE_CURVE('847',#4775,#4788,#2523,.T.);
#7972=EDGE_CURVE('834',#4789,#4791,#2475,.T.);
#7974=EDGE_CURVE('841',#4770,#4791,#2519,.T.);
#7976=EDGE_CURVE('818',#4777,#4770,#2471,.T.);
#7990=EDGE_CURVE('839',#4397,#4791,#2491,.T.);
#8000=EDGE_CURVE('835',#4791,#4793,#2495,.T.);
#8004=EDGE_CURVE('840',#4399,#4793,#2511,.T.);
#8015=EDGE_CURVE('843',#4766,#4793,#2531,.T.);
#8017=EDGE_CURVE('826',#4770,#4766,#2515,.T.);
#8028=EDGE_CURVE('836',#4793,#4788,#2535,.T.);
#8031=EDGE_CURVE('820',#4775,#4766,#2527,.T.);
#8054=EDGE_CURVE('811',#4766,#4767,#2543,.T.);
#8057=EDGE_CURVE('815',#4772,#4775,#2607,.T.);
#8059=EDGE_CURVE('813',#4767,#4772,#2573,.T.);
#8070=EDGE_CURVE('823',#4771,#4767,#2603,.T.);
#8072=EDGE_CURVE('812',#4770,#4771,#2547,.T.);
#8084=EDGE_CURVE('824',#4773,#4772,#2615,.T.);
#8086=EDGE_CURVE('814',#4773,#4771,#2599,.T.);
#8099=EDGE_CURVE('816',#4773,#4777,#2611,.T.);
#8122=EDGE_CURVE('657',#4612,#4613,#2619,.T.);
#8124=EDGE_CURVE('661',#4402,#4612,#2631,.T.);
#8127=EDGE_CURVE('662',#4403,#4613,#2647,.T.);
#8138=EDGE_CURVE('665',#4594,#4613,#2659,.T.);
#8140=EDGE_CURVE('642',#4601,#4594,#2651,.T.);
#8142=EDGE_CURVE('669',#4601,#4612,#2715,.T.);
#8152=EDGE_CURVE('658',#4613,#4615,#2663,.T.);
#8154=EDGE_CURVE('667',#4590,#4615,#2711,.T.);
#8156=EDGE_CURVE('650',#4594,#4590,#2655,.T.);
#8170=EDGE_CURVE('663',#4405,#4615,#2679,.T.);
#8180=EDGE_CURVE('659',#4615,#4617,#2683,.T.);
#8184=EDGE_CURVE('664',#4407,#4617,#2699,.T.);
#8195=EDGE_CURVE('671',#4599,#4617,#2703,.T.);
#8197=EDGE_CURVE('644',#4599,#4590,#2707,.T.);
#8208=EDGE_CURVE('660',#4617,#4612,#2723,.T.);
#8211=EDGE_CURVE('652',#4601,#4599,#2719,.T.);
#8234=EDGE_CURVE('639',#4596,#4599,#2731,.T.);
#8237=EDGE_CURVE('640',#4597,#4601,#2735,.T.);
#8239=EDGE_CURVE('648',#4597,#4596,#2739,.T.);
#8249=EDGE_CURVE('635',#4590,#4591,#2743,.T.);
#8253=EDGE_CURVE('637',#4591,#4596,#2773,.T.);
#8264=EDGE_CURVE('647',#4595,#4591,#2803,.T.);
#8266=EDGE_CURVE('636',#4594,#4595,#2747,.T.);
#8279=EDGE_CURVE('638',#4597,#4595,#2799,.T.);
#8302=EDGE_CURVE('877',#4832,#4833,#2807,.T.);
#8304=EDGE_CURVE('881',#4410,#4832,#2819,.T.);
#8307=EDGE_CURVE('882',#4411,#4833,#2835,.T.);
#8318=EDGE_CURVE('889',#4821,#4833,#2839,.T.);
#8320=EDGE_CURVE('872',#4821,#4819,#2843,.T.);
#8322=EDGE_CURVE('891',#4819,#4832,#2899,.T.);
#8332=EDGE_CURVE('878',#4833,#4835,#2851,.T.);
#8334=EDGE_CURVE('885',#4814,#4835,#2895,.T.);
#8336=EDGE_CURVE('862',#4821,#4814,#2847,.T.);
#8350=EDGE_CURVE('883',#4413,#4835,#2867,.T.);
#8360=EDGE_CURVE('879',#4835,#4837,#2871,.T.);
#8364=EDGE_CURVE('884',#4415,#4837,#2887,.T.);
#8375=EDGE_CURVE('887',#4810,#4837,#2907,.T.);
#8377=EDGE_CURVE('870',#4814,#4810,#2891,.T.);
#8388=EDGE_CURVE('880',#4837,#4832,#2911,.T.);
#8391=EDGE_CURVE('864',#4819,#4810,#2903,.T.);
#8414=EDGE_CURVE('855',#4810,#4811,#2919,.T.);
#8417=EDGE_CURVE('859',#4816,#4819,#2983,.T.);
#8419=EDGE_CURVE('857',#4811,#4816,#2949,.T.);
#8430=EDGE_CURVE('867',#4815,#4811,#2979,.T.);
#8432=EDGE_CURVE('856',#4814,#4815,#2923,.T.);
#8444=EDGE_CURVE('868',#4817,#4816,#2991,.T.);
#8446=EDGE_CURVE('858',#4817,#4815,#2975,.T.);
#8459=EDGE_CURVE('860',#4817,#4821,#2987,.T.);
#8482=EDGE_CURVE('701',#4656,#4657,#2995,.T.);
#8484=EDGE_CURVE('705',#4418,#4656,#3007,.T.);
#8487=EDGE_CURVE('706',#4419,#4657,#3023,.T.);
#8498=EDGE_CURVE('709',#4638,#4657,#3035,.T.);
#8500=EDGE_CURVE('686',#4645,#4638,#3027,.T.);
#8502=EDGE_CURVE('713',#4645,#4656,#3091,.T.);
#8512=EDGE_CURVE('702',#4657,#4659,#3039,.T.);
#8514=EDGE_CURVE('711',#4634,#4659,#3087,.T.);
#8516=EDGE_CURVE('694',#4638,#4634,#3031,.T.);
#8530=EDGE_CURVE('707',#4421,#4659,#3055,.T.);
#8540=EDGE_CURVE('703',#4659,#4661,#3059,.T.);
#8544=EDGE_CURVE('708',#4423,#4661,#3075,.T.);
#8555=EDGE_CURVE('715',#4643,#4661,#3079,.T.);
#8557=EDGE_CURVE('688',#4643,#4634,#3083,.T.);
#8568=EDGE_CURVE('704',#4661,#4656,#3099,.T.);
#8571=EDGE_CURVE('696',#4645,#4643,#3095,.T.);
#8594=EDGE_CURVE('683',#4640,#4643,#3107,.T.);
#8597=EDGE_CURVE('684',#4641,#4645,#3111,.T.);
#8599=EDGE_CURVE('692',#4641,#4640,#3115,.T.);
#8609=EDGE_CURVE('679',#4634,#4635,#3119,.T.);
#8613=EDGE_CURVE('681',#4635,#4640,#3149,.T.);
#8624=EDGE_CURVE('691',#4639,#4635,#3179,.T.);
#8626=EDGE_CURVE('680',#4638,#4639,#3123,.T.);
#8639=EDGE_CURVE('682',#4641,#4639,#3175,.T.);
#8662=EDGE_CURVE('921',#4876,#4877,#3183,.T.);
#8664=EDGE_CURVE('925',#4426,#4876,#3195,.T.);
#8667=EDGE_CURVE('926',#4427,#4877,#3211,.T.);
#8678=EDGE_CURVE('933',#4865,#4877,#3215,.T.);
#8680=EDGE_CURVE('916',#4865,#4863,#3219,.T.);
#8682=EDGE_CURVE('935',#4863,#4876,#3275,.T.);
#8692=EDGE_CURVE('922',#4877,#4879,#3227,.T.);
#8694=EDGE_CURVE('929',#4858,#4879,#3271,.T.);
#8696=EDGE_CURVE('906',#4865,#4858,#3223,.T.);
#8710=EDGE_CURVE('927',#4429,#4879,#3243,.T.);
#8720=EDGE_CURVE('923',#4879,#4881,#3247,.T.);
#8724=EDGE_CURVE('928',#4431,#4881,#3263,.T.);
#8735=EDGE_CURVE('931',#4854,#4881,#3283,.T.);
#8737=EDGE_CURVE('914',#4858,#4854,#3267,.T.);
#8748=EDGE_CURVE('924',#4881,#4876,#3287,.T.);
#8751=EDGE_CURVE('908',#4863,#4854,#3279,.T.);
#8774=EDGE_CURVE('899',#4854,#4855,#3295,.T.);
#8777=EDGE_CURVE('903',#4860,#4863,#3359,.T.);
#8779=EDGE_CURVE('901',#4855,#4860,#3325,.T.);
#8790=EDGE_CURVE('911',#4859,#4855,#3355,.T.);
#8792=EDGE_CURVE('900',#4858,#4859,#3299,.T.);
#8804=EDGE_CURVE('912',#4861,#4860,#3367,.T.);
#8806=EDGE_CURVE('902',#4861,#4859,#3351,.T.);
#8819=EDGE_CURVE('904',#4861,#4865,#3363,.T.);
#8842=EDGE_CURVE('745',#4700,#4701,#3371,.T.);
#8844=EDGE_CURVE('749',#4434,#4700,#3383,.T.);
#8847=EDGE_CURVE('750',#4435,#4701,#3399,.T.);
#8858=EDGE_CURVE('753',#4682,#4701,#3411,.T.);
#8860=EDGE_CURVE('730',#4689,#4682,#3403,.T.);
#8862=EDGE_CURVE('757',#4689,#4700,#3467,.T.);
#8872=EDGE_CURVE('746',#4701,#4703,#3415,.T.);
#8874=EDGE_CURVE('755',#4678,#4703,#3463,.T.);
#8876=EDGE_CURVE('738',#4682,#4678,#3407,.T.);
#8890=EDGE_CURVE('751',#4437,#4703,#3431,.T.);
#8900=EDGE_CURVE('747',#4703,#4705,#3435,.T.);
#8904=EDGE_CURVE('752',#4439,#4705,#3451,.T.);
#8915=EDGE_CURVE('759',#4687,#4705,#3455,.T.);
#8917=EDGE_CURVE('732',#4687,#4678,#3459,.T.);
#8928=EDGE_CURVE('748',#4705,#4700,#3475,.T.);
#8931=EDGE_CURVE('740',#4689,#4687,#3471,.T.);
#8954=EDGE_CURVE('727',#4684,#4687,#3483,.T.);
#8957=EDGE_CURVE('728',#4685,#4689,#3487,.T.);
#8959=EDGE_CURVE('736',#4685,#4684,#3491,.T.);
#8969=EDGE_CURVE('723',#4678,#4679,#3495,.T.);
#8973=EDGE_CURVE('725',#4679,#4684,#3525,.T.);
#8984=EDGE_CURVE('735',#4683,#4679,#3555,.T.);
#8986=EDGE_CURVE('724',#4682,#4683,#3499,.T.);
#8999=EDGE_CURVE('726',#4685,#4683,#3551,.T.);
#9022=EDGE_CURVE('965',#4920,#4921,#3559,.T.);
#9024=EDGE_CURVE('969',#4442,#4920,#3571,.T.);
#9027=EDGE_CURVE('970',#4443,#4921,#3587,.T.);
#9038=EDGE_CURVE('977',#4909,#4921,#3591,.T.);
#9040=EDGE_CURVE('960',#4909,#4907,#3595,.T.);
#9042=EDGE_CURVE('979',#4907,#4920,#3651,.T.);
#9052=EDGE_CURVE('966',#4921,#4923,#3603,.T.);
#9054=EDGE_CURVE('973',#4902,#4923,#3647,.T.);
#9056=EDGE_CURVE('950',#4909,#4902,#3599,.T.);
#9070=EDGE_CURVE('971',#4445,#4923,#3619,.T.);
#9080=EDGE_CURVE('967',#4923,#4925,#3623,.T.);
#9084=EDGE_CURVE('972',#4447,#4925,#3639,.T.);
#9095=EDGE_CURVE('975',#4898,#4925,#3659,.T.);
#9097=EDGE_CURVE('958',#4902,#4898,#3643,.T.);
#9108=EDGE_CURVE('968',#4925,#4920,#3663,.T.);
#9111=EDGE_CURVE('952',#4907,#4898,#3655,.T.);
#9134=EDGE_CURVE('943',#4898,#4899,#3671,.T.);
#9137=EDGE_CURVE('947',#4904,#4907,#3735,.T.);
#9139=EDGE_CURVE('945',#4899,#4904,#3701,.T.);
#9150=EDGE_CURVE('955',#4903,#4899,#3731,.T.);
#9152=EDGE_CURVE('944',#4902,#4903,#3675,.T.);
#9164=EDGE_CURVE('956',#4905,#4904,#3743,.T.);
#9166=EDGE_CURVE('946',#4905,#4903,#3727,.T.);
#9179=EDGE_CURVE('948',#4905,#4909,#3739,.T.);
#9202=EDGE_CURVE('789',#4744,#4745,#3747,.T.);
#9204=EDGE_CURVE('793',#4450,#4744,#3759,.T.);
#9207=EDGE_CURVE('794',#4451,#4745,#3775,.T.);
#9218=EDGE_CURVE('797',#4726,#4745,#3787,.T.);
#9220=EDGE_CURVE('774',#4733,#4726,#3779,.T.);
#9222=EDGE_CURVE('801',#4733,#4744,#3843,.T.);
#9232=EDGE_CURVE('790',#4745,#4747,#3791,.T.);
#9234=EDGE_CURVE('799',#4722,#4747,#3839,.T.);
#9236=EDGE_CURVE('782',#4726,#4722,#3783,.T.);
#9250=EDGE_CURVE('795',#4453,#4747,#3807,.T.);
#9260=EDGE_CURVE('791',#4747,#4749,#3811,.T.);
#9264=EDGE_CURVE('796',#4455,#4749,#3827,.T.);
#9275=EDGE_CURVE('803',#4731,#4749,#3831,.T.);
#9277=EDGE_CURVE('776',#4731,#4722,#3835,.T.);
#9288=EDGE_CURVE('792',#4749,#4744,#3851,.T.);
#9291=EDGE_CURVE('784',#4733,#4731,#3847,.T.);
#9314=EDGE_CURVE('771',#4728,#4731,#3859,.T.);
#9317=EDGE_CURVE('772',#4729,#4733,#3863,.T.);
#9319=EDGE_CURVE('780',#4729,#4728,#3867,.T.);
#9329=EDGE_CURVE('767',#4722,#4723,#3871,.T.);
#9333=EDGE_CURVE('769',#4723,#4728,#3901,.T.);
#9344=EDGE_CURVE('779',#4727,#4723,#3931,.T.);
#9346=EDGE_CURVE('768',#4726,#4727,#3875,.T.);
#9359=EDGE_CURVE('770',#4729,#4727,#3927,.T.);
#9382=EDGE_CURVE('1009',#4964,#4965,#3935,.T.);
#9384=EDGE_CURVE('1013',#4458,#4964,#3947,.T.);
#9387=EDGE_CURVE('1014',#4459,#4965,#3963,.T.);
#9398=EDGE_CURVE('1021',#4953,#4965,#3967,.T.);
#9400=EDGE_CURVE('1004',#4953,#4951,#3971,.T.);
#9402=EDGE_CURVE('1023',#4951,#4964,#4027,.T.);
#9412=EDGE_CURVE('1010',#4965,#4967,#3979,.T.);
#9414=EDGE_CURVE('1017',#4946,#4967,#4023,.T.);
#9416=EDGE_CURVE('994',#4953,#4946,#3975,.T.);
#9430=EDGE_CURVE('1015',#4461,#4967,#3995,.T.);
#9440=EDGE_CURVE('1011',#4967,#4969,#3999,.T.);
#9444=EDGE_CURVE('1016',#4463,#4969,#4015,.T.);
#9455=EDGE_CURVE('1019',#4942,#4969,#4035,.T.);
#9457=EDGE_CURVE('1002',#4946,#4942,#4019,.T.);
#9468=EDGE_CURVE('1012',#4969,#4964,#4039,.T.);
#9471=EDGE_CURVE('996',#4951,#4942,#4031,.T.);
#9494=EDGE_CURVE('987',#4942,#4943,#4047,.T.);
#9497=EDGE_CURVE('991',#4948,#4951,#4111,.T.);
#9499=EDGE_CURVE('989',#4943,#4948,#4077,.T.);
#9510=EDGE_CURVE('999',#4947,#4943,#4107,.T.);
#9512=EDGE_CURVE('988',#4946,#4947,#4051,.T.);
#9524=EDGE_CURVE('1000',#4949,#4948,#4119,.T.);
#9526=EDGE_CURVE('990',#4949,#4947,#4103,.T.);
#9539=EDGE_CURVE('992',#4949,#4953,#4115,.T.);
#9563=EDGE_CURVE('582',#4526,#4529,#4129,.T.);
#9565=EDGE_CURVE('583',#4527,#4529,#4124,.T.);
#9591=ADVANCED_BREP_SHAPE_REPRESENTATION('',(#9582),#9590);
#9598=PRODUCT_DEFINITION('design','',#9597,#9594);
#9599=PRODUCT_DEFINITION_SHAPE('','SHAPE FOR 75869_Y01_SW0001_PRT.',#9598);
#9600=SHAPE_DEFINITION_REPRESENTATION(#9599,#9591);
ENDSEC;
END-ISO-10303-21;
